{
  "菜妮丝": "https://cainisi.cf",
  "友情提醒": "接口完全免费，切勿付费购买。",
  "spider": "./fty0808.jar;md5;43d5af5fc45bbff83ae54e4f3fe703e5",
  "wallpaper": "https://tvbox.cainisi.cf/壁纸",
  "sites": [
    {
      "key": "360影视",
      "name": "360┃官源",
      "type": 3,
      "api": "csp_XBPQ",
      "searchable": 1,
      "quickSearch": 1,
      "filterable": 1,
      "changeable": 1,
      "ext": "./lib/360影视.json"
    },
    {
      "key": "豆瓣",
      "name": "豆瓣┃推荐",
      "type": 3,
      "api": "./lib/drpy2.min.js",
      "searchable": 0,
      "quickSearch": 0,
      "filterable": 1,
      "changeable": 0,
      "ext": "./lib/drpy.js"
    },
    {
      "key": "荐片",
      "name": "荐片┃影视",
      "type": 3,
      "api": "./lib/drpy2.min.js",
      "searchable": 1,
      "quickSearch": 1,
      "filterable": 1,
      "changeable": 1,
      "ext": "./lib/荐片.js"
    },
    {
      "key": "磁力熊",
      "name": "🧲磁力熊",
      "type": 3,
      "api": "./lib/drpy2.min.js",
      "searchable": 1,
      "quickSearch": 1,
      "filterable": 1,
      "changeable": 1,
      "ext": "./lib/磁力熊[磁].js"
    },
    {
      "key": "Mp4电影",
      "name": "🧲Mp4电影",
      "type": 3,
      "api": "csp_Mp4Mov",
      "searchable": 1,
      "quickSearch": 1,
      "filterable": 1,
      "changeable": 1,
      "jar": "./lib/xyq0728.jar;md5;ab7a2bf5947c745657f25c80b337224b"
    },
    {
      "key": "SeedHub",
      "name": "🧲SeedHub",
      "type": 3,
      "api": "csp_SeedHub",
      "searchable": 1,
      "quickSearch": 1,
      "filterable": 1,
      "changeable": 1,
      "jar": "./lib/xyq0728.jar;md5;ab7a2bf5947c745657f25c80b337224b"
    },
    {
      "key": "酷吧电影",
      "name": "🧲酷吧电影",
      "type": 3,
      "api": "csp_KubaCL",
      "searchable": 1,
      "quickSearch": 1,
      "filterable": 1,
      "changeable": 1,
      "jar": "./lib/xyq0728.jar;md5;ab7a2bf5947c745657f25c80b337224b"
    },
    {
      "key": "美剧天堂",
      "name": "🧲美剧天堂",
      "type": 3,
      "api": "csp_MeijuTT",
      "searchable": 1,
      "quickSearch": 1,
      "filterable": 1,
      "changeable": 1,
      "jar": "./lib/xyq0728.jar;md5;ab7a2bf5947c745657f25c80b337224b"
    },
    {
      "key": "美剧迷",
      "name": "🧲美剧迷",
      "type": 3,
      "api": "csp_MeijuMi",
      "searchable": 1,
      "quickSearch": 1,
      "filterable": 1,
      "changeable": 1,
      "jar": "./lib/xyq0728.jar;md5;ab7a2bf5947c745657f25c80b337224b"
    },
    {
      "key": "电影港",
      "name": "🧲电影港",
      "type": 3,
      "api": "csp_XYQHiker",
      "searchable": 1,
      "quickSearch": 1,
      "filterable": 1,
      "changeable": 1,
      "ext": "./lib/电影港磁力.json",
      "jar": "./lib/xyq0728.jar;md5;ab7a2bf5947c745657f25c80b337224b"
    },
    {
      "key": "低端影视",
      "name": "低端┃影视",
      "type": 3,
      "api": "./lib/drpy2.min.js",
      "searchable": 1,
      "quickSearch": 1,
      "filterable": 1,
      "changeable": 1,
      "playerType": 1,
      "ext": "./lib/ddys.js"
    },
    {
      "key": "YQK_spider",
      "name": "一起看┃影视",
      "api": "csp_YQKAPP",
      "type": 3,
      "searchable": 1,
      "quickSearch": 1,
      "filterable": 1,
      "changeable": 1,
      "ext": "https://api-aws.11ty.top"
    },
    {
      "key": "鲲娱七七",
      "name": "七七┃影视",
      "type": 3,
      "api": "./lib/drpy2.min.js",
      "searchable": 1,
      "quickSearch": 1,
      "filterable": 1,
      "changeable": 1,
      "playerType": 1,
      "ext": "./lib/酷云77.js"
    },
    {
      "key": "两个BT",
      "name": "两个BT┃影视",
      "type": 3,
      "api": "./lib/drpy2.min.js",
      "searchable": 1,
      "quickSearch": 1,
      "filterable": 1,
      "changeable": 1,
      "playerType": 1,
      "ext": "./lib/两个BT.js"
    },
    {
      "key": "csp_FanYY",
      "name": "玩偶┃云盘",
      "type": 3,
      "api": "csp_WoGG",
      "searchable": 1,
      "quickSearch": 1,
      "filterable": 1,
      "changeable": 0,
      "ext": "http://127.0.0.1:9978/file/cainisi/token.txt+4k|fhd|auto$$$http://tvfan.xxooo.cf/"
    },
    {
      "key": "明明",
      "name": "明明┃影视",
      "type": 3,
      "api": "csp_AppMr",
      "searchable": 1,
      "quickSearch": 1,
      "filterable": 1,
      "changeable": 1
    },
    {
      "key": "快看影视",
      "name": "快看1┃影视",
      "type": 3,
      "api": "./lib/drpy2.min.js",
      "searchable": 1,
      "quickSearch": 1,
      "filterable": 1,
      "changeable": 1,
      "playerType": 1,
      "ext": "./lib/快看.js"
    },
    {
      "key": "Kuaikan",
      "name": "快看2┃影视",
      "type": 3,
      "api": "csp_Kuaikan",
      "searchable": 1,
      "quickSearch": 1,
      "filterable": 1,
      "changeable": 1
    },
    {
      "key": "LIBVIO影视",
      "name": "LIBVIO┃影视",
      "type": 3,
      "api": "./lib/drpy2.min.js",
      "searchable": 1,
      "quickSearch": 1,
      "filterable": 1,
      "changeable": 1,
      "ext": "./lib/LIBVIO.js"
    },
    {
      "key": "乐猪TV",
      "name": "乐猪┃影视",
      "type": 3,
      "api": "csp_XBPQ",
      "searchable": 1,
      "quickSearch": 1,
      "filterable": 1,
      "changeable": 1,
      "ext": "./lib/乐猪TV.json"
    },
    {
      "key": "饭团影视",
      "name": "饭团┃影视",
      "type": 3,
      "api": "./lib/drpy2.min.js",
      "searchable": 1,
      "quickSearch": 1,
      "filterable": 1,
      "changeable": 1,
      "ext": "./lib/饭团影视.js"
    },
    {
      "key": "Auete影视",
      "name": "Auete┃影视",
      "type": 3,
      "api": "./lib/drpy2.min.js",
      "searchable": 1,
      "quickSearch": 1,
      "filterable": 1,
      "changeable": 1,
      "ext": "./lib/Auete.js"
    },
    {
      "key": "Dm84",
      "name": "动漫┃巴士",
      "type": 3,
      "api": "csp_Dm84",
      "searchable": 1,
      "quickSearch": 1,
      "filterable": 1,
      "changeable": 1
    },
    {
      "key": "csp_Ying",
      "name": "樱花┃动漫",
      "type": 3,
      "api": "csp_Ying",
      "searchable": 1,
      "quickSearch": 1,
      "filterable": 1,
      "changeable": 1
    },
    {
      "key": "csp_Ysj",
      "name": "异界┃动漫",
      "type": 3,
      "api": "csp_Ysj",
      "searchable": 1,
      "quickSearch": 1,
      "filterable": 1,
      "changeable": 1
    },
    {
      "key": "csp_Anime1",
      "name": "日本┃动漫",
      "type": 3,
      "api": "csp_Anime1",
      "searchable": 1,
      "quickSearch": 1,
      "filterable": 1,
      "changeable": 1
    },
    {
      "key": "COKEMV",
      "name": "COKE┃影视",
      "type": 3,
      "api": "./lib/drpy2.min.js",
      "searchable": 1,
      "quickSearch": 1,
      "filterable": 1,
      "changeable": 1,
      "ext": "./lib/cokemv.js"
    },
    {
      "key": "csp_DuoX",
      "name": "多线┃影视",
      "type": 3,
      "api": "csp_DuoX",
      "searchable": 1,
      "quickSearch": 1,
      "filterable": 1,
      "changeable": 1
    },
    {
      "key": "陌陌",
      "name": "陌陌┃影视",
      "type": 3,
      "api": "csp_MmYs",
      "searchable": 1,
      "quickSearch": 1,
      "filterable": 1,
      "changeable": 1
    },
    {
      "key": "厂长资源",
      "name": "厂长┃影视",
      "type": 3,
      "api": "./lib/drpy2.min.js",
      "searchable": 1,
      "quickSearch": 1,
      "filterable": 1,
      "changeable": 1,
      "ext": "./lib/厂长资源.js"
    },
    {
      "key": "探探",
      "name": "探探┃影视",
      "type": 3,
      "api": "csp_YT",
      "searchable": 1,
      "quickSearch": 1,
      "filterable": 1,
      "changeable": 1
    },
    {
      "key": "新视觉影院",
      "name": "新视觉┃影视",
      "type": 3,
      "api": "./lib/drpy2.min.js",
      "searchable": 1,
      "quickSearch": 1,
      "filterable": 1,
      "changeable": 1,
      "ext": "./lib/新视觉影视.js"
    },
    {
      "key": "农民影视",
      "name": "农民┃影视",
      "type": 3,
      "api": "./lib/drpy2.min.js",
      "searchable": 1,
      "quickSearch": 1,
      "filterable": 1,
      "changeable": 1,
      "ext": "./lib/农民影视.js"
    },
    {
      "key": "双十电影",
      "name": "双十┃影视",
      "type": 3,
      "api": "./lib/drpy2.min.js",
      "searchable": 1,
      "quickSearch": 1,
      "filterable": 1,
      "changeable": 1,
      "ext": "./lib/双十电影.js"
    },
    {
      "key": "VOFLIX",
      "name": "VOFLIX┃影视",
      "type": 3,
      "api": "./lib/drpy2.min.js",
      "searchable": 1,
      "quickSearch": 1,
      "filterable": 1,
      "changeable": 1,
      "ext": "./lib/voflix.js"
    },
    {
      "key": "在线之家",
      "name": "在线┃影视",
      "type": 3,
      "api": "csp_Zxzj",
      "searchable": 1,
      "quickSearch": 1,
      "filterable": 1,
      "changeable": 1,
      "ext": "https://www.zxzjhd.com/"
    },
    {
      "key": "555电影",
      "name": "555┃影视",
      "type": 3,
      "api": "./lib/drpy2.min.js",
      "searchable": 1,
      "quickSearch": 1,
      "filterable": 1,
      "changeable": 1,
      "ext": "./lib/555电影[V2].js"
    },
    {
      "key": "零零七影视",
      "name": "零零七┃影视",
      "type": 3,
      "api": "./lib/drpy2.min.js",
      "searchable": 1,
      "quickSearch": 1,
      "filterable": 1,
      "changeable": 1,
      "ext": "./lib/007影视.js"
    },
    {
      "key": "139影视",
      "name": "139┃影视",
      "type": 3,
      "api": "./lib/drpy2.min.js",
      "searchable": 1,
      "quickSearch": 1,
      "filterable": 1,
      "changeable": 1,
      "ext": "./lib/139影视.js"
    },
    {
      "key": "348电影网",
      "name": "348┃影视",
      "type": 3,
      "api": "./lib/drpy2.min.js",
      "searchable": 1,
      "quickSearch": 1,
      "filterable": 1,
      "changeable": 1,
      "ext": "./lib/348电影网.js"
    },
    {
      "key": "4K电影网",
      "name": "4K┃影视",
      "type": 3,
      "api": "./lib/drpy2.min.js",
      "searchable": 1,
      "quickSearch": 1,
      "filterable": 1,
      "changeable": 1,
      "ext": "./lib/4K电影网.js"
    },
    {
      "key": "539影视",
      "name": "539┃影视",
      "type": 3,
      "api": "./lib/drpy2.min.js",
      "searchable": 1,
      "quickSearch": 1,
      "filterable": 1,
      "changeable": 1,
      "ext": "./lib/539影视.js"
    },
    {
      "key": "58动漫网",
      "name": "58┃影视",
      "type": 3,
      "api": "./lib/drpy2.min.js",
      "searchable": 1,
      "quickSearch": 1,
      "filterable": 1,
      "changeable": 1,
      "ext": "./lib/58动漫.js"
    },
    {
      "key": "69美剧",
      "name": "69┃影视",
      "type": 3,
      "api": "./lib/drpy2.min.js",
      "searchable": 1,
      "quickSearch": 1,
      "filterable": 1,
      "changeable": 1,
      "ext": "./lib/69美剧[V2].js"
    },
    {
      "key": "7喜影院",
      "name": "7喜┃影视",
      "type": 3,
      "api": "./lib/drpy2.min.js",
      "searchable": 1,
      "quickSearch": 1,
      "filterable": 1,
      "changeable": 1,
      "ext": "./lib/7喜影院.js"
    },
    {
      "key": "8号影院",
      "name": "8号┃影视",
      "type": 3,
      "api": "./lib/drpy2.min.js",
      "searchable": 1,
      "quickSearch": 1,
      "filterable": 1,
      "changeable": 1,
      "ext": "./lib/8号影院.js"
    },
    {
      "key": "91影院",
      "name": "91┃影视",
      "type": 3,
      "api": "./lib/drpy2.min.js",
      "searchable": 1,
      "quickSearch": 1,
      "filterable": 1,
      "changeable": 1,
      "ext": "./lib/91free.js"
    },
    {
      "key": "9u电影",
      "name": "9u┃影视",
      "type": 3,
      "api": "./lib/drpy2.min.js",
      "searchable": 1,
      "quickSearch": 1,
      "filterable": 1,
      "changeable": 1,
      "ext": "./lib/9U电影.js"
    },
    {
      "key": "AnFuns动漫",
      "name": "AnFuns┃影视",
      "type": 3,
      "api": "./lib/drpy2.min.js",
      "searchable": 1,
      "quickSearch": 1,
      "filterable": 1,
      "changeable": 1,
      "ext": "./lib/AnFuns.js"
    },
    {
      "key": "B站影视",
      "name": "B站┃影视",
      "type": 3,
      "api": "./lib/drpy2.min.js",
      "searchable": 1,
      "quickSearch": 1,
      "filterable": 1,
      "changeable": 1,
      "ext": "./lib/B站影视.js"
    },
    {
      "key": "F7好看剧",
      "name": "F7┃影视",
      "type": 3,
      "api": "./lib/drpy2.min.js",
      "searchable": 1,
      "quickSearch": 1,
      "filterable": 1,
      "changeable": 1,
      "ext": "./lib/F7好看剧[V2].js"
    },
    {
      "key": "HG影视",
      "name": "HG┃影视",
      "type": 3,
      "api": "./lib/drpy2.min.js",
      "searchable": 1,
      "quickSearch": 1,
      "filterable": 1,
      "changeable": 1,
      "ext": "./lib/HG影院[V2].js"
    },
    {
      "key": "Icio影视",
      "name": "Icio┃影视",
      "type": 3,
      "api": "./lib/drpy2.min.js",
      "searchable": 1,
      "quickSearch": 1,
      "filterable": 1,
      "changeable": 1,
      "ext": "./lib/Icio影视.js"
    },
    {
      "key": "OK影院",
      "name": "OK┃影视",
      "type": 3,
      "api": "./lib/drpy2.min.js",
      "searchable": 1,
      "quickSearch": 1,
      "filterable": 1,
      "changeable": 1,
      "ext": "./lib/KOK影院.js"
    },
    {
      "key": "NT动漫",
      "name": "NT┃动漫",
      "type": 3,
      "api": "./lib/drpy2.min.js",
      "searchable": 1,
      "quickSearch": 1,
      "filterable": 1,
      "changeable": 1,
      "ext": "./lib/NT动漫.js"
    },
    {
      "key": "纽约影院",
      "name": "纽约┃影视",
      "type": 3,
      "api": "./lib/drpy2.min.js",
      "searchable": 1,
      "quickSearch": 1,
      "filterable": 1,
      "changeable": 1,
      "ext": "./lib/NY影院.js"
    },
    {
      "key": "NyaFun",
      "name": "NyaFun┃影视",
      "type": 3,
      "api": "./lib/drpy2.min.js",
      "searchable": 1,
      "quickSearch": 1,
      "filterable": 1,
      "changeable": 1,
      "ext": "./lib/NyaFun.js"
    },
    {
      "key": "TVB云播",
      "name": "TVB┃影视",
      "type": 3,
      "api": "./lib/drpy2.min.js",
      "searchable": 1,
      "quickSearch": 1,
      "filterable": 1,
      "changeable": 1,
      "ext": "./lib/TVB云播.js"
    },
    {
      "key": "UM影院",
      "name": "UM┃影视",
      "type": 3,
      "api": "./lib/drpy2.min.js",
      "searchable": 1,
      "quickSearch": 1,
      "filterable": 1,
      "changeable": 1,
      "ext": "./lib/UM电影.js"
    },
    {
      "key": "iKanBot",
      "name": "iKan┃影视",
      "type": 3,
      "api": "./lib/drpy2.min.js",
      "searchable": 1,
      "quickSearch": 1,
      "filterable": 1,
      "changeable": 1,
      "ext": "./lib/ikanbot2.js"
    },
    {
      "key": "101影院",
      "name": "101┃影视",
      "type": 3,
      "api": "./lib/drpy2.min.js",
      "searchable": 1,
      "quickSearch": 1,
      "filterable": 1,
      "changeable": 1,
      "ext": "./lib/l0l.js"
    },
    {
      "key": "七年影视",
      "name": "七年┃影视",
      "type": 3,
      "api": "./lib/drpy2.min.js",
      "searchable": 1,
      "quickSearch": 1,
      "filterable": 1,
      "changeable": 1,
      "ext": "./lib/七年影视.js"
    },
    {
      "key": "万博剧院",
      "name": "万博┃影视",
      "type": 3,
      "api": "./lib/drpy2.min.js",
      "searchable": 1,
      "quickSearch": 1,
      "filterable": 1,
      "changeable": 1,
      "ext": "./lib/万博剧院.js"
    },
    {
      "key": "万能影院",
      "name": "万能┃影视",
      "type": 3,
      "api": "./lib/drpy2.min.js",
      "searchable": 1,
      "quickSearch": 1,
      "filterable": 1,
      "changeable": 1,
      "ext": "./lib/万能影视.js"
    },
    {
      "key": "乐鱼影视",
      "name": "乐鱼┃影视",
      "type": 3,
      "api": "./lib/drpy2.min.js",
      "searchable": 1,
      "quickSearch": 1,
      "filterable": 1,
      "changeable": 1,
      "ext": "./lib/乐鱼影视.js"
    },
    {
      "key": "人人影视",
      "name": "人人┃影视",
      "type": 3,
      "api": "./lib/drpy2.min.js",
      "searchable": 1,
      "quickSearch": 1,
      "filterable": 1,
      "changeable": 1,
      "ext": "./lib/人人影视.js"
    },
    {
      "key": "兄弟影视",
      "name": "兄弟┃影视",
      "type": 3,
      "api": "./lib/drpy2.min.js",
      "searchable": 1,
      "quickSearch": 1,
      "filterable": 1,
      "changeable": 1,
      "ext": "./lib/兄弟影视.js"
    },
    {
      "key": "光棍影院",
      "name": "光棍┃影视",
      "type": 3,
      "api": "./lib/drpy2.min.js",
      "searchable": 1,
      "quickSearch": 1,
      "filterable": 1,
      "changeable": 1,
      "ext": "./lib/光棍影院.js"
    },
    {
      "key": "免费看影视",
      "name": "免费看┃影视",
      "type": 3,
      "api": "./lib/drpy2.min.js",
      "searchable": 1,
      "quickSearch": 1,
      "filterable": 1,
      "changeable": 1,
      "ext": "./lib/免费看.js"
    },
    {
      "key": "八蛋影视",
      "name": "八蛋┃影视",
      "type": 3,
      "api": "./lib/drpy2.min.js",
      "searchable": 1,
      "quickSearch": 1,
      "filterable": 1,
      "changeable": 1,
      "ext": "./lib/八蛋影视.js"
    },
    {
      "key": "六度TV",
      "name": "六度┃影视",
      "type": 3,
      "api": "./lib/drpy2.min.js",
      "searchable": 1,
      "quickSearch": 1,
      "filterable": 1,
      "changeable": 1,
      "ext": "./lib/六度TV.js"
    },
    {
      "key": "兰花影院",
      "name": "兰花┃影视",
      "type": 3,
      "api": "./lib/drpy2.min.js",
      "searchable": 1,
      "quickSearch": 1,
      "filterable": 1,
      "changeable": 1,
      "ext": "./lib/兰花影院.js"
    },
    {
      "key": "凌云影视",
      "name": "凌云┃影视",
      "type": 3,
      "api": "./lib/drpy2.min.js",
      "searchable": 1,
      "quickSearch": 1,
      "filterable": 1,
      "changeable": 1,
      "ext": "./lib/凌云影视.js"
    },
    {
      "key": "创艺影视",
      "name": "创艺┃影视",
      "type": 3,
      "api": "./lib/drpy2.min.js",
      "searchable": 1,
      "quickSearch": 1,
      "filterable": 1,
      "changeable": 1,
      "ext": "./lib/创艺影视.js"
    },
    {
      "key": "Gimy剧迷ai",
      "name": "剧迷ai┃影视",
      "type": 3,
      "api": "./lib/drpy2.min.js",
      "searchable": 1,
      "quickSearch": 1,
      "filterable": 1,
      "changeable": 1,
      "ext": "./lib/剧迷.js"
    },
    {
      "key": "Gimy剧迷su",
      "name": "剧迷su┃影视",
      "type": 3,
      "api": "./lib/drpy2.min.js",
      "searchable": 1,
      "quickSearch": 1,
      "filterable": 1,
      "changeable": 1,
      "ext": "./lib/剧迷su.js"
    },
    {
      "key": "动漫岛",
      "name": "岛┃动漫",
      "type": 3,
      "api": "./lib/drpy2.min.js",
      "searchable": 1,
      "quickSearch": 1,
      "filterable": 1,
      "changeable": 1,
      "ext": "./lib/动漫岛.js"
    },
    {
      "key": "北川影视",
      "name": "北川┃影视",
      "type": 3,
      "api": "./lib/drpy2.min.js",
      "searchable": 1,
      "quickSearch": 1,
      "filterable": 1,
      "changeable": 1,
      "ext": "./lib/北川影视.js"
    },
    {
      "key": "去看吧",
      "name": "去看吧┃影视",
      "type": 3,
      "api": "./lib/drpy2.min.js",
      "searchable": 1,
      "quickSearch": 1,
      "filterable": 1,
      "changeable": 1,
      "ext": "./lib/去看吧.js"
    },
    {
      "key": "咕噜[V2]",
      "name": "咕噜┃影视",
      "type": 3,
      "api": "./lib/drpy2.min.js",
      "searchable": 1,
      "quickSearch": 1,
      "filterable": 1,
      "changeable": 1,
      "ext": "./lib/咕噜[V2].js"
    },
    {
      "key": "嘶哩嘶哩",
      "name": "嘶哩┃动漫",
      "type": 3,
      "api": "./lib/drpy2.min.js",
      "searchable": 1,
      "quickSearch": 1,
      "filterable": 1,
      "changeable": 1,
      "ext": "./lib/嘶哩嘶哩.js"
    },
    {
      "key": "野荷塘",
      "name": "野荷塘┃影视",
      "type": 3,
      "api": "csp_XBPQ",
      "searchable": 1,
      "quickSearch": 1,
      "filterable": 1,
      "changeable": 1,
      "ext": "./lib/野荷塘.json"
    },
    {
      "key": "素白白影视",
      "name": "素白白┃影视",
      "type": 3,
      "api": "csp_XBPQ",
      "searchable": 1,
      "quickSearch": 1,
      "filterable": 1,
      "changeable": 1,
      "ext": "./lib/素白白影视.json"
    },
    {
      "key": "莫扎兔",
      "name": "莫扎兔┃影视",
      "type": 3,
      "api": "csp_XBPQ",
      "searchable": 1,
      "quickSearch": 1,
      "filterable": 1,
      "changeable": 1,
      "ext": "./lib/莫扎兔.json"
    },
    {
      "key": "干饭影视",
      "name": "干饭┃影视",
      "type": 3,
      "api": "csp_XBPQ",
      "searchable": 1,
      "quickSearch": 1,
      "filterable": 1,
      "changeable": 1,
      "ext": "./lib/干饭影视.json"
    },
    {
      "key": "看一看影视",
      "name": "看一看┃影视",
      "type": 3,
      "api": "csp_XBPQ",
      "searchable": 1,
      "quickSearch": 1,
      "filterable": 1,
      "changeable": 1,
      "ext": "./lib/看一看影视.json"
    },
    {
      "key": "奇优影院",
      "name": "奇优┃影视",
      "type": 3,
      "api": "csp_XBPQ",
      "searchable": 1,
      "quickSearch": 1,
      "filterable": 1,
      "changeable": 1,
      "ext": "./lib/奇优影院.json"
    },
    {
      "key": "Vidhub",
      "name": "Vidhub┃影视",
      "type": 3,
      "api": "csp_XBPQ",
      "searchable": 1,
      "quickSearch": 1,
      "filterable": 1,
      "changeable": 1,
      "ext": "./lib/Vidhub.json"
    },
    {
      "key": "冷曦影视",
      "name": "冷曦┃影视",
      "type": 3,
      "api": "csp_XBPQ",
      "searchable": 1,
      "quickSearch": 1,
      "filterable": 1,
      "changeable": 1,
      "ext": "./lib/冷曦影视.json"
    },
    {
      "key": "NikeTV",
      "name": "NikeTV┃影视",
      "type": 3,
      "api": "csp_XBPQ",
      "searchable": 1,
      "quickSearch": 1,
      "filterable": 1,
      "changeable": 1,
      "ext": "./lib/NikeTV.json"
    },
    {
      "key": "APP影院",
      "name": "APP┃影视",
      "type": 3,
      "api": "csp_XBPQ",
      "searchable": 1,
      "quickSearch": 1,
      "filterable": 1,
      "changeable": 1,
      "ext": "./lib/APP影院.json"
    },
    {
      "key": "剧白白",
      "name": "剧白白┃影视",
      "type": 3,
      "api": "csp_XBPQ",
      "searchable": 1,
      "quickSearch": 1,
      "filterable": 1,
      "changeable": 1,
      "ext": "./lib/剧白白.json"
    },
    {
      "key": "52看剧",
      "name": "52┃影视",
      "type": 3,
      "api": "csp_XBPQ",
      "searchable": 1,
      "quickSearch": 1,
      "filterable": 1,
      "changeable": 1,
      "ext": "./lib/52看剧.json"
    },
    {
      "key": "零度影视",
      "name": "零度┃影视",
      "type": 3,
      "api": "csp_XBPQ",
      "searchable": 1,
      "quickSearch": 1,
      "filterable": 1,
      "changeable": 1,
      "ext": "./lib/零度影视.json"
    },
    {
      "key": "csp_Nbys",
      "name": "🛫泥巴┃海外",
      "type": 3,
      "api": "csp_NiNi",
      "searchable": 1,
      "quickSearch": 1,
      "filterable": 1,
      "changeable": 1
    },
    {
      "key": "唐人街影院",
      "name": "🛫唐人街┃海外",
      "type": 3,
      "api": "./lib/drpy2.min.js",
      "searchable": 1,
      "quickSearch": 1,
      "filterable": 1,
      "changeable": 1,
      "ext": "./lib/唐人街影视[飞].js"
    },
    {
      "key": "吼吼",
      "name": "🛫吼吼┃海外",
      "type": 3,
      "api": "./lib/drpy2.min.js",
      "searchable": 1,
      "quickSearch": 1,
      "filterable": 1,
      "changeable": 1,
      "ext": "./lib/吼吼[飞].js"
    },
    {
      "key": "A8音乐",
      "name": "🎵A8┃MV",
      "type": 3,
      "api": "./lib/drpy2.min.js",
      "searchable": 0,
      "quickSearch": 0,
      "filterable": 1,
      "changeable": 0,
      "ext": "./lib/A8音乐.js"
    },
    {
      "key": "DJ哟哟音乐网",
      "name": "🎵DJ哟哟┃音乐",
      "type": 3,
      "api": "./lib/drpy2.min.js",
      "searchable": 0,
      "quickSearch": 0,
      "filterable": 1,
      "changeable": 0,
      "ext": "./lib/DJ音乐.js"
    },
    {
      "key": "Jango",
      "name": "🎵Jango┃音乐",
      "type": 3,
      "api": "./lib/drpy2.min.js",
      "searchable": 0,
      "quickSearch": 0,
      "filterable": 1,
      "changeable": 0,
      "ext": "./lib/JangoIndex.js"
    },
    {
      "key": "MV263",
      "name": "🎵MV263┃MV",
      "type": 3,
      "api": "./lib/drpy2.min.js",
      "searchable": 0,
      "quickSearch": 0,
      "filterable": 1,
      "changeable": 0,
      "ext": "./lib/MV263.js"
    },
    {
      "key": "啦啦DJ音乐网",
      "name": "🎵啦啦DJ┃音乐",
      "type": 3,
      "api": "./lib/drpy2.min.js",
      "searchable": 0,
      "quickSearch": 0,
      "filterable": 1,
      "changeable": 0,
      "ext": "./lib/啦啦DJ.js"
    },
    {
      "key": "短视频",
      "name": "短视频┃聚合",
      "type": 3,
      "api": "csp_XBPQ",
      "searchable": 0,
      "quickSearch": 0,
      "filterable": 1,
      "changeable": 0,
      "ext": "./lib/短视频.json"
    },
    {
      "key": "MV_vod",
      "name": "🎵明星┃MV",
      "type": 1,
      "api": "https://mv.饭太硬.ml/mv/vod",
      "searchable": 0,
      "quickSearch": 0,
      "filterable": 1,
      "changeable": 0
    },
    {
      "key": "酷奇MV",
      "name": "🎵酷奇┃MV",
      "type": 3,
      "api": "csp_XBPQ",
      "searchable": 0,
      "quickSearch": 0,
      "filterable": 1,
      "changeable": 0,
      "ext": "./lib/酷奇MV.json"
    },
    {
      "key": "csp_BBB",
      "name": "🅱哔哩┃合集",
      "type": 3,
      "api": "csp_Bili",
      "searchable": 0,
      "quickSearch": 0,
      "filterable": 1,
      "changeable": 0,
      "ext": "./lib/哔哩哔哩合集.json"
    },
    {
      "key": "csp_戏曲",
      "name": "🅱哔哩┃戏曲",
      "type": 3,
      "api": "csp_Bili",
      "searchable": 0,
      "quickSearch": 0,
      "filterable": 1,
      "changeable": 0,
      "ext": "./lib/哔哩哔哩戏曲.json"
    },
    {
      "key": "演唱会",
      "name": "🅱哔哩┃音乐",
      "type": 3,
      "api": "csp_Bili",
      "searchable": 0,
      "quickSearch": 0,
      "filterable": 1,
      "changeable": 0,
      "ext": "./lib/哔哩哔哩音乐.json"
    },
    {
      "key": "兔小贝",
      "name": "📚儿童┃启蒙",
      "type": 3,
      "api": "./lib/drpy2.min.js",
      "searchable": 0,
      "quickSearch": 0,
      "filterable": 1,
      "changeable": 0,
      "ext": "./lib/兔小贝.js"
    },
    {
      "key": "儿童",
      "name": "📚少儿┃教育",
      "type": 3,
      "api": "csp_Bili",
      "searchable": 0,
      "quickSearch": 0,
      "filterable": 1,
      "changeable": 0,
      "ext": "./lib/哔哩哔哩少儿.json"
    },
    {
      "key": "小学",
      "name": "📚小学┃课堂",
      "type": 3,
      "api": "csp_Bili",
      "searchable": 0,
      "quickSearch": 0,
      "filterable": 1,
      "changeable": 0,
      "ext": "./lib/哔哩哔哩小学.json"
    },
    {
      "key": "初中",
      "name": "📚初中┃课堂",
      "type": 3,
      "api": "csp_Bili",
      "searchable": 0,
      "quickSearch": 0,
      "filterable": 1,
      "changeable": 0,
      "ext": "./lib/哔哩哔哩初中.json"
    },
    {
      "key": "高中",
      "name": "📚高中┃课堂",
      "type": 3,
      "api": "csp_Bili",
      "searchable": 0,
      "quickSearch": 0,
      "filterable": 1,
      "changeable": 0,
      "ext": "./lib/哔哩哔哩高中.json"
    },
    {
      "key": "JustLive",
      "name": "Just┃直播",
      "type": 3,
      "api": "./lib/drpy2.min.js",
      "searchable": 0,
      "quickSearch": 0,
      "filterable": 1,
      "changeable": 0,
      "ext": "./lib/JustLive.js"
    },
    {
      "key": "网红直播",
      "name": "网红┃直播",
      "type": 3,
      "api": "csp_Yj1211",
      "searchable": 0,
      "quickSearch": 0,
      "filterable": 1,
      "changeable": 0
    },
    {
      "key": "js虎牙",
      "name": "虎牙┃直播",
      "type": 3,
      "api": "./lib/drpy2.min.js",
      "searchable": 0,
      "quickSearch": 0,
      "filterable": 1,
      "changeable": 0,
      "ext": "./lib/虎牙直播.js"
    },
    {
      "key": "csp_XYQBiu_斗鱼",
      "name": "斗鱼┃直播",
      "type": 3,
      "api": "csp_XYQBiu",
      "searchable": 0,
      "quickSearch": 0,
      "filterable": 1,
      "changeable": 0,
      "ext": "./lib/斗鱼直播.json"
    },
    {
      "key": "企鹅体育",
      "name": "企鹅┃体育",
      "type": 3,
      "api": "csp_XPath",
      "searchable": 0,
      "quickSearch": 0,
      "filterable": 1,
      "changeable": 0,
      "ext": "./lib/企鹅体育.json"
    },
    {
      "key": "310直播",
      "name": "⚽310┃看球",
      "type": 3,
      "api": "./lib/drpy2.min.js",
      "searchable": 0,
      "quickSearch": 0,
      "filterable": 1,
      "changeable": 0,
      "ext": "./lib/310直播.js"
    },
    {
      "key": "JRKAN直播",
      "name": "⚽JRKAN┃看球",
      "type": 3,
      "api": "./lib/drpy2.min.js",
      "searchable": 0,
      "quickSearch": 0,
      "filterable": 1,
      "changeable": 0,
      "ext": "./lib/JRKAN直播.js"
    },
    {
      "key": "七夜",
      "name": "七夜┃云盘",
      "type": 3,
      "api": "csp_Dovx",
      "searchable": 1,
      "quickSearch": 1,
      "filterable": 1,
      "changeable": 0,
      "ext": "http://127.0.0.1:9978/file/cainisi/token.txt+4k|fhd|auto"
    },
    {
      "key": "PanSearch",
      "name": "Search┃云盘",
      "type": 3,
      "api": "csp_PanSearch",
      "searchable": 1,
      "quickSearch": 1,
      "filterable": 1,
      "changeable": 0,
      "ext": "http://127.0.0.1:9978/file/cainisi/token.txt+4k|fhd|auto"
    },
    {
      "key": "csp_search_Yisou",
      "name": "易搜┃云盘",
      "type": 3,
      "api": "csp_YiSo",
      "searchable": 1,
      "quickSearch": 1,
      "filterable": 1,
      "changeable": 0,
      "ext": "http://127.0.0.1:9978/file/cainisi/token.txt+4k|fhd|auto"
    },
    {
      "key": "csp_search_Zhaozy",
      "name": "找资源┃云盘",
      "type": 3,
      "api": "csp_Zhaozy",
      "searchable": 1,
      "quickSearch": 1,
      "filterable": 1,
      "changeable": 0,
      "ext": "http://127.0.0.1:9978/file/tvfan/token.txt+4k|fhd|auto$$$fanfan$$$qqq111"
    },
    {
      "key": "csp_search_Upyunso",
      "name": "Up搜┃云盘",
      "type": 3,
      "api": "csp_UpYun",
      "searchable": 1,
      "quickSearch": 1,
      "filterable": 1,
      "changeable": 0,
      "ext": "http://127.0.0.1:9978/file/cainisi/token.txt+4k|fhd|auto"
    },
    {
      "key": "csp_search_Alips",
      "name": "盘搜┃云盘",
      "type": 3,
      "api": "csp_PanSou",
      "searchable": 1,
      "quickSearch": 1,
      "filterable": 1,
      "changeable": 0,
      "ext": "http://127.0.0.1:9978/file/cainisi/token.txt+4k|fhd|auto"
    },
    {
      "key": "push_agent",
      "name": "推送┃磁力",
      "type": 3,
      "api": "csp_Push",
      "searchable": 0,
      "quickSearch": 0,
      "filterable": 0,
      "changeable": 0,
      "ext": "http://127.0.0.1:9978/file/cainisi/token.txt+4k|fhd|auto"
    },
    {
      "key": "公告",
      "name": "——————————",
      "type": 3,
      "api": "csp_XPath",
      "searchable": 0,
      "quickSearch": 0,
      "filterable": 0,
      "changeable": 0
    },
    {
      "key": "说明1",
      "name": "菜妮丝",
      "type": 3,
      "api": "csp_XPath",
      "searchable": 0,
      "quickSearch": 0,
      "filterable": 0,
      "changeable": 0
    },
    {
      "key": "说明2",
      "name": "https://cainisi.cf",
      "type": 3,
      "api": "csp_XPath",
      "searchable": 0,
      "quickSearch": 0,
      "filterable": 0,
      "changeable": 0
    },
    {
      "key": "说明3",
      "name": "免费接口更新维护",
      "type": 3,
      "api": "csp_XPath",
      "searchable": 0,
      "quickSearch": 0,
      "filterable": 0,
      "changeable": 0
    },
    {
      "key": "说明4",
      "name": "请勿相信视频中任何广告",
      "type": 3,
      "api": "csp_XPath",
      "searchable": 0,
      "quickSearch": 0,
      "filterable": 0,
      "changeable": 0
    }
  ],
  "parses": [
    {
      "name": "解析聚合",
      "type": 3,
      "url": "Web"
    },
    {
      "name": "777",
      "type": 0,
      "url": "https://jx.777jiexi.com/player/?url="
    },
    {
      "name": "jsonplayer",
      "type": 0,
      "url": "https://jx.jsonplayer.com/player/?url="
    },
    {
      "name": "夜幕",
      "type": 0,
      "url": "https://www.yemu.xyz/?url="
    }
  ],
  "flags": [
    "youku",
    "tudou",
    "qq",
    "qiyi",
    "iqiyi",
    "leshi",
    "letv",
    "sohu",
    "imgo",
    "mgtv",
    "bilibili"
  ],
  "ads": [
    "wan.51img1.com",
    "iqiyi.hbuioo.com",
    "vip.ffzyad.com",
    "https://lf1-cdn-tos.bytegoofy.com/obj/tos-cn-i-dy/455ccf9e8ae744378118e4bd289288dd",
    "mimg.0c1q0l.cn",
    "www.googletagmanager.com",
    "www.google-analytics.com",
    "mc.usihnbcq.cn",
    "mg.g1mm3d.cn",
    "mscs.svaeuzh.cn",
    "cnzz.hhttm.top",
    "tp.vinuxhome.com",
    "cnzz.mmstat.com",
    "www.baihuillq.com",
    "s23.cnzz.com",
    "z3.cnzz.com",
    "c.cnzz.com",
    "stj.v1vo.top",
    "z12.cnzz.com",
    "img.mosflower.cn",
    "tips.gamevvip.com",
    "ehwe.yhdtns.com",
    "xdn.cqqc3.com",
    "www.jixunkyy.cn",
    "sp.chemacid.cn",
    "hm.baidu.com",
    "s9.cnzz.com",
    "z6.cnzz.com",
    "um.cavuc.com",
    "mav.mavuz.com",
    "wofwk.aoidf3.com",
    "z5.cnzz.com",
    "xc.hubeijieshikj.cn",
    "tj.tianwenhu.com",
    "xg.gars57.cn",
    "k.jinxiuzhilv.com",
    "cdn.bootcss.com",
    "ppl.xunzhuo123.com",
    "xomk.jiangjunmh.top",
    "img.xunzhuo123.com",
    "z1.cnzz.com",
    "s13.cnzz.com",
    "xg.huataisangao.cn",
    "z7.cnzz.com",
    "z2.cnzz.com",
    "s96.cnzz.com",
    "q11.cnzz.com",
    "thy.dacedsfa.cn",
    "xg.whsbpw.cn",
    "s19.cnzz.com",
    "z8.cnzz.com",
    "s4.cnzz.com",
    "f5w.as12df.top",
    "ae01.alicdn.com",
    "www.92424.cn",
    "k.wudejia.com",
    "vivovip.mmszxc.top",
    "qiu.xixiqiu.com",
    "cdnjs.hnfenxun.com",
    "cms.qdwght.com"
  ],
  "rules": [
    {
      "name": "星星",
      "hosts": [
        "aws.ulivetv.net"
      ],
      "regex": [
        "#EXT-X-DISCONTINUITY\\r*\\n*#EXTINF:8,[\\s\\S]*?#EXT-X-DISCONTINUITY"
      ]
    },
    {
      "name": "量子广告",
      "hosts": [
        "vip.lz",
        "hd.lz"
      ],
      "regex": [
        "#EXT-X-DISCONTINUITY\\r*\\n*#EXTINF:6.433333,[\\s\\S]*?#EXT-X-DISCONTINUITY",
        "#EXTINF.*?\\s+.*?1o.*?\\.ts\\s+"
      ]
    },
    {
      "name": "非凡广告",
      "hosts": [
        "vip.ffzy",
        "hd.ffzy"
      ],
      "regex": [
        "#EXT-X-DISCONTINUITY\\r*\\n*#EXTINF:6.666667,[\\s\\S]*?#EXT-X-DISCONTINUITY",
        "#EXTINF.*?\\s+.*?1o.*?\\.ts\\s+"
      ]
    },
    {
      "name": "火山",
      "hosts": [
        "huoshan.com"
      ],
      "regex": [
        "item_id="
      ]
    },
    {
      "name": "抖音",
      "hosts": [
        "douyin.com"
      ],
      "regex": [
        "is_play_url="
      ]
    }
  ],
  "doh": [
    {
      "name": "Google",
      "url": "https://dns.google/dns-query",
      "ips": [
        "8.8.4.4",
        "8.8.8.8"
      ]
    },
    {
      "name": "Cloudflare",
      "url": "https://cloudflare-dns.com/dns-query",
      "ips": [
        "1.1.1.1",
        "1.0.0.1",
        "2606:4700:4700::1111",
        "2606:4700:4700::1001"
      ]
    },
    {
      "name": "AdGuard",
      "url": "https://dns.adguard.com/dns-query",
      "ips": [
        "94.140.14.140",
        "94.140.14.141"
      ]
    },
    {
      "name": "DNSWatch",
      "url": "https://resolver2.dns.watch/dns-query",
      "ips": [
        "84.200.69.80",
        "84.200.70.40"
      ]
    },
    {
      "name": "Quad9",
      "url": "https://dns.quad9.net/dns-quer",
      "ips": [
        "9.9.9.9",
        "149.112.112.112"
      ]
    }
  ],
  "lives": [
    {
      "name": "live",
      "type": 0,
      "url": "https://tvbox.cainisi.cf/TV",
      "epg": "http://epg.112114.xyz/?ch={name}&date={date}",
      "logo": "https://epg.112114.xyz/logo/{name}.png",
      "ua": "Mozilla/5.0 (Windows NT 10.0; Win64; x64) AppleWebKit/537.36 (KHTML, like Gecko) Chrome/108.0.0.0 Safari/537.36",
      "playerType": 1
    }
  ]
}