{
	"spider": "./Yoursmile.jar",
	"wallpaper": "https://tuapi.eees.cc/api.php?category=fengjing&type=302",

	"sites":[
{"key":"dr_豆瓣","name":"🔍豆瓣","type":3,"api":"./js/drpy2.min.js","searchable":0,"quickSearch":0,"filterable":0,"ext":"./js/豆瓣.js"},

{"key":"360","name":"💘360","type":3,"api":"csp_SP33","searchable":1,"quickSearch":1,"filterable":1,"changeable":0},
{"key":"快看","name":"👀快看","type":3,"api":"csp_Kuaikan","searchable":1,"quickSearch":1,"filterable":1},
{"key":"影探","name":"👿影探","type":3,"api":"csp_AppYsV2","searchable":1,"quickSearch":1,"filterable":1,"ext":"http://big.lfytyl.com/api.php/app/"},
{"key":"csp_fantuan","name":"🍙饭团","type":3,"api":"csp_Fantuan","searchable":1,"quickSearch":1,"filterable":1,"ext":"https://www.fantuan3.com"},
{"key":"csp_YQKAPP","name":"🌎一起看","type":3,"api":"csp_YQKAPP","playerType":2,"searchable":1,"quickSearch":1,"filterable":1,"ext":"https://api-aws.11ty.top"},
{"key":"酷影","name":"🚀酷影","type":3,"api":"csp_AppYsV2","searchable":1,"quickSearch":1,"filterable":1,"categories":["4K电影","4K电视剧","电影","电视剧","动漫","综艺"],"ext":"http://ys.realdou.cn/api.php/app/"},
{"key":"狐狸","name":"🦊狐狸","type":3,"api":"csp_AppYsV2","searchable":1,"quickSearch":1,"filterable":1,"ext":"https://www.kuin.one/api.php/app/"},
{"key":"爱迪","name":"🍟爱迪","type":3,"api":"csp_AppYsV2","searchable":1,"quickSearch":1,"filterable":1,"ext":"https://api123.adys.app/xgapp.php/v3/"},
{"key":"鸭鸭","name":"🦆鸭鸭","type":3,"api":"csp_AppYsV2","searchable":1,"quickSearch":1,"filterable":1,"ext":"https://yayayaaapp.ynf.icu/api.php/app/"},
{"key":"迷你库","name":"Ⓜ️迷你库","type":3,"api":"csp_AppYsV2","searchable":1,"quickSearch":1,"filterable":1,"ext":"http://www.miniku.cc/xgapp.php/v1/"},
{"key":"csp_Xinsj","name":"✨新视觉","type":3,"api":"csp_Xinsj","searchable":1,"quickSearch":1,"filterable":1,"ext":"https://www.6080yy3.com/"},
{"key":"csp_Dy1010","name":"⏺双十电影","type":3,"api":"csp_Dy1010","searchable":1,"quickSearch":1,"filterable":1},
{"key":"csp_Cokemv","name":"🚗可乐","type":3,"api":"csp_Cokemv","searchable":1,"quickSearch":1,"filterable":1},
{"key":"csp_Bttoo","name":"✌两个BT","type":3,"api":"csp_Bttwoo","searchable":1,"quickSearch":1,"filterable":1},
{"key":"csp_Czsapp","name":"🏭厂长","type":3,"api":"csp_Czsapp","searchable":1,"quickSearch":1,"filterable":1},
{"key":"csp_DiDuan","name":"📺低端","type":3,"api":"csp_Ddrk","searchable":1,"quickSearch":1,"filterable":0},
{"key":"csp_Lib","name":"🔷LibVio","type":3,"api":"csp_Libvio","searchable":1,"quickSearch":1,"filterable":1,"ext":"https://www.libvio.fun/"},
{"key":"csp_AppMr","name":"👻明明影视","type":3,"api":"csp_AppMr","searchable":1,"quickSearch":1,"filterable":1},
{"key":"csp_Zxzj","name":"🏠在线之家","type":3,"api":"csp_Zxzj","searchable":1,"quickSearch":1,"filterable":1,"ext":"https://www.zxzj.pro/"},
{"key":"csp_Voflix","name":"🌀Voflix","type":3,"api":"csp_Voflix","searchable":1,"quickSearch":1,"filterable":1},
{"key":"csp_Auete","name":"🐼奥特","type":3,"api":"csp_Auete","searchable":1,"quickSearch":1,"filterable":1},
{"key":"csp_Ysgc","name":"🎥影视工厂","type":3,"api":"csp_Ysgc","searchable":1,"quickSearch":1,"filterable":1,"ext":"https://www.ysgc.vip"},
{"key":"csp_Lgyy","name":"💧蓝光影院","type":3,"api":"csp_Lgyy","searchable":1,"quickSearch":1,"filterable":1,"ext":"https://www.lgyy.vip"},
{"key":"csp_LiteApple","name":"🍎小苹果","type":3,"api":"csp_LiteApple","playerType":1,"searchable":1,"quickSearch":1,"filterable":1},
{"key":"csp_555","name":"5️⃣️555影视","type":3,"api":"csp_Ys555","searchable":1,"quickSearch":1,"filterable":1,"ext":"https://www.555dyy1.com"},
{"key":"csp_Anime1","name":"🌸动漫","type":3,"api":"csp_Anime1","searchable":1,"quickSearch":1,"filterable":1},
{"key":"csp_Dm84","name":"🚌动漫巴士","type":3,"api":"csp_Dm84","searchable":1,"quickSearch":1,"filterable":1},
{"key":"Ying","name":"🌸樱花","type":3,"api":"csp_Ying","searchable":1,"quickSearch":1,"filterable":1},
{"key":"Ysj","name":"📮异世界","type":3,"api":"csp_Ysj","searchable":1,"quickSearch":1,"filterable":1},
{"key":"csp_Yj1211","name":"📽️在线直播","type":3,"api":"csp_Yj1211","searchable":1,"quickSearch":1,"filterable":1},
{"key":"csp_WoGG","name":"👽玩偶哥哥","type":3,"api":"csp_WoGG","searchable":1,"quickSearch":1,"filterable":1,"changeable":0,"ext":"clan://XYQTVBox/alitoken.txt+4k|auto|fhd+4k|auto|fhd$$$http://tvfan.xxooo.cf/"},
{"key":"YiSo","name":"🆎易搜","type":3,"api":"csp_YiSo","searchable":1,"quickSearch":1,"filterable":0,"changeable":0,"ext": "clan://XYQTVBox/alitoken.txt+4k|auto|fhd"},
{"key":"Zhaozy","name":"🦊找资源","type":3,"api":"csp_Zhaozy","searchable":1,"quickSearch":1,"filterable":0,"changeable":0,"ext": "clan://XYQTVBox/alitoken.txt+4k|auto|fhd$$$yingshi$$$abcd1234"},
{"key":"PanSou","name":"📀盘搜","type":3,"api":"csp_PanSou","searchable":1,"quickSearch":1,"filterable":0,"changeable":0,"ext": "clan://XYQTVBox/alitoken.txt+4k|auto|fhd"},
{"key":"UpYun","name":"☁️UP云搜","type":3,"api":"csp_UpYun","searchable":1,"quickSearch":1,"filterable":0,"changeable":0,"ext": "clan://XYQTVBox/alitoken.txt+4k|auto|fhd"},
{"key":"PanSearch","name":"🙀盘搜索","type":3,"api":"csp_PanSearch","searchable":1,"quickSearch":1,"filterable":0,"changeable":0,"ext": "clan://XYQTVBox/alitoken.txt+4k|auto|fhd"},
{"key":"Dovx","name":"😾七夜","type":3,"api":"csp_Dovx","searchable":1,"quickSearch":1,"filterable":0,"changeable":0,"ext": "clan://XYQTVBox/alitoken.txt+4k|auto|fhd"},
{"key":"push_agent","name":"🍭推送","type":3,"api":"csp_Push","searchable":0,"quickSearch":0,"filterable":0,"ext": "clan://XYQTVBox/alitoken.txt+4k|auto|fhd"},
{"key":"csp_Nbys","name":"👑泥巴(墙外)","type":3,"api":"csp_NiNi","searchable":1,"quickSearch":1,"filterable":1},
{"key":"csp_trj","name":"🛫唐人街(墙外)","type":3,"api":"csp_Tangrenjie","searchable":1,"quickSearch":1,"filterable":1},

{"key":"csp_XBPQ_南柯","name":"💢南柯","type":3,"api":"csp_XBPQ","searchable":1,"quickSearch":1,"filterable":1,"ext":"./sub/南柯.json"},
{"key":"csp_XBPQ_奇优","name":"️💢奇优","type":3,"api":"csp_XBPQ","searchable":1,"quickSearch":1,"filterable":1,"ext":"./sub/奇优.json"},
{"key":"csp_XBPQ_乐猪","name":"💢乐猪","type":3,"api":"csp_XBPQ","searchable":1,"quickSearch":1,"filterable":1,"ext":"./sub/乐猪.json"},
{"key":"csp_XBPQ_ 零零七","name":"💢零零七","type":3,"api":"csp_XBPQ","searchable":1,"quickSearch":1,"filterable":1,"ext":"./sub/零零七影视.json"},
{"key":"dr_有声小说吧","name":"有声小说吧","type":3,"api":"./js/drpy2.min.js","searchable":0,"quickSearch":0,"filterable":0,"ext":"./js/有声小说吧.js"},
{"key":"dr_88看球","name":"88看球","type":3,"api":"./js/drpy2.min.js","searchable":0,"quickSearch":0,"filterable":0,"ext":"./js/88看球.js"},
{"key":"dr_JRKAN直播","name":"JRKAN直播","type":3,"api":"./js/drpy.min.js","searchable":0,"quickSearch":0,"filterable":0,"ext":"./js/JRKAN直播.js"},
{"key":"dr_兔小贝","name":"兔小贝","type":3,"api":"./js/drpy2.min.js","searchable":0,"quickSearch":0,"filterable":0,"ext":"./js/兔小贝.js"},
{"key":"csp_XBPQ_短视频","name":"☘️短视频","type":3,"api":"csp_XBPQ","searchable":0,"quickSearch":0,"filterable":0,"ext":"./sub/短视频.json"},
{"key":"dr_虎牙直播","name":"🐯虎牙直播","type":3,"api":"./js/drpy2.min.js","searchable":0,"quickSearch":0,"filterable":0,"ext":"./js/虎牙直播.js"},
{"key":"MV_vod","name":"🎵明星MV","type":1,"api":"https://mv.饭太硬.ml/mv/vod","searchable":1,"quickSearch":1,"filterable":1},
{"key":"csp_Bili","name":"🅱️哔哩哔哩","type":3,"api":"csp_Bili","searchable":0,"quickSearch":0,"filterable":1,"ext":"./sub/Bili.json"},
{"key":"相声小品","name":"🅱️相声小品","type":3,"api":"csp_Bili","searchable":0,"quickSearch":0,"filterable":1,"ext":"./sub/Blixs.json"},
{"key":"戏曲","name":"🅱️戏曲","type":3,"api":"csp_Bili","searchable":0,"quickSearch":0,"filterable":1,"ext":"./sub/Blixq.json"},
{"key":"少儿","name":"🅱️少儿","type":3,"api":"csp_Bili","searchable":0,"quickSearch":0,"filterable":1,"ext":"./sub/少儿教育.json"},
{"key":"小学","name":"🅱️小学","type":3,"api":"csp_Bili","searchable":0,"quickSearch":0,"filterable":1,"ext":"./sub/小学课堂.json"},
{"key":"初中","name":"🅱️初中","type":3,"api":"csp_Bili","searchable":0,"quickSearch":0,"filterable":1,"ext":"./sub/初中课堂.json"},
{"key":"高中","name":"🅱️高中","type":3,"api":"csp_Bili","searchable":0,"quickSearch":0,"filterable":1,"ext":"./sub/高中课堂.json"}
],
"parses": [{
		"name": "Json聚合",
		"type": 3,
		"url": "Demo"
	}, {
		"name": "Web聚合",
		"type": 3,
		"url": "Web"
	}, {
		"name": "未知",
		"type": 1,
		"url": "http://json.g9.pub:66/?url=",
		"ext": {
			"flag": ["qq", "腾讯", "qiyi", "爱奇艺", "奇艺", "youku", "优酷", "mgtv", "芒果", "letv", "乐视", "pptv", "PPTV", "sohu", "bilibili", "哔哩哔哩", "哔哩"],"header":{"User-Agent":"okhttp/4.1.0"}
		} 
	}, {
		"name": "未知2",
		"type": 1,
		"url": "https://vip.mosangkeji.com/api/?key=rRNvXAnOghBBLnC35c&url=",
		"ext": {
			"flag": ["qq", "腾讯", "qiyi", "爱奇艺", "奇艺", "youku", "优酷", "mgtv", "芒果", "letv", "乐视", "pptv", "PPTV", "sohu", "bilibili", "哔哩哔哩", "哔哩"]
		} 
	}, {
		"name": "夜曲",
		"type": 1,
		"url": "http://xhww.fun:63/爱肥猫.php?url=",
		"ext": {
			"flag": ["qq","腾讯","qiyi","爱奇艺","奇艺","youku","优酷","sohu","搜狐","letv","乐视","mgtv","芒果","CL4K","renrenmi","ltnb","bilibili","1905","xigua","nongmin","CL4K","xfyun","ffm3u8","lzm3u8","netease","pgyer","qzone","FY","ppayun","Feiyun","zhibo"],"header":{"User-Agent":"Dalvik/2.1.0 (Linux; U; Android 10; PDHM00 Build/QKQ1.191222.002)"}
		} 
	}, {
		"name": "777",
		"type": 0,
		"url": "https://jx.777jiexi.com/player/?url=",
		"ext": {
			"flag": ["qq", "腾讯", "qiyi", "爱奇艺", "奇艺", "youku", "优酷", "mgtv", "芒果", "letv", "乐视", "pptv", "PPTV", "sohu", "bilibili", "哔哩哔哩", "哔哩"],"header":{"User-Agent":"okhttp/4.1.0"}
		}   
	}, {
		"name": "bozrc",
		"type": 0,
		"url": "https://jx.bozrc.com:4433/player/?url=",
		"ext": {
			"flag": ["qq", "腾讯", "qiyi", "爱奇艺", "奇艺", "youku", "优酷", "mgtv", "芒果", "letv", "乐视", "pptv", "PPTV", "sohu", "bilibili", "哔哩哔哩", "哔哩"],"header":{"User-Agent":"okhttp/4.1.0"}
		}   
	}, {
		"name": "zhanglang",
		"type": 0,
		"url": "https://jx.zhanlangbu.com/?url=",
		"ext": {
			"flag": ["qq", "腾讯", "qiyi", "爱奇艺", "奇艺", "youku", "优酷", "mgtv", "芒果", "letv", "乐视", "pptv", "PPTV", "sohu", "bilibili", "哔哩哔哩", "哔哩"],"header":{"User-Agent":"okhttp/4.1.0"}
		}    
	}, {
		"name": "未知",
		"type": 0,
		"url": "https://jx.jsonplayer.com/player/?url=",
		"ext": {
			"flag": ["qq", "腾讯", "qiyi", "爱奇艺", "奇艺", "youku", "优酷", "mgtv", "芒果", "letv", "乐视", "pptv", "PPTV", "sohu", "bilibili", "哔哩哔哩", "哔哩"],"header":{"User-Agent":"okhttp/4.1.0"}
		}   
	}, {
		"name": "ckmov",
		"type": 0,
		"url": "https://yun.ckmov.com/?url=",
		"ext": {
			"flag": ["qq", "腾讯", "qiyi", "爱奇艺", "奇艺", "youku", "优酷", "mgtv", "芒果", "letv", "乐视", "pptv", "PPTV", "sohu", "bilibili", "哔哩哔哩", "哔哩"]
		}  
	}, {
		"name": "OKjx嗅探",
		"type": 0,
		"url": "https://okjx.cc/?url="
	}],
   "lives":[{"name":"live","type":0,"url":"https://agit.ai/Yoursmile7/TVBox/raw/branch/master/live.txt","playerType":1,"epg":"http://epg.112114.xyz/?ch={name}&date={date}","logo":"https://epg.112114.xyz/logo/{name}.png"}],
   "doh":[{"name":"Google","url":"https://dns.google/dns-query","ips":["8.8.4.4","8.8.8.8"]},{"name":"Cloudflare","url":"https://cloudflare-dns.com/dns-query","ips":["1.1.1.1","1.0.0.1","2606:4700:4700::1111","2606:4700:4700::1001"]},{"name":"AdGuard","url":"https://dns.adguard.com/dns-query","ips":["94.140.14.140","94.140.14.141"]},{"name":"DNSWatch","url":"https://resolver2.dns.watch/dns-query","ips":["84.200.69.80","84.200.70.40"]},{"name":"Quad9","url":"https://dns.quad9.net/dns-quer","ips":["9.9.9.9","149.112.112.112"]}],
   "rules":[{"name":"量子","hosts":["vip.lz","hd.lz"],"regex":["#EXT-X-DISCONTINUITY\\r*\\n*#EXTINF:6.433333,[\\s\\S]*?#EXT-X-DISCONTINUITY","#EXTINF.*?\\s+.*?1o.*?\\.ts\\s+"]},{"name":"非凡","hosts":["vip.ffzy","hd.ffzy"],"regex":["#EXT-X-DISCONTINUITY\\r*\\n*#EXTINF:6.666667,[\\s\\S]*?#EXT-X-DISCONTINUITY","#EXTINF.*?\\s+.*?1o.*?\\.ts\\s+"]},{"name":"火山","hosts":["huoshan.com"],"regex":["item_id="]},{"name":"抖音","hosts":["douyin.com"],"regex":["is_play_url="]}],
   "flags":["youku","qq","QQ","iqiyi","qiyi","letv","sohu","tudou","pptv","PPTV","mgtv","ltnb","rx","SLYS4k","BYGA","BYGB","luanzi","dxzy","QEYSS","aliyun","AliS","122","chuangying","CL4K","xfyun","wuduzy","wasu","bilibili","renrenmi","xmm","xigua","m1905","funshion","优酷","芒果","腾讯","爱奇艺","奇艺","哔哩哔哩","哔哩","西瓜视频","腾讯视频","奇艺视频","优酷视频","芒果视频","乐视视频"],
   "ijk":[{"group":"软解码","options":[{"category":4,"name":"opensles","value":"0"},{"category":4,"name":"overlay-format","value":"842225234"},{"category":4,"name":"framedrop","value":"1"},{"category":4,"name":"soundtouch","value":"1"},{"category":4,"name":"start-on-prepared","value":"1"},{"category":1,"name":"http-detect-rangeupport","value":"0"},{"category":1,"name":"fflags","value":"fastseek"},{"category":2,"name":"skip_loop_filter","value":"48"},{"category":4,"name":"reconnect","value":"1"},{"category":4,"name":"enable-accurateeek","value":"0"},{"category":4,"name":"mediacodec","value":"0"},{"category":4,"name":"mediacodec-auto-rotate","value":"0"},{"category":4,"name":"mediacodec-handle-resolution-change","value":"0"},{"category":4,"name":"mediacodec-hevc","value":"0"},{"category":1,"name":"dns_cache_timeout","value":"600000000"}]},{"group":"硬解码","options":[{"category":4,"name":"opensles","value":"0"},{"category":4,"name":"overlay-format","value":"842225234"},{"category":4,"name":"framedrop","value":"1"},{"category":4,"name":"soundtouch","value":"1"},{"category":4,"name":"start-on-prepared","value":"1"},{"category":1,"name":"http-detect-rangeupport","value":"0"},{"category":1,"name":"fflags","value":"fastseek"},{"category":2,"name":"skip_loop_filter","value":"48"},{"category":4,"name":"reconnect","value":"1"},{"category":4,"name":"enable-accurateeek","value":"0"},{"category":4,"name":"mediacodec","value":"1"},{"category":4,"name":"mediacodec-auto-rotate","value":"1"},{"category":4,"name":"mediacodec-handle-resolution-change","value":"1"},{"category":4,"name":"mediacodec-hevc","value":"1"},{"category":1,"name":"dns_cache_timeout","value":"600000000"}]}],
   "ads":["iqiyi.hbuioo.com","vip.ffzyad.com","wan.51img1.com","https://lf1-cdn-tos.bytegoofy.com/obj/tos-cn-i-dy/455ccf9e8ae744378118e4bd289288dd","mimg.0c1q0l.cn","www.googletagmanager.com","www.google-analytics.com","mc.usihnbcq.cn","mg.g1mm3d.cn","mscs.svaeuzh.cn","cnzz.hhttm.top","tp.vinuxhome.com","cnzz.mmstat.com","www.baihuillq.com","s23.cnzz.com","z3.cnzz.com","c.cnzz.com","stj.v1vo.top","z12.cnzz.com","img.mosflower.cn","tips.gamevvip.com","ehwe.yhdtns.com","xdn.cqqc3.com","www.jixunkyy.cn","sp.chemacid.cn","hm.baidu.com","s9.cnzz.com","z6.cnzz.com","um.cavuc.com","mav.mavuz.com","wofwk.aoidf3.com","z5.cnzz.com","xc.hubeijieshikj.cn","tj.tianwenhu.com","xg.gars57.cn","k.jinxiuzhilv.com","cdn.bootcss.com","ppl.xunzhuo123.com","xomk.jiangjunmh.top","img.xunzhuo123.com","z1.cnzz.com","s13.cnzz.com","xg.huataisangao.cn","z7.cnzz.com","xg.huataisangao.cn","z2.cnzz.com","s96.cnzz.com","q11.cnzz.com","thy.dacedsfa.cn","xg.whsbpw.cn","s19.cnzz.com","z8.cnzz.com","s4.cnzz.com","f5w.as12df.top","ae01.alicdn.com","www.92424.cn","k.wudejia.com","vivovip.mmszxc.top","qiu.xixiqiu.com","cdnjs.hnfenxun.com","cms.qdwght.com"]}
