{
  "sites": [
    {
      "key": "豆瓣",
      "name": "🐼┃豆瓣┃新微信公众号：肥猫宝贝",
      "type": 3,
      "api": "csp_DouDou",
      "searchable": 0,
      "quickSearch": 0,
      "filterable": 0
    },
    {
      "key": "直播转点播",
      "name": "🐼️┃电视┃直播",
      "type": 3,
      "api": "./lib/直播转点播2.js",
      "ext": "./lib/直播仓.json"
    },
    {
      "key": " 在线┃直播",
      "name": "📺┃竞技┃直播",
      "type": 3,
      "api": "csp_Yj1211",
      "searchable": 1,
      "quickSearch": 1,
      "filterable": 1
    },
    {
      "key": "Aid",
      "name": "🚑┃急救┃教学",
      "type": 3,
      "api": "csp_FirstAid",
      "searchable": 0,
      "quickSearch": 0,
      "style": {
        "type": "rect",
        "ratio": 3.8
      },
      "gridview": "0-0-4.1"
    },
    {
      "key": "alist",
      "name": "🍰┃小鸭┃网盘",
      "type": 3,
      "api": "csp_AList",
      "searchable": 1,
      "quickSearch": 1,
      "filterable": 1,
      "ext": "./lib/alist.json"
    },
    {
      "key": "YGP",
      "name": "🚀┃叨观┃荐影",
      "type": 3,
      "api": "csp_YGP",
      "searchable": 0,
      "quickSearch": 0
    },
    {
      "key": "荐片",
      "name": "🎬┃荐片┃影视",
      "type": 3,
      "api": "./lib/drpy1.min.js",
      "ext": "./lib/jp.js"
    },
    {
      "key": "磁力熊",
      "name": "🐻┃熊熊┃磁力",
      "type": 3,
      "api": "./lib/ddrpy2.m.js",
      "ext": "./lib/磁力熊.js",
      "searchable": 1,
      "quickSearch": 1,
      "filterable": 1
    },
    {
      "key": "素白",
      "name": "🦢┃素白┃影视",
      "type": 3,
      "api": "csp_XBPQ",
      "ext": "./lib/素白白.json"
    },
    {
      "key": "虎虎",
      "name": "🐯┃虎虎┃影视",
      "type": 3,
      "api": "csp_XBPQ",
      "ext": "./lib/虎虎.json"
    },
    {
      "key": "熊猫",
      "name": "🐼┃熊猫┃影视",
      "type": 3,
      "api": "csp_XBPQ",
      "ext": {
        "简介": "<p>&&</p>",
        "主演": "主演：class=\"module-info-item-title\">&&</span>",
        "导演": "导演：&&</span>",
        "影片年代": "年份：&&</li>",
        "影片地区": "地区：&&</li>",
        "影片类型": "类型：&&</li>",
        "影片状态": "更新：&&</span>",
        "数组": "<a&&</div></div></a>",
        "标题": "title=\"&&\"",
        "图片": "data-original=\"&&\"",
        "链接": "href=\"&&\"",
        "副标题": "<div class=\"module-item-note\">&&</div>",
        "线路数组": "data-dropdown-value=&&</div>[排序:索尼>快看]",
        "线路标题": "<span>&&</small>[替换:</span><small>>>🐼共]+集",
        "播放数组": "<div class=\"module-play-list\">&&</div>",
        "播放标题": "<span>&&</span>",
        "播放列表": "<a&&</a>",
        "播放链接": "href=\"&&\"",
        "分类": "电影&电视剧&综艺&动漫",
        "分类值": "52&69&77&75",
        "分类url": "https://xmvod520.com/index.php/vod/show/by/{by}/id/{cateId}/page/{catePg}/year/{year}.html"
      }
    },
    {
      "key": "蜗牛弹幕",
      "name": "🐌┃蜗牛┃影视",
      "type": 3,
      "api": "csp_XBPQ",
      "ext": {
        "简介": "class=\"video-info-item video-info-content vod_content\">&&</span>",
        "数组": "class=\"module-item-text\"&&class=\"loading\"",
        "线路数组": "data-dropdown-value=&&</div>",
        "线路标题": "<span>&&</small>[替换:</span><small>>>共]+集",
        "副标题": " class=\"module-item-text\">&&</div>",
        "分类": "电影$1#日韩剧$21#海外剧$2#动漫$20",
        "分类url": "https://v.wuxivlog.cn/index.php/vod/show/area/{area}/by/{by}/class/{class}/id/{cateId}/lang/{lang}/page/{catePg}/year/{year}.html"
      }
    },
    {
      "key": "快帆",
      "name": "⛵┃快帆┃影视",
      "type": 1,
      "api": "https://api.kuaifan.tv/api.php/provide/vod",
      "categories": [
        "国产剧",
        "香港剧",
        "台湾剧",
        "韩国剧",
        "日本剧",
        "欧美剧",
        "动作片",
        "动画片",
        "短片",
        "喜剧片",
        "爱情片",
        "科幻片",
        "古装片",
        "历史片",
        "大陆综艺",
        "港台综艺",
        "日韩综艺",
        "国产动漫",
        "欧美动漫",
        "日本动漫"
      ]
    },
    {
      "key": "YQK_spider",
      "name": "🙆┃一起┃电视",
      "type": 3,
      "api": "csp_YQKAPP",
      "searchable": 1,
      "quickSearch": 1,
      "filterable": 1,
      "playerType": 2,
      "ext": "https://hk-api-cf.yqk5659.com"
    },
    {
      "key": "益达影视",
      "name": "🌝┃益达┃影视",
      "type": 3,
      "api": "csp_AppYsV2",
      "searchable": 1,
      "quickSearch": 1,
      "filterable": 1,
      "ext": "https://myd666.tv/lvdou_api.php/v1.vod"
    },
    {
      "key": "七七",
      "name": "🌈┃七七┃影视",
      "type": 3,
      "api": "csp_Kunyu77",
      "searchable": 1,
      "quickSearch": 1,
      "filterable": 1
    },
    {
      "key": "csp_Nmys",
      "name": "🌾┃农民┃影视",
      "type": 3,
      "api": "csp_Nmys",
      "ext": "./lib/nmys.json"
    },
    {
      "key": "csp_DiDuan",
      "name": "⏮️┃低端┃影视",
      "type": 3,
      "api": "csp_Ddrk",
      "searchable": 1,
      "quickSearch": 1,
      "filterable": 0
    },
    {
      "key": "厂长",
      "name": "🏭┃厂长┃影视",
      "type": 3,
      "api": "csp_Czsapp",
      "searchable": 1,
      "quickSearch": 1,
      "filterable": 1,
      "playerType": 2,
      "ext": "https://cz01.cc/"
    },
    {
      "key": "csp_FanYY",
      "name": "🧸┃玩偶┃影视",
      "type": 3,
      "api": "csp_WoGG",
      "searchable": 1,
      "quickSearch": 1,
      "filterable": 1,
      "ext": "http://127.0.0.1:9978/file/fatcat/token.txt$$$https://wogg.xyz/"
    },
    {
      "key": "csp_AppMr",
      "name": "👻┃明明┃影视",
      "type": 3,
      "api": "csp_AppMr",
      "searchable": 1,
      "quickSearch": 1,
      "filterable": 1
    },
    {
      "key": "奇奇",
      "name": "🐭┃迷迷┃影视",
      "type": 3,
      "api": "csp_AppYsV2",
      "playerType": "2",
      "ext": "http://www.miniku.cc/xgapp.php/v1/",
      "searchable": 1,
      "quickSearch": 1,
      "filterable": 1
    },
    {
      "key": "爱迪",
      "name": "💡┃爱迪┃影视",
      "type": 3,
      "api": "csp_AppYsV2",
      "searchable": 1,
      "quickSearch": 1,
      "filterable": 1,
      "playerType": 2,
      "ext": "https://api123.adys.app/xgapp.php/v3/"
    },
    {
      "key": "Kuaikan",
      "name": "👀┃快看┃影视",
      "type": 3,
      "api": "csp_Kuaikan",
      "searchable": 1,
      "quickSearch": 1,
      "filterable": 1
    },
    {
      "key": "飞速",
      "name": "🚄┃影探┃影视",
      "type": 3,
      "api": "csp_YTVIP",
      "searchable": 1,
      "quickSearch": 1,
      "filterable": 1,
      "ext": "vip.lyyytv.cn"
    },
    {
      "key": "csp_Lib",
      "name": "💫┃Lib  ┃影视",
      "type": 3,
      "api": "csp_Libvio",
      "searchable": 1,
      "quickSearch": 1,
      "filterable": 0,
      "playerType": 2,
      "ext": "https://www.libvio.fun/"
    },
    {
      "key": "鸭鸭",
      "name": "🦆┃鸭鸭┃影视",
      "type": 3,
      "api": "csp_AppYsV2",
      "searchable": 1,
      "quickSearch": 1,
      "filterable": 1,
      "ext": "https://yayayaaapp.ynf.icu/api.php/app/"
    },
    {
      "key": "drpy_js_奇珍异兽",
      "name": "🐨┃爱奇┃官源",
      "type": 3,
      "api": "./lib/ddrpy2.m.js",
      "ext": "./lib/爱奇.js"
    },
    {
      "key": "Qtv",
      "name": "🐧┃企鹅┃官源",
      "type": 3,
      "api": "csp_Qtv",
      "searchable": 1,
      "quickSearch": 1,
      "filterable": 1
    },
    {
      "key": "csp_SP360",
      "name": "📺┃360┃官源",
      "type": 3,
      "api": "csp_XBPQ",
      "searchable": 1,
      "quickSearch": 1,
      "filterable": 1,
      "ext": "./lib/360影视.json"
    },
    {
      "key": "MGT",
      "name": "🍋┃芒果┃官源",
      "type": 3,
      "api": "csp_Mtv",
      "searchable": 1,
      "quickSearch": 1,
      "filterable": 1
    },
    {
      "key": "csp_Ysgc",
      "name": "🎥┃影视┃工厂",
      "type": 3,
      "api": "csp_Ysgc",
      "searchable": 1,
      "quickSearch": 1,
      "filterable": 1,
      "ext": "https://www.ysgc.fun"
    },
    {
      "key": "蓝猫动漫",
      "name": "🌊┃蓝猫┃动漫",
      "type": 3,
      "api": "csp_XBPQ",
      "ext": "分类:日漫$1#国漫$2#剧场$3#美漫$4#少儿$5,分类url:https://www.lmfun.vip/vodshow/area/{area}/by/{by}/class/{class}/id/{cateId}/page/{catePg}/year/{year}.html"
    },
    {
      "key": "csp_Ying",
      "name": "🌸┃樱花┃动漫",
      "type": 3,
      "api": "csp_Ying",
      "searchable": 1,
      "quickSearch": 1,
      "filterable": 1
    },
    {
      "key": "csp_Anime1",
      "name": "💀┃日本┃动漫",
      "type": 3,
      "api": "csp_Anime1",
      "searchable": 1,
      "quickSearch": 1,
      "filterable": 1
    },
    {
      "key": "csp_search_七夜",
      "name": "👴┃七夜┃搜索",
      "type": 3,
      "api": "csp_Dovx",
      "searchable": 1,
      "quickSearch": 1,
      "filterable": 0,
      "ext": "http://127.0.0.1:9978/file/fatcat/token.txt"
    },
    {
      "key": "csp_search_PanSearch",
      "name": "🗂️┃盘搜┃搜索",
      "type": 3,
      "api": "csp_PanSearch",
      "searchable": 1,
      "quickSearch": 1,
      "filterable": 0,
      "ext": "http://127.0.0.1:9978/file/fatcat/token.txt"
    },
    {
      "key": "csp_search_Yisou",
      "name": "🐏┃易搜┃搜索",
      "type": 3,
      "api": "csp_YiSo",
      "searchable": 1,
      "quickSearch": 1,
      "filterable": 0,
      "playerType": 1,
      "ext": "http://127.0.0.1:9978/file/fatcat/token.txt"
    },
    {
      "key": "csp_search_Zhaozy",
      "name": "🐑┃资源┃搜索",
      "type": 3,
      "api": "csp_Zhaozy",
      "searchable": 1,
      "quickSearch": 0,
      "filterable": 0,
      "playerType": 1,
      "ext": "http://127.0.0.1:9978/file/fatcat/token.txt$$$feimao$$$123456"
    },
    {
      "key": "csp_search_Upyunso",
      "name": "🐐┃云搜┃搜索",
      "type": 3,
      "api": "csp_UpYun",
      "searchable": 1,
      "quickSearch": 1,
      "filterable": 0,
      "playerType": 1,
      "ext": "http://127.0.0.1:9978/file/fatcat/token.txt"
    },
    {
      "key": "csp_search_Alips",
      "name": "🦌┃盘搜┃搜索",
      "type": 3,
      "api": "csp_PanSou",
      "searchable": 1,
      "quickSearch": 1,
      "filterable": 0,
      "playerType": 1,
      "ext": "http://127.0.0.1:9978/file/fatcat/token.txt"
    },
    {
      "key": "csp_BBB",
      "name": "🅱┃哔哩┃合集",
      "type": 3,
      "api": "csp_Bili",
      "searchable": 1,
      "quickSearch": 0,
      "ext": "./lib/bili.json"
    },
    {
      "key": "csp_戏曲",
      "name": "🅱┃哔哩┃戏曲",
      "type": 3,
      "api": "csp_Bili",
      "searchable": 1,
      "quickSearch": 0,
      "ext": "./lib/戏曲.json"
    },
    {
      "key": "演唱会",
      "name": "🅱┃哔哩┃音乐",
      "type": 3,
      "api": "csp_Bili",
      "searchable": 0,
      "quickSearch": 0,
      "ext": "./lib/ych.json"
    },
    {
      "key": "csp_XYQBiu_聚合短视频",
      "name": "📽️┃视频┃聚合",
      "type": 3,
      "api": "csp_XYQBiu",
      "searchable": 0,
      "quickSearch": 0,
      "filterable": 0,
      "ext": "./lib/短视频.json"
    },
    {
      "key": "csp_Nbys",
      "name": "✈┃泥巴┃墙外",
      "type": 3,
      "api": "csp_NiNi",
      "searchable": 1,
      "quickSearch": 1,
      "filterable": 1
    },
    {
      "key": "csp_trj",
      "name": "✈┃唐人┃墙外",
      "type": 3,
      "api": "csp_Tangrenjie",
      "searchable": 1,
      "quickSearch": 1,
      "filterable": 1
    },
    {
      "key": "csp_If101",
      "name": "✈┃If10 ┃墙外",
      "type": 3,
      "api": "csp_If101",
      "searchable": 1,
      "quickSearch": 1,
      "filterable": 1
    },
    {
      "key": "csp_Xiaoh",
      "name": "✈┃小宝┃墙外",
      "type": 3,
      "api": "csp_Xiaoh",
      "searchable": 1,
      "quickSearch": 1,
      "filterable": 1
    },
    {
      "key": "儿童",
      "name": "📚┃少儿┃教育",
      "type": 3,
      "api": "csp_Bili",
      "searchable": 1,
      "quickSearch": 1,
      "filterable": 1,
      "ext": "./lib/少儿教育.json?sign=3BlFTWj-rXJPPgJB6eQ1_C0odRnDCaW28cr8afXaO_I=:0"
    },
    {
      "key": "小学",
      "name": "📚┃小学┃课堂",
      "type": 3,
      "api": "csp_Bili",
      "searchable": 1,
      "quickSearch": 1,
      "filterable": 1,
      "ext": "./lib/小学课堂.json?sign=Oqbf9547dxbhVTf07kdHsuNZgzIWH2UT9uY7zRbTA5M=:0"
    },
    {
      "key": "初中",
      "name": "📚┃初中┃课堂",
      "type": 3,
      "api": "csp_Bili",
      "searchable": 1,
      "quickSearch": 1,
      "filterable": 1,
      "ext": "./lib/初中课堂.json?sign=7Jxqd0BzuIm-2OvXZyoRasDb1P3OojENYkxLf6bhLr0=:0"
    },
    {
      "key": "高中",
      "name": "📚┃高中┃课堂",
      "type": 3,
      "api": "csp_Bili",
      "searchable": 1,
      "quickSearch": 1,
      "filterable": 1,
      "ext": "./lib/高中课堂.json?sign=ESNTJf_EMO0ch_J5j-kV35jFLeg1GvG4VJjUqW2DJCc=:0"
    },
    {
      "key": "push_agent",
      "name": "▶┃推送┃磁力",
      "type": 3,
      "api": "csp_Push",
      "searchable": 0,
      "quickSearch": 0,
      "filterable": 0,
      "playerType": 1,
      "ext": "http://127.0.0.1:9978/file/fatcat/token.txt+4k|auto|fhd"
    },
    {
      "key": "ext_live_protocol",
      "name": "关注公众号“肥猫宝贝”",
      "type": 3,
      "api": "./lib/协议.js",
      "ext": "clan://proxy?sourcekey=ext_live_protocol"
    }
  ],
  "lives": [
    {
      "name": "live",
      "type": 0,
      "playerType": 1,
      "url": "./lib/tvzb.txt",
      "ua": "okhttp/3.12.13",
      "epg": "http://epg.51zmt.top:8000/api/diyp/?ch={name}&date={date}",
      "logo": "https://epg.112114.xyz/logo/{name}.png"
    },
    {
      "group": "redirect",
      "channels": [
        {
          "name": "redirect",
          "urls": [
            "proxy://do=live&type=txt&ext=aHR0cDovL+aIkeS4jeaYry7ogqXnjKsubG92ZTo2My9UVi90dnpiLnR4dA=="
          ]
        }
      ]
    }
  ],
  "parses": [
    {
      "name": "解析聚合",
      "type": 3,
      "url": "Demo"
    },
    {
      "name": "Web聚合",
      "type": 3,
      "url": "Web"
    },
    {
      "name": "Json轮询",
      "type": 2,
      "url": "Sequence"
    },
    {
      "name": "Json并发",
      "type": 2,
      "url": "Parallel"
    },
    {
      "name": "但行好事",
      "type": 1,
      "url": "http://jx.fuqizhishi.com:63/接口地址www.肥猫.love/肥猫专用.php?url="
    },
    {
      "name": "莫问前程",
      "type": 1,
      "url": "http://27.124.4.42:4567/jhjson/ceshi.php?url="
    },
    {
      "name": "左岸解析",
      "type": 1,
      "url": "http://110.42.2.247:880/analysis/json/?uid=2449&my=acfgikquvzFGJRW459&url="
    },
    {
      "name": "星辰云解析",
      "type": 1,
      "url": "https://json.key521.cn/api/?key=df27d9ca9ec97e22c47f8565a50aa6f5&url="
    },
    {
      "name": "小新解析",
      "type": 1,
      "url": "http://xiaoxin.1080p.fun/home/api?type=ys&uid=91198&key=bhntuwyAJLMTUY1478&url="
    },
    {
      "name": "小鱼解析",
      "type": 1,
      "url": "http://json.84jia.com/home/api?type=ys&uid=335253&key=fjklpqsyCDGMNQRWX8&url="
    },
    {
      "name": "夜曲解析",
      "type": 1,
      "url": "http://xhww.fun:63/小米特别爱肥猫.php?url=",
      "ext": {
        "flag": [
          "qq",
          "腾讯",
          "qiyi",
          "爱奇艺",
          "奇艺",
          "youku",
          "优酷",
          "sohu",
          "搜狐",
          "letv",
          "乐视",
          "mgtv",
          "芒果",
          "CL4K",
          "renrenmi",
          "ltnb",
          "bilibili",
          "1905",
          "xigua",
          "nongmin",
          "CL4K",
          "xfyun",
          "ffm3u8",
          "lzm3u8",
          "netease",
          "pgyer",
          "TD",
          "qzone",
          "FY",
          "ppayun",
          "Feiyun",
          "zhibo"
        ],
        "header": {
          "User-Agent": "Dalvik/2.1.0 (Linux; U; Android 10; PDHM00 Build/QKQ1.191222.002)"
        }
      }
    }
  ],
  "flags": [
    "youku",
    "优酷",
    "优 酷",
    "优酷视频",
    "qq",
    "腾讯",
    "腾 讯",
    "腾讯视频",
    "iqiyi",
    "qiyi",
    "奇艺",
    "爱奇艺",
    "爱 奇 艺",
    "m1905",
    "xigua",
    "letv",
    "leshi",
    "乐视",
    "乐 视",
    "sohu",
    "搜狐",
    "搜 狐",
    "搜狐视频",
    "tudou",
    "pptv",
    "mgtv",
    "芒果",
    "imgo",
    "芒果TV",
    "芒 果 T V",
    "bilibili",
    "哔 哩",
    "哔 哩 哔 哩",
    "FY",
    "fy",
    "FeiYun",
    "feiyun",
    "飞云"
  ],
  "ijk": [
    {
      "group": "软解码",
      "options": [
        {
          "category": 4,
          "name": "opensles",
          "value": "0"
        },
        {
          "category": 4,
          "name": "overlay-format",
          "value": "842225234"
        },
        {
          "category": 4,
          "name": "framedrop",
          "value": "1"
        },
        {
          "category": 4,
          "name": "soundtouch",
          "value": "1"
        },
        {
          "category": 4,
          "name": "start-on-prepared",
          "value": "1"
        },
        {
          "category": 1,
          "name": "http-detect-range-support",
          "value": "0"
        },
        {
          "category": 1,
          "name": "fflags",
          "value": "fastseek"
        },
        {
          "category": 2,
          "name": "skip_loop_filter",
          "value": "48"
        },
        {
          "category": 4,
          "name": "reconnect",
          "value": "1"
        },
        {
          "category": 4,
          "name": "max-buffer-size",
          "value": "5242880"
        },
        {
          "category": 4,
          "name": "enable-accurate-seek",
          "value": "0"
        },
        {
          "category": 4,
          "name": "mediacodec",
          "value": "0"
        },
        {
          "category": 4,
          "name": "mediacodec-auto-rotate",
          "value": "0"
        },
        {
          "category": 4,
          "name": "mediacodec-handle-resolution-change",
          "value": "0"
        },
        {
          "category": 4,
          "name": "mediacodec-hevc",
          "value": "0"
        },
        {
          "category": 1,
          "name": "dns_cache_timeout",
          "value": "600000000"
        }
      ]
    },
    {
      "group": "硬解码",
      "options": [
        {
          "category": 4,
          "name": "opensles",
          "value": "0"
        },
        {
          "category": 4,
          "name": "overlay-format",
          "value": "842225234"
        },
        {
          "category": 4,
          "name": "framedrop",
          "value": "1"
        },
        {
          "category": 4,
          "name": "soundtouch",
          "value": "1"
        },
        {
          "category": 4,
          "name": "start-on-prepared",
          "value": "1"
        },
        {
          "category": 1,
          "name": "http-detect-range-support",
          "value": "0"
        },
        {
          "category": 1,
          "name": "fflags",
          "value": "fastseek"
        },
        {
          "category": 2,
          "name": "skip_loop_filter",
          "value": "48"
        },
        {
          "category": 4,
          "name": "reconnect",
          "value": "1"
        },
        {
          "category": 4,
          "name": "max-buffer-size",
          "value": "5242880"
        },
        {
          "category": 4,
          "name": "enable-accurate-seek",
          "value": "0"
        },
        {
          "category": 4,
          "name": "mediacodec",
          "value": "1"
        },
        {
          "category": 4,
          "name": "mediacodec-auto-rotate",
          "value": "1"
        },
        {
          "category": 4,
          "name": "mediacodec-handle-resolution-change",
          "value": "1"
        },
        {
          "category": 4,
          "name": "mediacodec-hevc",
          "value": "1"
        },
        {
          "category": 1,
          "name": "dns_cache_timeout",
          "value": "600000000"
        }
      ]
    }
  ],
  "ads": [
    "wan.51img1.com",
    "iqiyi.hbuioo.com",
    "vip.ffzyad.com",
    "https://lf1-cdn-tos.bytegoofy.com/obj/tos-cn-i-dy/455ccf9e8ae744378118e4bd289288dd"
  ],
  "wallpaper": "http://我不是.肥猫.love:63/ppic/feimao.php",
  "warningText": "接口完全免费，切勿付费购买。",
  "spider": "./pandaQ230928.jar;md5;02c40490ea14c433b66fcc0ce2f2ed94"
}