{
  "sites": [
    {
      "key": "js豆瓣",
      "name": "┃豆瓣┃搜索",
      "type": 3,
      "api": "./js/apiv15drpy2.min.js",
      "ext": "./lib/豆瓣.js"
    },
    {
      "key": "直播转点播",
      "name": "┃电视┃直播",
      "type": 3,
      "api": "./js/apiv33直播转点播2.js",
      "ext": "./json/直播仓.json"
    },
    {
      "key": "爱迪",
      "name": "💡┃爱迪┃影视",
      "type": 3,
      "api": "csp_AppYsV2",
      "playerType": "2",
      "ext": "https://api123.adys.app/xgapp.php/v3/"
    },
    {
      "key": "YQK_spider",
      "name": "🙆┃一起┃电视",
      "api": "csp_YQKAPP",
      "type": 3,
      "filterable": 1,
      "playerType": 2,
      "quickSearch": 1,
      "searchable": 1,
      "ext": "https://hk-api-cf.yqk5659.com"
    },
    {
      "key": "csp_Kunyu77",
      "name": "🌈┃七七┃影视",
      "type": 3,
      "api": "csp_Kunyu77",
      "searchable": 1,
      "quickSearch": 1,
      "filterable": 1
    },
    {
            "key": "js_酷云",
            "name": "🍁┃七七┃[JS]",
            "type": 3,
            "api": "./js/drpy.min.js",
            "searchable": 1,
            "quickSearch": 1,
            "filterable": 1,
            "ext": "./js/酷云77.js"
    },
    {
      "key": "csp_DiDuan",
      "name": "⏮️┃低端┃影视",
      "type": 3,
      "api": "csp_Ddrk",
      "searchable": 1,
      "quickSearch": 1,
      "filterable": 0
    },
    {
      "key": "csp_Bttoo",
      "name": "🔺┃Btto┃影视",
      "api": "csp_Bttwoo",
      "type": 3,
      "filterable": 1,
      "quickSearch": 1,
      "searchable": 1
    },
    {
      "key": "csp_AppMr",
      "name": "👻┃明明┃影视",
      "type": 3,
      "api": "csp_AppMr",
      "searchable": 1,
      "quickSearch": 1,
      "filterable": 1
    },
    {
      "key": "Kuaikan",
      "name": "👀┃快看┃影视",
      "type": 3,
      "api": "csp_Kuaikan",
      "searchable": 1,
      "quickSearch": 1,
      "filterable": 1
    },
    {
      "key": "肥猫",
      "name": "😸┃肥猫┃影视",
      "type": 3,
      "api": "csp_XBPQ",
      "ext": "./json/芸芸.json"
    },
    {
      "key": "落落",
      "name": "🍄┃落落┃影视",
      "type": 3,
      "api": "csp_AppYsV2",
      "searchable": 1,
      "quickSearch": 1,
      "filterable": 1,
      "ext": "http://luoye.shop:66/api.php/app/"
    },
    {
      "key": "飞速",
      "name": "🚄┃飞速┃影视",
      "type": 3,
      "api": "csp_AppYsV2",
      "searchable": 0,
      "quickSearch": 0,
      "filterable": 1,
      "ext": "http://ytcms.lfytyl.com/api.php/app/"
    },
    {
      "key": "csp_蚂蚁影院",
      "name": "🌼┃蚂蚁┃影视",
      "type": 3,
      "api": "csp_XBPQ",
      "searchable": 1,
      "quickSearch": 1,
      "filterable": 1,
      "ext": "./json/蚂蚁影院.json"
    },
    {
      "key": "小艺",
      "name": "🥩┃小艺┃影视",
      "type": 3,
      "api": "csp_AppYsV2",
      "searchable": 1,
      "quickSearch": 1,
      "filterable": 1,
      "ext": "https://lg.tvcms.top/api.php/app/"
    },    
    {
      "key": "csp_Lib",
      "name": "💫┃Lib  ┃影视",
      "type": 3,
      "api": "csp_Libvio",
      "searchable": 1,
      "playerType": 2,
      "quickSearch": 1,
      "filterable": 0,
      "ext": "https://tv.libvio.cc"
    },
    {
      "key": "Lezhu",
      "name": "🐷┃乐猪┃影视",
      "api": "csp_XBPQ",
      "type": 3,
      "filterable": 1,
      "quickSearch": 1,
      "searchable": 1,
      "ext": "./json/乐猪.json"
    },
    {
      "key": "csp_Lgyy",
      "name": "🌀┃蓝光┃影视",
      "type": 3,
      "api": "csp_Lgyy",
      "searchable": 1,
      "quickSearch": 1,
      "filterable": 1,
      "ext": "https://www.lgyy.vip"
    },
    {
      "key": "csp_fant",
      "name": "🍙┃饭团┃影视",
      "type": 3,
      "api": "csp_Fantuan",
      "filterable": 1,
      "quickSearch": 1,
      "searchable": 1,
      "playerType": 1
    },
    {
      "key": "csp_Auete",
      "name": "🏝┃Aue ┃影视",
      "type": 3,
      "api": "csp_Auete",
      "searchable": 1,
      "quickSearch": 1,
      "filterable": 1
    },
    {
      "key": "酷云",
      "name": "😎┃酷云┃影视",
      "type": 3,
      "api": "csp_AppYsV2",
      "ext": "https://ys.realdou.cn/api.php/app/",
      "categories": [
    "4K电影",
    "4K电视剧",
      ]
    },
    {
      "key": "布蕾",
      "name": "🌞┃布蕾┃影视",
      "type": 3,
      "api": "./js/apiv15drpy2.min.js",
      "ext": "./lib/布蕾.js"
    },
    {
      "key": "狐狸",
      "name": "🦊┃狐狸┃影视",
      "type": 3,
      "api": "csp_AppYsV2",
      "playerType": "2",
      "ext": "https://www.kuin.one/api.php/app/"
    },
    {
      "key": "鸭鸭",
      "name": "🦆┃鸭鸭┃影视",
      "type": 3,
      "api": "csp_AppYsV2",
      "searchable": 1,
      "quickSearch": 1,
      "filterable": 1,
      "ext": "https://yayayaaapp.ynf.icu/api.php/app/"
    },
    {
      "key": "drpy_js_奇珍异兽",
      "name": "🐨┃爱奇┃官源",
      "type": 3,
      "api": "./js/apiv15drpy2.min.js",
      "ext": "./lib/爱奇.js"
    },
    {
      "key": "Qtv",
      "name": "🐧┃企鹅┃官源",
      "type": 3,
      "api": "csp_Qtv",
      "searchable": 1,
      "quickSearch": 1,
      "filterable": 1
    },
    {
      "key": "csp_SP360",
      "name": "📺┃360┃官源",
      "type": 3,
      "api": "csp_XBPQ",
      "searchable": 1,
      "quickSearch": 1,
      "filterable": 1,
      "ext": "./json/360影视.json"
    },
    {
      "key": "MGT",
      "name": "🍋┃芒果┃官源",
      "type": 3,
      "api": "csp_Mtv",
      "searchable": 1,
      "quickSearch": 1,
      "filterable": 1
    },
    {
      "key": "csp_Nbys",
      "name": "✈┃泥巴┃墙外",
      "type": 3,
      "api": "csp_NiNi",
      "searchable": 1,
      "quickSearch": 1,
      "filterable": 1
    },
    {
      "key": "csp_trj",
      "name": "✈┃唐人┃墙外",
      "type": 3,
      "api": "csp_Tangrenjie",
      "searchable": 1,
      "quickSearch": 1,
      "filterable": 1
    },
    {
      "key": "csp_If101",
      "name": "✈┃If10 ┃墙外",
      "type": 3,
      "api": "csp_If101",
      "searchable": 1,
      "quickSearch": 1,
      "filterable": 1
    },
    {
      "key": "csp_Xiaoh",
      "name": "✈┃小宝┃墙外",
      "type": 3,
      "api": "csp_Xiaoh",
      "searchable": 1,
      "quickSearch": 1,
      "filterable": 1
    }
  ],
  "lives": [
    {
      "name": "live",
      "type": 0,
      "playerType": 1,
      "url": "./lib/tvzb.txt",
      "ua": "okhttp/3.12.13",
      "epg": "http://epg.51zmt.top:8000/api/diyp/?ch={name}&date={date}",
      "logo": "https://epg.112114.xyz/logo/{name}.png"
    },
    {
      "group": "redirect",
      "channels": [
        {
          "name": "redirect",
          "urls": [
            "proxy://do=live&type=txt&ext=aHR0cDovL+aIkeS4jeaYry7ogqXnjKsubG92ZTo2My9UVi90dnpiLnR4dA=="
          ]
        }
      ]
    }
  ],
  "parses": [
    {
      "name": "解析聚合",
      "type": 3,
      "url": "Demo"
    },
    {
      "name": "Web聚合",
      "type": 3,
      "url": "Web"
    },
    {
      "name": "Json轮询",
      "type": 2,
      "url": "Sequence"
    },
    {
      "name": "Json并发",
      "type": 2,
      "url": "Parallel"
    },
    {
      "name": "但行好事",
      "type": 1,
      "url": "http://jx.fuqizhishi.com:63/接口地址www.肥猫.love/肥猫专用.php?url="
    },
    {
      "name": "莫问前程",
      "type": 1,
      "url": "http://27.124.4.42:4567/jhjson/ceshi.php?url="
    },
    {
      "name": "左岸解析",
      "type": 1,
      "url": "http://110.42.2.247:880/analysis/json/?uid=2449&my=acfgikquvzFGJRW459&url="
    },
    {
      "name": "小城解析",
      "type": 1,
      "url": "https://jx.ccabc.cc/xc/?key=5567332json&url="
    },
    {
      "name": "星辰云解析",
      "type": 1,
      "url": "https://json.key521.cn/api/?key=df27d9ca9ec97e22c47f8565a50aa6f5&url="
    },
    {
      "name": "小新解析",
      "type": 1,
      "url": "http://xiaoxin.1080p.me/home/api?type=ys&uid=2781037&key=eijkoqxBDFGILRTUWZ&url="
    },
    {
      "name": "小鱼解析",
      "type": 1,
      "url": "http://json.84jia.com/home/api?type=ys&uid=335253&key=fjklpqsyCDGMNQRWX8&url="
    },
    {
"name": "夜曲解析",
"type": 1,
"url": "http://xhww.fun:63/小米特别爱肥猫.php?url=",
"ext": {
"flag": ["qq", "腾讯", "qiyi", "爱奇艺", "奇艺", "youku", "优酷", "sohu", "搜狐", "letv", "乐视", "mgtv", "芒果", "CL4K", "renrenmi", "ltnb", "bilibili", "1905", "xigua", "nongmin", "CL4K", "xfyun", "ffm3u8", "lzm3u8", "netease", "pgyer","TD", "qzone", "FY", "ppayun", "Feiyun", "zhibo"],
"header": {
"User-Agent": "Dalvik/2.1.0 (Linux; U; Android 10; PDHM00 Build/QKQ1.191222.002)"

}
}}
  ],
  "rules": [
    {
      "host": "*",
      "rule": [
        "default.365yg.com"
      ]
    },
    {
      "host": "dyxs20.com",
      "rule": [
        ".m3u8"
      ]
    },
    {
      "host": "www.agemys.cc",
      "rule": [
        "cdn-tos",
        "obj/tos-cn"
      ]
    },
    {
      "host": "www.sharenice.net",
      "rule": [
        "http.*?/play.{0,3}\\?[^url]{2,8}=.*"
      ]
    },
    {
      "host": "www.sharenice.net",
      "rule": [
        "qianpailive.com",
        "vid="
      ]
    },
    {
      "host": "*",
      "rule": [
        "douyin.com/aweme",
        "video_id="
      ]
    },
    {
      "host": "*",
      "rule": [
        "huoshan.com",
        "/item/video/"
      ]
    },
    {
      "host": "*",
      "rule": [
        "http((?!http).){12,}?\\.(m3u8|mp4|flv|avi|mkv|rm|wmv|mpg|m4a)\\?.*"
      ]
    },
    {
      "host": "*",
      "rule": [
        "http((?!http).){12,}\\.(m3u8|mp4|flv|avi|mkv|rm|wmv|mpg|m4a)"
      ]
    }
  ],
  "flags": [
    "youku",
    "优酷",
    "优 酷",
    "优酷视频",
    "qq",
    "腾讯",
    "腾 讯",
    "腾讯视频",
    "iqiyi",
    "qiyi",
    "奇艺",
    "爱奇艺",
    "爱 奇 艺",
    "m1905",
    "xigua",
    "letv",
    "leshi",
    "乐视",
    "乐 视",
    "sohu",
    "搜狐",
    "搜 狐",
    "搜狐视频",
    "tudou",
    "pptv",
    "mgtv",
    "芒果",
    "imgo",
    "芒果TV",
    "芒 果 T V",
    "bilibili",
    "哔 哩",
    "哔 哩 哔 哩",
    "FY",
    "fy",
    "FeiYun",
    "feiyun",
    "飞云"
  ],
  "ijk": [
    {
      "group": "软解码",
      "options": [
        {
          "category": 4,
          "name": "opensles",
          "value": "0"
        },
        {
          "category": 4,
          "name": "overlay-format",
          "value": "842225234"
        },
        {
          "category": 4,
          "name": "framedrop",
          "value": "1"
        },
        {
          "category": 4,
          "name": "soundtouch",
          "value": "1"
        },
        {
          "category": 4,
          "name": "start-on-prepared",
          "value": "1"
        },
        {
          "category": 1,
          "name": "http-detect-range-support",
          "value": "0"
        },
        {
          "category": 1,
          "name": "fflags",
          "value": "fastseek"
        },
        {
          "category": 2,
          "name": "skip_loop_filter",
          "value": "48"
        },
        {
          "category": 4,
          "name": "reconnect",
          "value": "1"
        },
        {
          "category": 4,
          "name": "max-buffer-size",
          "value": "5242880"
        },
        {
          "category": 4,
          "name": "enable-accurate-seek",
          "value": "0"
        },
        {
          "category": 4,
          "name": "mediacodec",
          "value": "0"
        },
        {
          "category": 4,
          "name": "mediacodec-auto-rotate",
          "value": "0"
        },
        {
          "category": 4,
          "name": "mediacodec-handle-resolution-change",
          "value": "0"
        },
        {
          "category": 4,
          "name": "mediacodec-hevc",
          "value": "0"
        },
        {
          "category": 1,
          "name": "dns_cache_timeout",
          "value": "600000000"
        }
      ]
    },
    {
      "group": "硬解码",
      "options": [
        {
          "category": 4,
          "name": "opensles",
          "value": "0"
        },
        {
          "category": 4,
          "name": "overlay-format",
          "value": "842225234"
        },
        {
          "category": 4,
          "name": "framedrop",
          "value": "1"
        },
        {
          "category": 4,
          "name": "soundtouch",
          "value": "1"
        },
        {
          "category": 4,
          "name": "start-on-prepared",
          "value": "1"
        },
        {
          "category": 1,
          "name": "http-detect-range-support",
          "value": "0"
        },
        {
          "category": 1,
          "name": "fflags",
          "value": "fastseek"
        },
        {
          "category": 2,
          "name": "skip_loop_filter",
          "value": "48"
        },
        {
          "category": 4,
          "name": "reconnect",
          "value": "1"
        },
        {
          "category": 4,
          "name": "max-buffer-size",
          "value": "5242880"
        },
        {
          "category": 4,
          "name": "enable-accurate-seek",
          "value": "0"
        },
        {
          "category": 4,
          "name": "mediacodec",
          "value": "1"
        },
        {
          "category": 4,
          "name": "mediacodec-auto-rotate",
          "value": "1"
        },
        {
          "category": 4,
          "name": "mediacodec-handle-resolution-change",
          "value": "1"
        },
        {
          "category": 4,
          "name": "mediacodec-hevc",
          "value": "1"
        },
        {
          "category": 1,
          "name": "dns_cache_timeout",
          "value": "600000000"
        }
      ]
    }
  ],
  "ads": [
    "wan.51img1.com",
    "iqiyi.hbuioo.com",
    "vip.ffzyad.com",
    "https://lf1-cdn-tos.bytegoofy.com/obj/tos-cn-i-dy/455ccf9e8ae744378118e4bd289288dd"
  ],
  "wallpaper": "http://我不是.肥猫.love:63/pic/feimao.php",
  "spider": "./jar/feim.jar"
}