{
  "spider": " ./lib/fan1020.jar;md5;9c19e5e073a7f0bd30fed7305fe1bfba",
  "wallpaper": "http://www.kf666888.cn/api/tvbox/img",
  "warningText": "风言锋语提示您：观看《玩偶哥哥》4K源请按提示扫描登录阿里token",
  "lives": [
    {
      "name": "live",
      "type": 0,
      "url": "./lib/612.txt",
      "playerType": 1,
      "ua": "okhttp/3.15",
      "epg": "http://epg.112114.xyz/?ch={name}&date={date}",
      "logo": "https://epg.112114.xyz/logo/{name}.png"
    }
  ],
  "sites": [
    {
      "key": "奇艺",
      "name": "🧚┃少儿┃爱奇艺",
      "type": 3,
      "api": "./lib/drpy1.min.js",
      "ext": "./lib/iqiyi.js"
    },
    {
      "key": "芒果",
      "name": "👼🏻┃少儿┃芒果",
      "type": 3,
      "api": "./lib/drpy1.min.js",
      "ext": "./lib/mgtv.js"
    },
    {
      "key": "优酷",
      "name": "🧜‍┃少儿┃优酷",
      "type": 3,
      "api": "./lib/drpy1.min.js",
      "ext": "./lib/youku.js"
    },
    {
      "key": "腾讯",
      "name": "🎅🏻┃少儿┃腾讯",
      "type": 3,
      "api": "./lib/drpy1.min.js",
      "ext": "./lib/qq.js"
    },
    {
      "key": "豆豆",
      "name": "🔍┃豆瓣┃主页",
      "type": 3,
      "api": "csp_DouDou",
      "searchable": 0,
      "quickSearch": 0,
      "filterable": 0
    },
    {
      "key": "Aid",
      "name": "🚑┃急救┃教学",
      "type": 3,
      "api": "csp_FirstAid",
      "searchable": 0,
      "quickSearch": 0,
      "changeable": 0,
      "style": {
        "type": "rect",
        "ratio": 3.8
      }
    },
    {
      "key": "新片热播",
      "name": "⏳┃新片┃热播",
      "type": 1,
      "api": "https://api.iku.cool/api.php/provide/vod/?ac=list",
      "searchable": 1,
      "quickSearch": 1,
      "filterable": 0,
      "categories": [
        "连续剧",
        "动漫"
      ]
    },
    {
      "key": "Qtv",
      "name": "🐧┃腾讯┃官源",
      "type": 3,
      "playerType": 2,
      "api": "./lib/drpy1.min.js",
      "ext": "./lib/腾讯.js"
    },
    {
      "key": "drpy_js_百忙无果",
      "name": "🥭┃芒果┃官源",
      "type": 3,
      "playerType": 2,
      "api": "./lib/drpy1.min.js",
      "ext": "./lib/百忙无果.js"
    },
    {
      "key": "drpy_js_奇珍异兽",
      "name": "💋┃爱奇┃官源",
      "type": 3,
      "playerType": 2,
      "api": "./lib/drpy1.min.js",
      "ext": "./lib/奇珍异兽.js"
    },
    {
      "key": "drpy_yh",
      "name": "⛽┃优酷┃官源",
      "type": 3,
      "playerType": 2,
      "api": "./lib/drpy1.min.js",
      "ext": "./lib/优酷.js"
    },
    {
      "key": "drpy_js_菜狗",
      "name": "🐕┃官源┃搜狗",
      "type": 3,
      "playerType": 2,
      "api": "./lib/drpy1.min.js",
      "ext": "./lib/搜狗.js"
    },
    {
      "key": "csp_SP360",
      "name": "📀┃360┃官源",
      "type": 3,
      "api": "csp_XBPQ",
      "searchable": 1,
      "quickSearch": 1,
      "filterable": 1,
      "ext": "./lib/360ys.js"
    },
    {
      "key": "csp_WoGG",
      "name": "💂┃玩偶┃哥哥",
      "type": 3,
      "api": "csp_WoGG",
      "searchable": 1,
      "quickSearch": 1,
      "changeable": 0,
      "ext": "https://gist.githubusercontent.com/yf20230412/a6d9e20965e7c5aa9daa12075d662772/raw/token+4k|auto|fhd"
    },
    {
      "key": "毛驴",
      "name": "🍓毛驴┃App",
      "type": 3,
      "api": "csp_MLYS",
      "searchable": 1,
      "quickSearch": 1,
      "changeable": 1,
      "ext": "https://www.maolvys.com/"
    },
    {
      "key": "了猪",
      "name": " 🐷┃乐猪┃BPQ",
      "type": 3,
      "playerType": 2,
      "api": "csp_XBPQ",
      "changeable": 1,
      "jar": "./lib/xiaom.jar;md5;fa797d3f25f35eb3fea9a369bc55620f",
      "ext": {
        "站名": "乐猪影视",
        "主页url": "http://www.lezhutv.com/",
        "请求头": "手机",
        "简介": "tbox_js\"&&</div>",
        "导演": "导演：&&</p>",
        "主演": "主演：&&</p>",
        "影片类型": "yac\"&&</p>",
        "数组": "vbox_t item-lazy\"&&</a>",
        "标题": "title=\"&&\"",
        "副标题": "<span>&&</span>",
        "图片": "data-original=\"&&\"",
        "链接": "href=\"&&\"",
        "搜索url": "/index.php?m=vod-search;post;wd={wd}",
        "搜索模式": "1",
        "搜索后缀": "/detail/",
        "搜索数组": "vbox_t item-lazy\"&&</a>",
        "搜索标题": "title=\"&&\"",
        "搜索副标题": "<span>&&</span>",
        "搜索图片": "data-original=\"&&\"",
        "搜索链接": "href=\"&&\"",
        "线路数组": "<h3>&&/h3>",
        "线路标题": "</i>1.&&<[替换:在线视频(支持手机)1>>玉米无广2K]",
        "播放数组": "list_block show\">&&</ul>",
        "播放标题": ">&&</a>",
        "播放列表": "<li>&&</li>",
        "分类": "电影$1#连续剧$2#综艺$3#动漫$4",
        "嗅探词": "v3.toutiaovod.com#.m3u8#.mp4#/tos/#.mp4",
        "分类url": "http://www.lezhutv.com/list/{cateId}_{catePg}_desc_{by}_{class}_{year}_{letter}_{area}_{lang}.html"
      }
    },
    {
      "key": "dr_兔小贝",
      "name": "📚┃儿童┃启蒙",
      "type": 3,
      "api": "./lib/drpy1.min.js",
      "ext": "./lib/兔小贝.js",
      "searchable": 0,
      "quickSearch": 0,
      "filterable": 0
    },
    {
      "key": "童趣",
      "name": "🍭┃童趣┃",
      "type": 3,
      "api": "./lib/drpy1.min.js",
      "ext": "./lib/童趣.js"
    },
    {
      "key": "幼儿启蒙",
      "name": "🌏┃幼儿┃启蒙",
      "type": 3,
      "api": "csp_Bili",
      "searchable": 0,
      "quickSearch": 1,
      "filterable": 1,
      "ext": "./lib/幼儿启蒙.json"
    },
    {
      "key": "益智",
      "name": "🌏┃益智┃动画",
      "type": 3,
      "api": "csp_Bili",
      "searchable": 0,
      "quickSearch": 0,
      "filterable": 0,
      "ext": "./lib/益智动画.json"
    },
    {
      "key": "幼小衔接",
      "name": "🌏┃幼小┃衔接",
      "type": 3,
      "api": "csp_Bili",
      "searchable": 0,
      "quickSearch": 1,
      "filterable": 1,
      "ext": "./lib/幼小衔接.json"
    },
    {
      "key": "小灯塔",
      "name": "🌏┃小灯塔┃百科",
      "type": 3,
      "api": "csp_Bili",
      "searchable": 0,
      "quickSearch": 1,
      "filterable": 1,
      "ext": "./lib/小灯塔百科.json"
    },
    {
      "key": "小灯塔科学",
      "name": "🌏┃小灯塔┃科学",
      "type": 3,
      "api": "csp_Bili",
      "searchable": 0,
      "quickSearch": 1,
      "filterable": 1,
      "ext": "./lib/小灯塔科学.json"
    },
    {
      "key": "小灯塔地理",
      "name": "🌏┃小灯塔┃地理",
      "type": 3,
      "api": "csp_Bili",
      "searchable": 0,
      "quickSearch": 1,
      "filterable": 1,
      "ext": "./lib/小灯塔地理.json"
    },
    {
      "key": "小灯塔国学",
      "name": "🌏┃小灯塔┃国学",
      "type": 3,
      "api": "csp_Bili",
      "searchable": 0,
      "quickSearch": 1,
      "filterable": 1,
      "ext": "./lib/小灯塔国学.json"
    },
    {
      "key": "小灯塔人文",
      "name": "🌏┃小灯塔┃人文",
      "type": 3,
      "api": "csp_Bili",
      "searchable": 0,
      "quickSearch": 1,
      "filterable": 1,
      "ext": "./lib/小灯塔人文.json"
    },
    {
      "key": "儿童拼音",
      "name": "🌏┃儿童┃拼音",
      "type": 3,
      "api": "csp_Bili",
      "searchable": 0,
      "quickSearch": 1,
      "filterable": 1,
      "ext": "./lib/儿童拼音.json"
    },
    {
      "key": "儿童识字",
      "name": "🌏┃儿童┃识字",
      "type": 3,
      "api": "csp_Bili",
      "searchable": 0,
      "quickSearch": 1,
      "filterable": 1,
      "ext": "./lib/儿童识字.json"
    },
    {
      "key": "儿童英语",
      "name": "🌏┃儿童┃英语",
      "type": 3,
      "api": "csp_Bili",
      "searchable": 0,
      "quickSearch": 1,
      "filterable": 1,
      "ext": "./lib/儿童英语.json"
    },
    {
      "key": "儿童硬笔",
      "name": "🌏┃儿童┃硬笔",
      "type": 3,
      "api": "csp_Bili",
      "searchable": 0,
      "quickSearch": 1,
      "filterable": 1,
      "ext": "./lib/儿童硬笔.json"
    },
    {
      "key": "儿童思维",
      "name": "🌏┃儿童┃思维",
      "type": 3,
      "api": "csp_Bili",
      "searchable": 0,
      "quickSearch": 1,
      "filterable": 1,
      "ext": "./lib/儿童思维.json"
    },
    {
      "key": "儿童口才",
      "name": "🌏┃儿童┃口才",
      "type": 3,
      "api": "csp_Bili",
      "searchable": 0,
      "quickSearch": 1,
      "filterable": 1,
      "ext": "./lib/儿童口才.json"
    },
    {
      "key": "儿童编程",
      "name": "🌏┃儿童┃编程",
      "type": 3,
      "api": "csp_Bili",
      "searchable": 0,
      "quickSearch": 1,
      "filterable": 1,
      "ext": "./lib/儿童编程.json"
    },
    {
      "key": "儿童武术",
      "name": "🌏┃儿童┃武术",
      "type": 3,
      "api": "csp_Bili",
      "searchable": 0,
      "quickSearch": 1,
      "filterable": 1,
      "ext": "./lib/儿童武术.json"
    },
    {
      "key": "兴趣培养",
      "name": "🌏┃兴趣┃培养",
      "type": 3,
      "api": "csp_Bili",
      "searchable": 0,
      "quickSearch": 1,
      "filterable": 1,
      "ext": "./lib/兴趣培养.json"
    },
    {
      "key": "小学",
      "name": "🌏┃小学┃教育",
      "type": 3,
      "api": "csp_Bili",
      "searchable": 0,
      "quickSearch": 1,
      "filterable": 1,
      "ext": "./lib/少儿教育.json"
    },
    {
      "key": "初中",
      "name": "🌏┃初中┃教育",
      "type": 3,
      "api": "csp_Bili",
      "searchable": 0,
      "quickSearch": 1,
      "filterable": 1,
      "ext": "./lib/初中教育.json"
    },
    {
      "key": "高中",
      "name": "🌏┃高中┃教育",
      "type": 3,
      "api": "csp_Bili",
      "searchable": 0,
      "quickSearch": 1,
      "filterable": 1,
      "ext": "./lib/高中教育.json"
    },
    {
      "key": "py_youer",
      "name": "🅱️┃幼儿┃教育",
      "type": 3,
      "api": "py_youer",
      "searchable": 0,
      "quickSearch": 0,
      "filterable": 1,
      "ext": "./lib/幼儿.py"
    },
    {
      "key": "py_xiaoxue",
      "name": "🅱️┃小学┃教育",
      "type": 3,
      "api": "py_xiaoxue",
      "searchable": 0,
      "quickSearch": 0,
      "filterable": 1,
      "ext": "./lib/小学.py"
    },
    {
      "key": "py_czxx",
      "name": "🅱️┃初中┃教育",
      "type": 3,
      "api": "py_czxx",
      "searchable": 0,
      "quickSearch": 0,
      "filterable": 1,
      "ext": "./lib/初中.py"
    },
    {
      "key": "MTV转点播",
      "name": "🎶┃万首┃MTV",
      "type": 3,
      "playerType": 2,
      "api": "./lib/音乐转点播.js",
      "ext": "./lib/MTV2.txt"
    },
    {
      "key": "MV_vod",
      "name": "🤳┃字母┃点歌台",
      "type": 1,
      "api": "https://tvbox-mv--leosam2048.repl.co/mv/vod"
    },
    {
      "key": "dr_263",
      "name": "🌺┃高清┃MV",
      "type": 3,
      "playerType": 2,
      "api": "./lib/drpy1.min.js",
      "ext": "./lib/MV263.js"
    },
    {
      "key": "dr_pgdj",
      "name": "🍎┃苹果┃dj",
      "type": 3,
      "playerType": 2,
      "api": "./lib/drpy1.min.js",
      "ext": "./lib/苹果DJ.js"
    },
    {
      "key": "Zhaozy",
      "name": "🎄┃找资源┃搜索",
      "type": 3,
      "api": "csp_Zhaozy",
      "searchable": 1,
      "quickSearch": 1,
      "filterable": 0,
      "changeable": 0,
      "ext": "https://gist.githubusercontent.com/yf20230412/a6d9e20965e7c5aa9daa12075d662772/raw/token+4k|fhd|auto$$$fanfan$$$qqq111"
    },
    {
      "key": "PanSou",
      "name": "🦊┃盘搜┃搜索",
      "type": 3,
      "api": "csp_PanSou",
      "searchable": 1,
      "quickSearch": 1,
      "filterable": 0,
      "changeable": 0,
      "ext": "https://gist.githubusercontent.com/yf20230412/a6d9e20965e7c5aa9daa12075d662772/raw/token+4k|fhd|auto"
    },
    {
      "key": "UpYun",
      "name": "😻┃Up搜┃搜索",
      "type": 3,
      "api": "csp_UpYun",
      "searchable": 1,
      "quickSearch": 1,
      "filterable": 0,
      "changeable": 0,
      "ext": "https://gist.githubusercontent.com/yf20230412/a6d9e20965e7c5aa9daa12075d662772/raw/token+4k|fhd|auto"
    },
    {
      "key": "PanSearch",
      "name": "🙀┃盘Se┃搜索",
      "type": 3,
      "api": "csp_PanSearch",
      "searchable": 1,
      "quickSearch": 1,
      "filterable": 0,
      "ext": "https://gist.githubusercontent.com/yf20230412/a6d9e20965e7c5aa9daa12075d662772/raw/token+4k|fhd|auto"
    },
    {
      "key": "七夜",
      "name": "😾┃七夜┃搜索",
      "type": 3,
      "api": "csp_Dovx",
      "searchable": 1,
      "quickSearch": 1,
      "filterable": 0,
      "changeable": 0,
      "ext": "https://gist.githubusercontent.com/yf20230412/a6d9e20965e7c5aa9daa12075d662772/raw/token+4k|fhd|auto"
    },
    {
      "key": "push_agent",
      "name": "▶┃推送┃磁力",
      "type": 3,
      "api": "csp_Push",
      "playerType": 1,
      "searchable": 0,
      "quickSearch": 0,
      "filterable": 0,
      "ext": "https://agit.ai/Yoursmile7/TVBox/raw/branch/master/token.txt"
    },
    {
      "key": "csp_Token",
      "name": "📚┃阿里┃Token设置",
      "type": 3,
      "api": "csp_KungFu404",
      "searchable": 1,
      "filterable": 1,
      "changeable": 0,
      "ext": "https://gist.githubusercontent.com/yf20230412/a6d9e20965e7c5aa9daa12075d662772/raw/token",
      "jar": "./lib/aliyun.jar;md5;332d0e5a28640ee88589390ad4a23a39"
    },
    {
      "key": "AD",
      "name": "请勿相信任何广告",
      "type": 3,
      "api": "csp_XBPQ",
      "searchable": 0,
      "quickSearch": 0,
      "filterable": 0 
    },
    {
      "key": "cc",
      "name": "公众号【风言锋语88】",
      "type": 3,
      "api": "csp_XPath",
      "searchable": 0,
      "quickSearch": 0,
      "filterable": 0
    }
  ],
  "parses": [
    {
      "name": "超级聚合",
      "type": 3,
      "url": "Demo"
    },
    {
      "name": "超级嗅探",
      "type": 3,
      "url": "Web"
    },
    {
      "name": "超级轮询",
      "type": 2,
      "url": "Sequence"
    },
    {
      "name": "超级并发",
      "type": 2,
      "url": "Parallel"
    },
    {
      "name": "秒开",
      "type": 1,
      "url": "http://119.91.123.253:1234/Api/cs.php?url="
    },
   
    {
      "name": "77",
      "type": 1,
      "url": "https://api.tyun77.cn/api.php/provide/parseDicturl?url="
    },
    {
      "name": "叉车",
      "type": 1,
      "url": "http://cache.json.icu/1804857380.php?url="
    },
    {
      "name": "影领",
      "type": 1,
      "url": "http://json.itcxo.cn/api/?key=yOf0ntpu00xdbjnFjo&url="
    },
    {
      "name": "蓝鹰",
      "type": 1,
      "url": "http://42.157.128.109:2323/CH/app/tv.php?url="
    },
    {
      "name": "视界",
      "type": 1,
      "url": "http://175.178.183.192:84/api/?key=f3913eb3f85a8298b3e6e427b8712b2e&url="
    },
    {
      "name": "精选1",
      "type": 1,
      "url": "http://json.84jia.com/home/api?type=ys&uid=335253&key=fjklpqsyCDGMNQRWX8&url="
    },
    {
      "name": "精选2",
      "type": 0,
      "url": "https://jx.777jiexi.com/player/?url="
    },
    {
      "name": "精选3",
      "type": 1,
      "url": "https://jx.ccabc.cc/xc/?key=5567332json&url="
    },
    {
      "name": "精选4",
      "type": 0,
      "url": "https://jx.jsonplayer.com/player/?url="
    },
    {
      "name": "精选5",
      "type": 1,
      "url": "http://jx.wogg.link:63/jiexi/饭特析.php?url="
    },
    {
      "name": "精选6",
      "type": 1,
      "url": "http://27.124.4.42:4567/jhjson/ceshi.php?url=",
      "User-Agent": "okhttp/3.12.0",
      "ext": {
        "flag": [
          "qq",
          "腾讯",
          "qiyi",
          "爱奇艺",
          "奇艺",
          "youku",
          "优酷",
          "sohu",
          "搜狐",
          "letv",
          "乐视",
          "yk",
          "mgtv",
          "芒果",
          "CL4K",
          "renrenmi",
          "ltnb",
          "bilibili",
          "1905",
          "xigua"
        ]
      }
    },
    {
      "name": "精选7",
      "type": 0,
      "url": "https://www.yemu.xyz/?url=",
      "ext": {
        "flag": [
          "qq",
          "腾讯",
          "qiyi",
          "爱奇艺",
          "奇艺",
          "youku",
          "优酷",
          "mgtv",
          "芒果",
          "letv",
          "乐视",
          "pptv",
          "PPTV",
          "sohu",
          "bilibili",
          "哔哩哔哩",
          "哔哩"
        ],
        "header": {
          "User-Agent": "okhttp/4.1.0"
        }
      }
    },
    {
      "name": "精选8",
      "type": 0,
      "url": "https://jx.xmflv.com/?url=",
      "ext": {
        "flag": [
          "qq",
          "腾讯",
          "qiyi",
          "爱奇艺",
          "奇艺",
          "youku",
          "优酷",
          "mgtv",
          "芒果",
          "imgo",
          "letv",
          "乐视",
          "pptv",
          "PPTV",
          "sohu",
          "bilibili",
          "哔哩哔哩",
          "哔哩"
        ],
        "header": {
          "User-Agent": "okhttp/4.1.0"
        }
      }
    },
    {
      "name": "精选9",
      "url": "https://jx.bozrc.com:4433/player/?url=",
      "type": 0,
      "ext": {
        "flag": [
          "qiyi",
          "imgo",
          "爱奇艺",
          "奇艺",
          "qq",
          "腾讯",
          "youku",
          "优酷",
          "pptv",
          "PPTV",
          "letv",
          "乐视",
          "leshi",
          "bilibili",
          "哔哩哔哩",
          "哔哩",
          "mgtv",
          "芒果",
          "sohu",
          "xigua",
          "fun",
          "风行"
        ],
        "header": {
          "User-Agent": "Mozilla/5.0"
        }
      }
    },
    {
      "name": "精选10",
      "type": 0,
      "url": "https://jx.zhanlangbu.com/?url="
    },
    {
      "name": "精选11",
      "type": 1,
      "url": "https://www.h8jx.com/jiexi.php?url="
    },
    {
      "name": "精选12",
      "type": 1,
      "url": "https://vip.bljiex.com/?v="
    },
    {
      "name": "精选13",
      "type": 1,
      "url": "https://api.jiexi.la/?url="
    },
    {
      "name": "精选14",
      "type": 1,
      "url": "https://jiexi.janan.net/jiexi/?url="
    },
    {
      "name": "精选15",
      "type": 1,
      "url": "http://xhww.fun:63/小米特别爱肥猫.php?url=",
      "ext": {
        "flag": [
          "mgtv",
          "qiyi",
          "imgo",
          "爱奇艺",
          "奇艺",
          "qq",
          "腾讯",
          "youku",
          "优酷",
          "pptv",
          "PPTV",
          "letv",
          "乐视",
          "leshi",
          "bilibili",
          "哔哩哔哩",
          "哔哩",
          "mgtv",
          "芒果",
          "芒果"
        ],
        "header": {
          "User-Agent": "okhttp/3.12.0"
        }
      }
    },
    {
      "name": "精选16",
      "type": 1,
      "url": "http://xhww.fun:63/fy8.php?v=",
      "ext": {
        "flag": [
          "FY"
        ],
        "header": {
          "User-Agent": "okhttp/3.12.0"
        }
      }
    },
    {
      "name": "精选17",
      "type": 1,
      "url": "http://27.124.4.42:4567//jhjson//ceshi.php?url=",
      "ext": {
        "flag": [
          "mgtv",
          "qiyi",
          "imgo",
          "爱奇艺",
          "奇艺",
          "qq",
          "腾讯",
          "youku",
          "优酷",
          "pptv",
          "PPTV",
          "letv",
          "乐视",
          "leshi",
          "bilibili",
          "哔哩哔哩",
          "哔哩",
          "mgtv",
          "芒果",
          "芒果"
        ],
        "header": {
          "User-Agent": "okhttp/3.12.0"
        }
      }
    },
    {
      "name": "精选18",
      "type": 1,
      "url": "https://qq.396pay.cn/home/api?type=ys&uid=3927563&key=ainsuwyBDEFGNQS037&url=",
      "flag": [
        "JHA",
        "JHB"
      ]
    },
    {
      "name": "精选19",
      "type": 1,
      "url": "https://jx.255tv.tk/api/?key=S6kQHaE1gVEY5KAv8L&url=",
      "ext": {
        "flag": [
          "imgo",
          "mgtv",
          "芒果"
        ]
      }
    },
    {
      "name": "精选20",
      "type": 1,
      "url": "http://110.42.2.247:880/analysis/json/?uid=2449&my=acfgikquvzFGJRW459&format=data&url=",
      "ext": {
        "flag": [
          "mgtv",
          "qiyi",
          "imgo",
          "爱奇艺",
          "奇艺",
          "qq",
          "腾讯",
          "youku",
          "优酷",
          "pptv",
          "PPTV",
          "letv",
          "乐视",
          "leshi",
          "bilibili",
          "哔哩哔哩",
          "哔哩",
          "mgtv"
        ],
        "header": {
          "User-Agent": "okhttp/3.12.0"
        }
      }
    },
    {
      "name": "精选21",
      "type": 1,
      "url": "https://jxjson.cf/json.php?url=",
      "ext": {
        "flag": [
          "YuMi",
          "YuMi-vip"
        ]
      }
    },
    {
      "name": "精选22",
      "type": 1,
      "url": "http://61.147.93.21:8090/index.php?url=",
      "ext": {
        "flag": [
          "YuMi-vip"
        ],
        "header": {
          "User-Agent": "okhttp/4.1.0"
        }
      }
    },
    {
      "name": "精选23",
      "type": 1,
      "url": "https://www.mtosz.com/m3u8.php?url="
    },
    {
      "name": "精选24",
      "type": 1,
      "url": "http://119.91.31.224:81/txjx.php?url="
    },
    {
      "name": "精选25",
      "type": 1,
      "url": "https://vip.daina.hk/fyzy/json.php?&url=",
      "ext": {
        "flag": [
          "qq",
          "腾讯",
          "qiyi",
          "爱奇艺",
          "奇艺",
          "youku",
          "优酷",
          "sohu",
          "搜狐",
          "letv",
          "乐视",
          "yk",
          "CL4K",
          "renrenmi",
          "ltnb",
          "bilibili",
          "1905",
          "xigua"
        ]
      }
    },
    {
      "name": "精选26",
      "type": 1,
      "url": "http://json.youguo520.top/fufeng/?url=",
      "ext": {
        "flag": [
          "qq",
          "腾讯",
          "qiyi",
          "iqiyi",
          "爱奇艺",
          "奇艺",
          "youku",
          "优酷",
          "mgtv",
          "芒果",
          "letv",
          "乐视",
          "pptv",
          "PPTV",
          "sohu",
          "bilibili",
          "哔哩哔哩",
          "哔哩"
        ],
        "header": {
          "User-Agent": "Dart/2.14(dart:io)"
        }
      }
    },
    {
      "name": "精选27",
      "type": 1,
      "url": "http://123.57.56.94:9931/lanlan/?url="
    },
    {
      "name": "精选28",
      "type": 0,
      "url": "https://rx.69mj.com/?url=",
      "ext": {
        "flag": [
          "rx",
          "qq",
          "腾讯",
          "qiyi",
          "爱奇艺",
          "奇艺",
          "youku",
          "优酷",
          "mgtv",
          "芒果"
        ]
      }
    },
    {
      "name": "精选29",
      "type": 1,
      "url": "http://lanlan.ckflv.cn/?url=",
      "ext": {
        "flag": [
          "qiyi",
          "qq",
          "letv",
          "sohu",
          "youku",
          "mgtv",
          "bilibili",
          "wasu",
          "xigua",
          "1905"
        ]
      }
    },
    {
      "name": "精选30",
      "type": 1,
      "url": "http://110.42.2.247:880/analysis/json/?uid=2384&my=bcijquvxAFKMUY0579&format=json&url=",
      "ext": {
        "flag": [
          "qq",
          "腾讯",
          "qiyi",
          "爱奇艺",
          "奇艺",
          "youku",
          "优酷",
          "mgtv",
          "芒果",
          "letv",
          "leshi",
          "LS",
          "pptv",
          "PPTV",
          "sohu",
          "bilibili",
          "哔哩哔哩",
          "哔哩"
        ],
        "header": {
          "User-Agent": "okhttp/3.12.13"
        }
      }
    },
    {
      "name": "精选31",
      "type": 1,
      "url": "http://110.42.2.247:880/analysis/json/?uid=2100&my=ehilmnqyCDGHILNUXZ&mgtv=app&url=",
      "ext": {
        "flag": [
          "qq",
          "腾讯",
          "qiyi",
          "爱奇艺",
          "奇艺",
          "youku",
          "优酷",
          "mgtv",
          "芒果",
          "letv",
          "leshi",
          "LS",
          "pptv",
          "PPTV",
          "sohu",
          "bilibili",
          "哔哩哔哩",
          "哔哩"
        ],
        "header": {
          "User-Agent": "okhttp/3.12.13"
        }
      }
    },
    {
      "name": "精选32",
      "type": 1,
      "url": "https://jx.yangtu.top/?url="
    },
    {
      "name": "精选33",
      "type": 1,
      "url": "http://110.42.2.247:880/analysis/json/?uid=2255&my=eimqrtwxBCDIKT2458&format=json&url=",
      "ext": {
        "flag": [
          "qq",
          "腾讯",
          "qiyi",
          "爱奇艺",
          "奇艺",
          "youku",
          "优酷",
          "mgtv",
          "芒果",
          "letv",
          "leshi",
          "LS",
          "pptv",
          "PPTV",
          "sohu",
          "bilibili",
          "哔哩哔哩",
          "哔哩"
        ],
        "header": {
          "User-Agent": "okhttp/3.12.13"
        }
      }
    },
    {
      "name": "精选34",
      "type": 1,
      "url": "http://json.84jia.com/home/api?type=ys&uid=309258&key=jmoruvzDFNRSTV0156&url=",
      "ext": {
        "flag": [
          "qiyi",
          "imgo",
          "爱奇艺",
          "奇艺",
          "qq",
          "腾讯",
          "youku",
          "优酷",
          "pptv",
          "PPTV",
          "letv",
          "乐视",
          "leshi",
          "bilibili",
          "哔哩哔哩",
          "哔哩",
          "mgtv",
          "芒果",
          "sohu",
          "xigua",
          "fun",
          "风行"
        ],
        "header": {
          "User-Agent": "LuaSocket3.0-rc1"
        }
      },
      "header": {
        "User-Agent": "LuaSocket3.0-rc1"
      }
    },
    {
      "name": "精选35",
      "type": 1,
      "url": "http://xiaoxin.1080p.fun/home/api?type=ys&uid=13270&key=bfmrtvwyBGIJQRUVZ7&url="
    },
    {
      "name": "精选36",
      "type": 1,
      "url": "http://xiaoxin.1080p.fun/home/api?type=ys&uid=91198&key=bhntuwyAJLMTUY1478&url="
    },
    {
      "name": "精选37",
      "type": 1,
      "url": "https://jx.4kdv.com/?url="
    },
    {
      "name": "精选38",
      "type": 1,
      "url": "https://www.8090g.cn/?url="
    },
    {
      "name": "精选39",
      "type": 1,
      "url": "https://jx.000180.top/jx/?url="
    },
    {
      "name": "精选40",
      "type": 1,
      "url": "https://jx.zxzj.vip/dplayer.php?url="
    },
    {
      "name": "精选41",
      "type": 1,
      "url": "http://pandown.pro/app/kkdy.php?url="
    },
    {
      "name": "精选42",
      "type": 0,
      "url": "https://vip.lianfaka.com/vip/?url=",
      "ext": {
        "flag": [
          "qq",
          "腾讯",
          "qiyi",
          "爱奇艺",
          "奇艺",
          "youku",
          "优酷",
          "mgtv",
          "芒果",
          "letv",
          "乐视",
          "pptv",
          "PPTV",
          "sohu",
          "bilibili",
          "哔哩哔哩",
          "哔哩"
        ],
        "header": {
          "User-Agent": "okhttp/4.1.0"
        }
      }
    },
    {
      "name": "精选43",
      "type": 1,
      "url": "https://json.key521.cn/api/?key=df27d9ca9ec97e22c47f8565a50aa6f5&url=",
      "ext": {
        "flag": [
          "qq",
          "腾讯",
          "企鹅",
          "IQiYi",
          "qiyi",
          "爱奇艺",
          "奇艺",
          "youku",
          "YouKu",
          "优酷",
          "sohu",
          "SoHu",
          "搜狐",
          "letv",
          "LeShi",
          "乐视",
          "imgo",
          "mgtv",
          "MangGuo",
          "芒果",
          "SLYS4k",
          "BYGA",
          "luanzi",
          "AliS",
          "dxzy",
          "bilibili",
          "QEYSS",
          "xigua",
          "西瓜视频",
          "腾讯视频",
          "奇艺视频",
          "优酷视频",
          "芒果视频",
          "乐视视频"
        ]
      }
    },
    {
      "name": "精选44",
      "type": 1,
      "url": "http://htp.behds.cn/json/520237app7/mlzjphp111.php?url=",
      "ext": {
        "flag": [
          "qq",
          "腾讯",
          "qiyi",
          "爱奇艺",
          "奇艺",
          "youku",
          "优酷",
          "mgtv",
          "芒果",
          "letv",
          "乐视",
          "pptv",
          "PPTV",
          "sohu",
          "bilibili",
          "FY",
          "哔哩"
        ],
        "header": {
          "User-Agent": "okhttp/4.1.0"
        }
      }
    },
    {
      "name": "精选45",
      "type": 1,
      "url": "https://go.yh0523.cn/y.cy?url="
    },
    {
      "name": "精选46",
      "type": 1,
      "url": "https://www.1717yun.com/jx/ty.php?url="
    },
    {
      "name": "精选47",
      "type": 0,
      "url": "https://yun.ckmov.com/?url=",
      "ext": {
        "flag": [
          "qq",
          "腾讯",
          "qiyi",
          "爱奇艺",
          "奇艺",
          "youku",
          "优酷",
          "mgtv",
          "芒果",
          "letv",
          "乐视",
          "pptv",
          "PPTV",
          "sohu",
          "bilibili",
          "哔哩哔哩",
          "哔哩"
        ],
        "header": {
          "User-Agent": "okhttp/4.1.0"
        }
      }
    },
    {
      "name": "精选48",
      "type": 0,
      "url": "https://www.nxflv.com/?url=",
      "ext": {
        "flag": [
          "qq",
          "腾讯",
          "企鹅",
          "IQiYi",
          "qiyi",
          "爱奇艺",
          "奇艺",
          "youku",
          "YouKu",
          "优酷",
          "sohu",
          "SoHu",
          "搜狐",
          "letv",
          "LeShi",
          "乐视",
          "imgo",
          "mgtv",
          "MangGuo",
          "芒果",
          "SLYS4k",
          "BYGA",
          "luanzi",
          "AliS",
          "dxzy",
          "bilibili",
          "QEYSS",
          "xigua",
          "西瓜视频",
          "腾讯视频",
          "奇艺视频",
          "优酷视频",
          "芒果视频",
          "乐视视频"
        ]
      }
    },
    {
      "name": "精选49",
      "type": 0,
      "url": "https://jx.m3u8.pw/?url="
    },
    {
      "name": "精选50",
      "type": 1,
      "url": "https://jx.blbo.cc:4433/?url="
    },
    {
      "name": "精选51",
      "type": 1,
      "url": "https://jx.nnxv.cn/tv.php?url="
    },
    {
      "name": "精选52",
      "type": 1,
      "url": "https://api.qianqi.net/vip/?url="
    },
    {
      "name": "精选53",
      "type": 1,
      "url": "https://123.1dior.cn/?url="
    },
    {
      "name": "精选54",
      "type": 1,
      "url": "https://www.ckplayer.vip/jiexi/?url="
    },
    {
      "name": "精选55",
      "type": 1,
      "url": "https://www.ckmov.vip/api.php?url="
    },
    {
      "name": "精选56",
      "type": 1,
      "url": "https://jx.playerjy.com/?url="
    },
    {
      "name": "精选57",
      "type": 1,
      "url": "https://ckmov.ccyjjd.com/ckmov/?url="
    },
    {
      "name": "精选58",
      "type": 1,
      "url": "https://www.ckmov.com/?url="
    },
    {
      "name": "精选59",
      "type": 1,
      "url": "https://mg.zrjx.xyz/?url=",
      "ext": {
        "flag": [
          "qq",
          "腾讯",
          "qiyi",
          "爱奇艺",
          "奇艺",
          "youku",
          "优酷",
          "sohu",
          "搜狐",
          "letv",
          "乐视",
          "mgtv",
          "芒果",
          "rx",
          "ltnb",
          "bilibili",
          "1905",
          "xigua"
        ]
      }
    },
    {
      "name": "精选60",
      "type": 1,
      "url": "http://app.lyyyt/?url=",
      "header": {
        "User-Agent": "okhttp/4.1.0"
      }
    },
    {
      "name": "精选61",
      "type": 1,
      "url": "http://xn--wnup5g.xn--z7x900a.love:63/Art1/analysis.php?v=",
      "ext": {
        "flag": [
          "qq",
          "腾讯",
          "企鹅",
          "IQiYi",
          "qiyi",
          "爱奇艺",
          "奇艺",
          "youku",
          "YouKu",
          "优酷",
          "sohu",
          "SoHu",
          "搜狐",
          "letv",
          "LeShi",
          "乐视",
          "imgo",
          "mgtv",
          "MangGuo",
          "芒果",
          "SLYS4k",
          "BYGA",
          "luanzi",
          "AliS",
          "dxzy",
          "bilibili",
          "QEYSS",
          "xigua",
          "西瓜视频",
          "腾讯视频",
          "奇艺视频",
          "优酷视频",
          "芒果视频",
          "乐视视频"
        ]
      }
    },
    {
      "name": "️精选62",
      "type": 0,
      "url": "https://www.pangujiexi.com/pangu/?url="
    },
    {
      "name": "精选63",
      "type": 1,
      "url": "https://www.administratorw.com/video.php?url="
    },
    {
      "name": "精选64",
      "type": 1,
      "url": "https://www.pangujiexi.cc/jiexi.php?url="
    },
    {
      "name": "精选65",
      "type": 0,
      "url": "https://jx.iztyy.com/svip/?url="
    },
    {
      "name": "精选66",
      "type": 1,
      "url": "http://m3u8.lyyytv.cn/json.php?url=",
      "ext": {
        "flag": [
          "qq",
          "腾讯",
          "qiyi",
          "爱奇艺",
          "奇艺",
          "youku",
          "优酷",
          "sohu",
          "搜狐",
          "letv",
          "乐视",
          "mgtv",
          "芒果",
          "rx",
          "ltnb",
          "bilibili",
          "1905",
          "xigua"
        ]
      }
    },
    {
      "name": "精选67",
      "type": 1,
      "url": "https://vip.xiaomaomi.tv/api.php?key=afkrtuyDGHLMPTV567&url=",
      "ext": {
        "flag": [
          "qq",
          "腾讯",
          "qiyi",
          "爱奇艺",
          "奇艺",
          "youku",
          "优酷",
          "sohu",
          "搜狐",
          "letv",
          "乐视",
          "mgtv",
          "芒果",
          "rx",
          "ltnb",
          "bilibili",
          "1905",
          "xigua"
        ]
      }
    },
    {
      "name": "精选68",
      "type": 1,
      "url": "https://c.jonwer.cn/home/api?type=ys&uid=13139054&key=cdouvyDGNOPTV01369&url=",
      "ext": {
        "flag": [
          "qq",
          "腾讯",
          "qiyi",
          "爱奇艺",
          "奇艺",
          "youku",
          "优酷",
          "sohu",
          "搜狐",
          "letv",
          "乐视",
          "mgtv",
          "芒果",
          "rx",
          "ltnb",
          "bilibili",
          "1905",
          "xigua"
        ]
      }
    },
    {
      "name": "精选69",
      "type": 0,
      "url": "https://jx.m3u8.tv/jiexi/?url=",
      "ext": {
        "flag": [
          "qq",
          "腾讯",
          "qiyi",
          "iqiyi",
          "爱奇艺",
          "奇艺",
          "youku",
          "优酷",
          "mgtv",
          "芒果",
          "letv",
          "乐视",
          "pptv",
          "PPTV",
          "sohu",
          "bilibili",
          "哔哩哔哩",
          "哔哩"
        ]
      }
    },
    {
      "name": "精选70",
      "type": 0,
      "url": "https://okjx.cc/?url=",
      "ext": {
        "flag": [
          "qq",
          "腾讯",
          "qiyi",
          "iqiyi",
          "爱奇艺",
          "奇艺",
          "youku",
          "优酷",
          "mgtv",
          "芒果",
          "letv",
          "乐视",
          "pptv",
          "PPTV",
          "sohu",
          "bilibili",
          "哔哩哔哩",
          "哔哩"
        ]
      }
    },
    {
      "name": "精选71",
      "type": 1,
      "url": "https://epay.99xim.cn/ccc/?url=",
      "ext": {
        "flag": [
          "qq",
          "腾讯",
          "qiyi",
          "爱奇艺",
          "奇艺",
          "youku",
          "优酷",
          "sohu",
          "搜狐",
          "letv",
          "乐视",
          "mgtv",
          "芒果",
          "rx",
          "ltnb",
          "bilibili",
          "1905",
          "xigua"
        ]
      }
    },
    {
      "name": "精选72",
      "type": 1,
      "url": "http://lflong.lyyytv.cn/json.php?url=",
      "ext": {
        "flag": [
          "qq",
          "腾讯",
          "qiyi",
          "爱奇艺",
          "奇艺",
          "youku",
          "优酷",
          "sohu",
          "搜狐",
          "letv",
          "乐视",
          "mgtv",
          "芒果",
          "rx",
          "ltnb",
          "bilibili",
          "1905",
          "xigua"
        ]
      }
    },
    {
      "name": "精选73",
      "type": 1,
      "url": "https://kk.hdjh.xyz/home/api?type=ys&uid=5282164&key=cdfqstuwCFJSTWX679&url=",
      "ext": {
        "flag": [
          "qq",
          "腾讯",
          "qiyi",
          "爱奇艺",
          "奇艺",
          "youku",
          "优酷",
          "sohu",
          "搜狐",
          "letv",
          "乐视",
          "mgtv",
          "芒果",
          "rx",
          "ltnb",
          "bilibili",
          "1905",
          "xigua"
        ]
      }
    }
  ],
  "doh": [
    {
      "name": "Google",
      "url": "https://dns.google/dns-query",
      "ips": [
        "8.8.4.4",
        "8.8.8.8"
      ]
    },
    {
      "name": "Cloudflare",
      "url": "https://cloudflare-dns.com/dns-query",
      "ips": [
        "1.1.1.1",
        "1.0.0.1",
        "2606:4700:4700::1111",
        "2606:4700:4700::1001"
      ]
    },
    {
      "name": "AdGuard",
      "url": "https://dns.adguard.com/dns-query",
      "ips": [
        "94.140.14.140",
        "94.140.14.141"
      ]
    },
    {
      "name": "DNSWatch",
      "url": "https://resolver2.dns.watch/dns-query",
      "ips": [
        "84.200.69.80",
        "84.200.70.40"
      ]
    },
    {
      "name": "Quad9",
      "url": "https://dns.quad9.net/dns-quer",
      "ips": [
        "9.9.9.9",
        "149.112.112.112"
      ]
    }
  ],
  "rules": [
    {
      "host": "*",
      "rule": [
        "default.365yg.com"
      ]
    },
    {
      "host": "dyxs20.com",
      "rule": [
        ".m3u8"
      ]
    },
    {
      "host": "www.agemys.cc",
      "rule": [
        "cdn-tos",
        "obj/tos-cn"
      ]
    },
    {
      "host": "www.sharenice.net",
      "rule": [
        "http.*?/play.{0,3}\\?[^url]{2,8}=.*"
      ]
    },
    {
      "host": "www.sharenice.net",
      "rule": [
        "qianpailive.com",
        "vid="
      ]
    },
    {
      "host": "*",
      "rule": [
        "douyin.com/aweme",
        "video_id="
      ]
    },
    {
      "host": "*",
      "rule": [
        "huoshan.com",
        "/item/video/"
      ]
    },
    {
      "host": "*",
      "rule": [
        "http((?!http).){12,}?\\.(m3u8|mp4|flv|avi|mkv|rm|wmv|mpg|m4a)\\?.*"
      ]
    },
    {
      "host": "*",
      "rule": [
        "http((?!http).){12,}\\.(m3u8|mp4|flv|avi|mkv|rm|wmv|mpg|m4a)"
      ]
    },
    {
      "name": "量子",
      "hosts": [
        "vip.lz",
        "hd.lz"
      ],
      "regex": [
        "#EXT-X-DISCONTINUITY\\r*\\n*#EXTINF:6.433333,[\\s\\S]*?#EXT-X-DISCONTINUITY",
        "#EXTINF.*?\\s+.*?1o.*?\\.ts\\s+"
      ]
    },
    {
      "name": "非凡",
      "hosts": [
        "vip.ffzy",
        "hd.ffzy"
      ],
      "regex": [
        "#EXT-X-DISCONTINUITY\\r*\\n*#EXTINF:6.666667,[\\s\\S]*?#EXT-X-DISCONTINUITY",
        "#EXTINF.*?\\s+.*?1o.*?\\.ts\\s+"
      ]
    },
    {
      "name": "抖音",
      "hosts": [
        "douyin.com"
      ],
      "regex": [
        "is_play_url="
      ]
    }
  ],
  "flags": [
    "youku",
    "qq",
    "iqiyi",
    "imgo",
    "xueren",
    "m1905",
    "qiyi",
    "letv",
    "sohu",
    "tudou",
    "pptv",
    "dbm3u8",
    "mgtv",
    "wasu",
    "bilibili",
    "le",
    "duoduozy",
    "renrenmi",
    "xigua",
    "优酷",
    "西瓜",
    "乐视",
    "芒果",
    "腾讯",
    "爱奇艺",
    "奇艺",
    "ltnb",
    "rx",
    "CL4K",
    "xfyun",
    "wuduzy",
    "哔哩哔哩",
    "哔哩"
  ],
  "ijk": [
    {
      "group": "软解码",
      "options": [
        {
          "category": 4,
          "name": "opensles",
          "value": "0"
        },
        {
          "category": 4,
          "name": "overlay-format",
          "value": "842225234"
        },
        {
          "category": 4,
          "name": "framedrop",
          "value": "1"
        },
        {
          "category": 4,
          "name": "soundtouch",
          "value": "1"
        },
        {
          "category": 4,
          "name": "start-on-prepared",
          "value": "1"
        },
        {
          "category": 1,
          "name": "http-detect-range-support",
          "value": "0"
        },
        {
          "category": 1,
          "name": "fflags",
          "value": "fastseek"
        },
        {
          "category": 2,
          "name": "skip_loop_filter",
          "value": "48"
        },
        {
          "category": 4,
          "name": "reconnect",
          "value": "1"
        },
        {
          "category": 4,
          "name": "enable-accurate-seek",
          "value": "0"
        },
        {
          "category": 4,
          "name": "mediacodec",
          "value": "0"
        },
        {
          "category": 4,
          "name": "mediacodec-auto-rotate",
          "value": "0"
        },
        {
          "category": 4,
          "name": "mediacodec-handle-resolution-change",
          "value": "0"
        },
        {
          "category": 4,
          "name": "mediacodec-hevc",
          "value": "0"
        },
        {
          "category": 1,
          "name": "dns_cache_timeout",
          "value": "600000000"
        }
      ]
    },
    {
      "group": "硬解码",
      "options": [
        {
          "category": 4,
          "name": "opensles",
          "value": "0"
        },
        {
          "category": 4,
          "name": "overlay-format",
          "value": "842225234"
        },
        {
          "category": 4,
          "name": "framedrop",
          "value": "1"
        },
        {
          "category": 4,
          "name": "soundtouch",
          "value": "1"
        },
        {
          "category": 4,
          "name": "start-on-prepared",
          "value": "1"
        },
        {
          "category": 1,
          "name": "http-detect-range-support",
          "value": "0"
        },
        {
          "category": 1,
          "name": "fflags",
          "value": "fastseek"
        },
        {
          "category": 2,
          "name": "skip_loop_filter",
          "value": "48"
        },
        {
          "category": 4,
          "name": "reconnect",
          "value": "1"
        },
        {
          "category": 4,
          "name": "enable-accurate-seek",
          "value": "0"
        },
        {
          "category": 4,
          "name": "mediacodec",
          "value": "1"
        },
        {
          "category": 4,
          "name": "mediacodec-auto-rotate",
          "value": "1"
        },
        {
          "category": 4,
          "name": "mediacodec-handle-resolution-change",
          "value": "1"
        },
        {
          "category": 4,
          "name": "mediacodec-hevc",
          "value": "1"
        },
        {
          "category": 1,
          "name": "dns_cache_timeout",
          "value": "600000000"
        }
      ]
    }
  ],
  "ads": [
    "wan.51img1.com",
    "iqiyi.hbuioo.com",
    "vip.ffzyad.com",
    "https://lf1-cdn-tos.bytegoofy.com/obj/tos-cn-i-dy/455ccf9e8ae744378118e4bd289288dd"
  ]
}