{
  "spider": " ./lib/fan929.jar;md5;9d742bf942adf729cadceba23f83ebd8",
  "wallpaper": "http://www.kf666888.cn/api/tvbox/img",
  "warningText": "风言锋语提示您：观看《玩偶哥哥》4K源请按提示扫描登录阿里token" , 
  "lives": [
    {
      "name": "live",
      "type": 0,
      "url": "./lib/612.txt",
      "epg": "http://epg.51zmt.top:8000/api/diyp/?ch={name}&date={date}",
      "logo": "https://epg.112114.xyz/logo/{name}.png"
    },
    {
      "group": "redirect",
      "channels": [
        {
          "name": "redirect",
          "urls": [
            "proxy://do=live&type=txt&ext=aHR0cHM6Ly9naHByb3h5Lm5ldC9odHRwczovL3Jhdy5naXRodWJ1c2VyY29udGVudC5jb20veWYyMDIzMDQxMi9tYXN0ZXIvbWFpbi9UdkJveC9UVi82MTIudHh0"
          ]
        }
      ]
    }
  ],
  "sites": [
    {
      "key": "新片热播",
      "name": "⏳┃新片┃热播",
      "type": 1,
      "api": "https://api.iku.cool/api.php/provide/vod/?ac=list",
      "searchable": 1,
      "quickSearch": 1,
      "filterable": 0,
      "categories": [
        "连续剧",
        "动漫"
      ]
    },
    {
      "key": "豆瓣",
      "name": "🔍┃豆瓣┃主页",
      "type": 3,
      "api": "csp_DouDou",
      "searchable": 0,
      "quickSearch": 0,
      "filterable": 0
    },
    {
      "key": "Qtv",
      "name": "🐧┃腾讯┃官源",
      "type": 3,
      "api": "csp_Qtv",
      "searchable": 1,
      "quickSearch": 1,
      "filterable": 1,
      "changeable": 0
    },
    {
      "key": "drpy_js_百忙无果",
      "name": "🥭┃芒果┃官源",
      "type": 3,
      "playerType": 2,
      "api": "./lib/drpy1.min.js",
      "ext": "./lib/百忙无果.js"
    },
    {
      "key": "drpy_js_奇珍异兽",
      "name": "💋┃爱奇┃官源",
      "type": 3,
      "playerType": 2,
      "api": "./lib/drpy1.min.js",
      "ext": "./lib/奇珍异兽.js"
    },
    {
      "key": "drpy_yh",
      "name": "⛽┃优酷┃官源",
      "type": 3,
      "playerType": 2,
      "api": "./lib/drpy1.min.js",
      "ext": "./lib/优酷.js"
    },
    {
      "key": "drpy_js_菜狗",
      "name": "🐕┃官源┃搜狗",
      "type": 3,
      "playerType": 2,
      "api": "./lib/drpy1.min.js",
      "ext": "./lib/搜狗.js"
    },
    {
      "key": "csp_SP360",
      "name": "📀┃360┃官源",
      "type": 3,
      "api": "csp_XBPQ",
      "searchable": 1,
      "quickSearch": 1,
      "filterable": 1,
      "ext": "./lib/360ys.js"
    },

    {
      "key": "csp_WoGG",
      "name": "💂┃玩偶┃哥哥",
      "type": 3,
      "api": "csp_WoGG",
      "searchable": 1,
      "quickSearch": 1,
      "changeable": 0,
      "ext": "https://gist.githubusercontent.com/yf20230412/a6d9e20965e7c5aa9daa12075d662772/raw/token+4k|auto|fhd"
    },
    {
      "key": "姐姐",
      "name": "👩‍⚕️┃玩偶┃姐姐",
      "type": 3,
      "api": "csp_AppYsV2",
      "searchable": 1,
      "quickSearch": 1,
      "filterable": 1,
      "ext": "http://dytt996.com/api.php/app/"
    },
    {
      "key": "cps_aliyunpan",
      "name": "👩‍🔬┃玩偶┃妹妹",
      "type": 1,
      "api": "http://1.ahailove.cn:23456/cj/api.php/provide/vod/",
      "categories": [
        "电影",
        "电视剧",
        "综艺",
        "动漫"
      ]
    },
    {
      "key": "毛驴",
      "name": "🍓毛驴┃App",
      "type": 3,
      "api": "csp_MLYS",
      "searchable": 1,
      "quickSearch": 1,
      "changeable": 1,
      "ext": "https://www.maolvys.com/"
    },
    {
      "key": "csp_Kunyu77",
      "name": "🌈┃七七┃影视",
      "type": 3,
      "api": "csp_Kunyu77",
      "searchable": 1,
      "quickSearch": 1,
      "filterable": 1
    },
    {
      "key": "csp_Czsapp",
      "name": "👨‍💼┃厂长┃直连",
      "type": 3,
      "api": "csp_Czsapp",
      "playerType": 2,
      "searchable": 1,
      "quickSearch": 1,
      "changeable": 1
    },
    {
      "key": "贱贱",
      "name": "🐭┃贱贱┃p2p",
      "type": 3,
      "playerType": "1",
      "api": "./lib/drpy1.min.js",
      "ext": "./lib/jp.js"
    },
    {
      "key": "csp_SP33",
      "name": "🐝┃三三┃解析",
      "type": 3,
      "api": "csp_SP33",
      "searchable": 1,
      "quickSearch": 1,
      "filterable": 1,
      "changeable": 0
    },
    {
      "key": "csp_XBPQ新大米",
      "name": "🌾┃大米┃影视",
      "type": 3,
      "api": "csp_XBPQ",
      "searchable": 1,
      "quickSearch": 1,
      "filterable": 0,
      "ext": {
        "分类": "电影$20#连续剧$21#综艺$22#动漫$23#福利$35",
        "分类url": "https://www.dmdy6.cc/vodshow/{cateId}-{area}-{by}-{class}-{lang}----{catePg}---{year}/pjax/YES.html"
      }
    },
    {
      "key": "鸭鸭",
      "name": " 🦆┃鸭鸭┃影视",
      "type": 3,
      "api": "csp_AppYsV2",
      "searchable": 1,
      "quickSearch": 1,
      "filterable": 1,
      "changeable": 1,
      "ext": "https://yayayaaapp.ynf.icu/api.php/app/"
    },
    {
      "key": "csp_aidi",
      "name": "💥┃爱迪┃影视",
      "type": 3,
      "api": "csp_AppYsV2",
      "searchable": 1,
      "quickSearch": 1,
      "filterable": 1,
      "ext": "https://aidiapp.xyz/xgapp.php/v2/"
    },
    {
      "key": "apv2_瑞丰",
      "name": "⛄┃瑞丰┃影视",
      "type": 3,
      "api": "csp_AppYsV2",
      "ext": "http://www.miniku.cc/xgapp.php/v2/"
    },
    {
      "key": "陌陌",
      "name": "🍄┃陌陌┃影视",
      "type": 3,
      "api": "csp_AppYsV2",
      "searchable": 1,
      "quickSearch": 1,
      "changeable": 1,
      "ext": "https://www.kuin.one/api.php/app/"
    },
    {
      "key": "直播转点播",
      "name": "📺┃电视┃直播",
      "type": 3,
      "api": "./lib/直播转点播2.js",
      "ext": "./lib/直播仓.json"
    },
    {
      "key": "闪电资源",
      "name": " 🌩┃闪电┃云播",
      "type": 1,
      "api": "http://sdzyapi.com/api.php/provide/vod/",
      "searchable": 1,
      "quickSearch": 1
    },
    {
      "key": "csp_xml_享看",
      "name": "💭┃享看┃云播",
      "type": 1,
      "searchable": 1,
      "quickSearch": 1,
      "filterable": 1,
      "api": "https://xkanzy10.com/api.php/provide/vod"
    },
    {
      "key": "新浪资源",
      "name": " 🌊┃新浪┃云播",
      "type": 1,
      "api": "http://api.xinlangapi.com/xinlangapi.php/provide/vod/",
      "searchable": 1,
      "quickSearch": 1,
      "playUrl": "",
      "categories": [
        "大陆剧",
        "动作片",
        "动漫",
        "综艺"
      ]
    },
    {
      "key": "百度资源",
      "name": "🔍┃百度┃云播",
      "type": 1,
      "api": "https://api.apibdzy.com/api.php/provide/vod/",
      "searchable": 1,
      "quickSearch": 1,
      "categories": [
        "大陆剧",
        "战争片",
        "动作片",
        "喜剧片"
      ]
    },
    {
      "key": "AppMr",
      "name": "👻┃明明┃App",
      "type": 3,
      "api": "csp_AppMr",
      "searchable": 1,
      "quickSearch": 1,
      "changeable": 1
    },
    {
      "key": "csp_DiDuan",
      "name": "🐬┃低端┃直连",
      "type": 3,
      "api": "csp_Ddrk",
      "searchable": 1,
      "quickSearch": 1,
      "filterable": 0
    },
    {
      "key": "csp_Xinsj",
      "name": "🐼┃视觉┃直连",
      "type": 3,
      "api": "csp_Xinsj",
      "searchable": 1,
      "quickSearch": 1,
      "changeable": 1,
      "ext": "https://www.6080yy3.com/"
    },
    {
      "key": "csp_Lib",
      "name": "🌟┃利播┃直连",
      "type": 3,
      "api": "csp_Libvio",
      "searchable": 1,
      "quickSearch": 1,
      "changeable": 1,
      "ext": "https://www.libvio.fun/"
    },
    {
      "key": "csp_Bttoo",
      "name": "🐹┃哈喽┃App",
      "type": 3,
      "api": "csp_AppYsV2",
      "searchable": 1,
      "quickSearch": 1,
      "filterable": 1,
      "ext": "http://www.miniku.cc/xgapp.php/v1/"
    },
    {
      "key": "农民影视",
      "name": "🌾┃农民┃直连",
      "type": 3,
      "api": "csp_XBPQ",
      "searchable": 1,
      "quickSearch": 1,
      "changeable": 1,
      "ext": "./lib/nongmin.json"
    },
    {
      "key": "csp_Vofl",
      "name": "🐎┃Vofl┃直连",
      "type": 3,
      "api": "csp_Voflix",
      "searchable": 1,
      "quickSearch": 1,
      "filterable": 1
    },
    {
      "key": "csp_Auete",
      "name": "🏝┃奥特┃直连",
      "type": 3,
      "api": "csp_Auete",
      "searchable": 1,
      "quickSearch": 1,
      "filterable": 1
    },
    {
      "key": "csp_zxzj",
      "name": "🦚┃在线┃直连",
      "type": 3,
      "api": "csp_Zxzj",
      "searchable": 1,
      "quickSearch": 1,
      "filterable": 1,
      "ext": "https://www.zxzj.pro/"
    },
    {
      "key": "辣辣",
      "name": "🌶️┃辣辣┃影视",
      "type": 3,
      "api": "csp_AppYs",
      "searchable": 1,
      "quickSearch": 1,
      "filterable": 1,
      "ext": "http://www.miniku.cc/xgapp.php/v2/",
      "jar": "./lib/5.jar;md5;c570b052645834a1109b54421c1552f9"
    },
    {
      "key": "555影视",
      "name": "5️⃣️┃五五┃蓝光",
      "type": 3,
      "api": "csp_XBPQ",
      "searchable": 1,
      "quickSearch": 1,
      "filterable": 1,
      "ext": "./lib/555.json"
    },
    {
      "key": "csp_真不卡",
      "name": " 🏎┃真不卡┃影视",
      "type": 3,
      "api": "csp_XBPQ",
      "searchable": 1,
      "quickSearch": 1,
      "filterable": 1,
      "ext": "./lib/真不卡影视.json"
    },
    {
      "key": "率率",
      "name": "💡率率┃直连",
      "type": 1,
      "api": "https://suoniapi.com/api.php/provide/vod/?ac=list",
      "searchable": 1,
      "quickSearch": 1,
      "changeable": 1,
      "categories": [
        "国产剧",
        "韩剧",
        "日剧",
        "港剧",
        "台剧",
        "动作片",
        "喜剧片",
        "爱情片",
        "科幻片",
        "战争片",
        "恐怖片",
        "剧情片",
        "国产动漫",
        "日韩动漫",
        "欧美动漫",
        "大陆综艺",
        "日韩综艺"
      ]
    },
    {
      "key": "csp_yayaya",
      "name": "👧┃耐菲┃影视",
      "api": "csp_AppYsV2",
      "type": 3,
      "filterable": 1,
      "quickSearch": 1,
      "searchable": 1,
      "ext": "https://yayayaaapp.ynf.icu/api.php/app/"
    },
    {
      "key": "cjzy_暴风资源",
      "name": "🎈┃暴风┃影视",
      "type": 1,
      "api": "https://bfzyapi.com/api.php/provide/vod/?ac=list",
      "playUrl": "",
      "categories": [
        "国产剧",
        "国产动漫",
        "大陆综艺",
        "港台综艺",
        "香港剧",
        "台湾剧",
        "日本剧",
        "欧美剧",
        "泰国剧",
        "日本动漫",
        "日本综艺",
        "综艺频道",
        "新马泰综艺",
        "纪录片",
        "科幻片",
        "喜剧片",
        "战争片"
      ]
    },
    {
      "key": "csp_酷影",
      "name": "😎┃酷酷┃影视",
      "type": 3,
      "api": "csp_AppYsV2",
      "searchable": 1,
      "quickSearch": 1,
      "filterable": 1,
      "ext": "https://www.tvkuys.xyz/api.php/app/"
    },
    {
      "key": "快看",
      "name": "👀┃快看┃影视",
      "type": 3,
      "api": "csp_Kuaikan",
      "searchable": 1,
      "quickSearch": 1,
      "filterable": 1
    },
    {
      "key": "了猪",
      "name": " 🐷┃乐猪┃BPQ",
      "type": 3,
      "playerType": 2,
      "api": "csp_XBPQ",
      "changeable": 1,
      "jar": "./lib/xiaom.jar;md5;fa797d3f25f35eb3fea9a369bc55620f",
      "ext": {
        "站名": "乐猪影视",
        "主页url": "http://www.lezhutv.com/",
        "请求头": "手机",
        "简介": "tbox_js\"&&</div>",
        "导演": "导演：&&</p>",
        "主演": "主演：&&</p>",
        "影片类型": "yac\"&&</p>",
        "数组": "vbox_t item-lazy\"&&</a>",
        "标题": "title=\"&&\"",
        "副标题": "<span>&&</span>",
        "图片": "data-original=\"&&\"",
        "链接": "href=\"&&\"",
        "搜索url": "/index.php?m=vod-search;post;wd={wd}",
        "搜索模式": "1",
        "搜索后缀": "/detail/",
        "搜索数组": "vbox_t item-lazy\"&&</a>",
        "搜索标题": "title=\"&&\"",
        "搜索副标题": "<span>&&</span>",
        "搜索图片": "data-original=\"&&\"",
        "搜索链接": "href=\"&&\"",
        "线路数组": "<h3>&&/h3>",
        "线路标题": "</i>1.&&<[替换:在线视频(支持手机)1>>玉米无广2K]",
        "播放数组": "list_block show\">&&</ul>",
        "播放标题": ">&&</a>",
        "播放列表": "<li>&&</li>",
        "分类": "电影$1#连续剧$2#综艺$3#动漫$4",
        "嗅探词": "v3.toutiaovod.com#.m3u8#.mp4#/tos/#.mp4",
        "分类url": "http://www.lezhutv.com/list/{cateId}_{catePg}_desc_{by}_{class}_{year}_{letter}_{area}_{lang}.html"
      }
    },
    {
      "key": "莱米",
      "name": "🍒┃莱米┃BPQ",
      "type": 3,
      "changeable": 1,
      "jar": "./lib/xiaom.jar;md5;fa797d3f25f35eb3fea9a369bc55620f",
      "api": "csp_XBPQ",
      "playerType": "2",
      "ext": {
        "站名": "来米影视",
        "嗅探词": ".mp4?#&dis_t#vkey=#.m3u8",
        "过滤词": "data.m3u8.in",
        "主页url": "https://www.mervod.com/",
        "副标题": "class=\"module-item-text\">&&</div",
        "导演": "导演：&&</div",
        "主演": "主演：&&</div",
        "简介": "<p>&&</p>",
        "搜索url": "https://www.mervod.com/vodsearch/-------------.html?wd={wd}",
        "搜索模式": "1",
        "搜索标题": "title=\"&&\"",
        "搜索链接": "href=\"&&\"",
        "请求头": "User-Agent$Mozilla/5.0 (iPhone; CPU iPhone OS 15_2 like Mac OS X) AppleWebKit/605.1.15 (KHTML, like Gecko) Version/14.0 Mobile/15E148 Safari/604.1#Referer$https://www.mervod.com/",
        "搜索链接前缀": "https://www.mervod.com//",
        "分类": "电影$1#电视剧$2#动漫$3#综艺$4",
        "分类url": "https://www.mervod.com//vodshow/{cateId}-{area}-------{catePg}---{year}.html;;u0"
      }
    },
    {
      "key": "量子资源",
      "name": "🤡┃量子┃资源",
      "type": 1,
      "api": "http://cj.lziapi.com/api.php/provide/vod/",
      "playUrl": "",
      "searchable": 1,
      "quickSearch": 1,
      "categories": [
        "国产剧",
        "国产动漫",
        "泰国剧",
        "台湾剧",
        "香港剧",
        "欧美剧",
        "韩国剧",
        "日本剧",
        "动漫",
        "体育",
        "剧情片",
        "动作片",
        "爱情片",
        "喜剧片"
      ]
    },
    {
      "key": "csp_非凡资源",
      "name": "🎃┃非凡┃资源",
      "type": 1,
      "api": "http://cj.ffzyapi.com/api.php/provide/vod/",
      "playurl": "json:http://jx.84jia.com/m3u8ts.php?url=",
      "searchable": 1,
      "quickSearch": 1,
      "filterable": 1,
      "categories": [
        "动作片",
        "喜剧片",
        "科幻片",
        "恐怖片",
        "爱情片",
        "剧情片",
        "战争片",
        "记录片",
        "国产剧",
        "欧美剧",
        "香港剧",
        "韩国剧",
        "台湾剧",
        "日本剧",
        "海外剧",
        "泰国剧",
        "国产动漫",
        "日韩动漫",
        "欧美动漫",
        "港台动漫",
        "海外动漫",
        "大陆综艺",
        "港台综艺",
        "日韩综艺",
        "欧美综艺"
      ]
    },
    {
      "key": "Aid",
      "name": "🚑┃急救┃教学",
      "type": 3,
      "api": "csp_FirstAid",
      "searchable": 0,
      "quickSearch": 0,
      "changeable": 0,
      "style": {
        "type": "rect",
        "ratio": 3.8
      }
    },
    {
      "key": "dr_兔小贝",
      "name": "📚┃儿童┃启蒙",
      "type": 3,
      "api": "./lib/drpy1.min.js",
      "ext": "./lib/兔小贝.js",
      "searchable": 0,
      "quickSearch": 0,
      "filterable": 0
    },
    {
      "key": "腾讯",
      "name": "🎅🏻┃少儿┃腾讯",
      "type": 3,
      "api": "./lib/drpy1.min.js",
      "ext": "./lib/qq.js"
    },
    {
      "key": "芒果",
      "name": "👼🏻┃少儿┃芒果",
      "type": 3,
      "api": "./lib/drpy1.min.js",
      "ext": "./lib/mgtv.js"
    },
    {
      "key": "奇艺",
      "name": "🧚┃少儿┃爱奇艺",
      "type": 3,
      "api": "./lib/drpy1.min.js",
      "ext": "./lib/iqiyi.js"
    },
    {
      "key": "优酷",
      "name": "🧜‍┃少儿┃优酷",
      "type": 3,
      "api": "./lib/drpy1.min.js",
      "ext": "./lib/youku.js"
    },
    {
      "key": "少儿教育",
      "name": "📚┃少儿┃教育",
      "type": 3,
      "api": "csp_Bili",
      "searchable": 0,
      "quickSearch": 0,
      "changeable": 0,
      "ext": "./lib/少儿教育.json"
    },
    {
      "key": "小学课堂",
      "name": "📚┃小学┃课堂",
      "type": 3,
      "api": "csp_Bili",
      "searchable": 0,
      "quickSearch": 0,
      "changeable": 0,
      "ext": "./lib/小学课堂.json"
    },
    {
      "key": "初中课堂",
      "name": "📚┃初中┃课堂",
      "type": 3,
      "api": "csp_Bili",
      "searchable": 0,
      "quickSearch": 0,
      "changeable": 0,
      "ext": "./lib/初中课堂.json"
    },
    {
      "key": "高中教育",
      "name": "📚┃高中┃课堂",
      "type": 3,
      "api": "csp_Bili",
      "searchable": 0,
      "quickSearch": 0,
      "changeable": 0,
      "ext": "https://ghproxy.net/https://raw.githubusercontent.com/yf20230412/master/main/TvBox/api/高中课堂.json"
    },
    {
      "key": "Dm84",
      "name": "🦸┃动漫┃巴士",
      "type": 3,
      "api": "csp_Dm84",
      "searchable": 1,
      "quickSearch": 1,
      "filterable": 1
    },
    {
      "key": "csp_Ying",
      "name": "🌸┃樱花┃动漫",
      "type": 3,
      "api": "csp_Ying",
      "searchable": 1,
      "quickSearch": 1,
      "filterable": 1,
      "changeable": 1
    },
    {
      "key": "csp_Ysj",
      "name": "🦋┃异界┃动漫",
      "type": 3,
      "api": "csp_Ysj",
      "searchable": 1,
      "quickSearch": 1,
      "filterable": 1
    },
    {
      "key": "csp_Anime1",
      "name": "🐔┃日本┃动漫",
      "type": 3,
      "api": "csp_Anime1",
      "searchable": 1,
      "quickSearch": 1,
      "filterable": 1
    },
    {
      "key": "MTV转点播",
      "name": "🎶┃万首┃MTV",
      "type": 3,
      "playerType": 2,
      "api": "./lib/音乐转点播.js",
      "ext": "./lib/MTV2.txt"
    },
    {
      "key": "MV_vod",
      "name": "🤳┃字母┃点歌台",
      "type": 1,
      "api": "https://tvbox-mv--leosam2048.repl.co/mv/vod"
    },
    {
      "key": "dr_263",
      "name": "🌺┃高清┃MV",
      "type": 3,
      "playerType": 2,
      "api": "./lib/drpy1.min.js",
      "ext": "./lib/MV263.js"
    },
    {
      "key": "dr_pgdj",
      "name": "🍎┃苹果┃dj",
      "type": 3,
      "playerType": 2,
      "api": "./lib/drpy1.min.js",
      "ext": "./lib/苹果DJ.js"
    },
    {
      "key": "csp_XPath_企鹅体育",
      "name": "🐧┃企鹅┃体育",
      "type": 3,
      "api": "csp_XPath",
      "searchable": 0,
      "quickSearch": 0,
      "filterable": 0,
      "ext": "./lib/企鹅体育.js",
      "jar": "./lib/pandaQ230823.jar;md5;094b4d3625d42893f683cc2e95311153"
    },
    {
      "key": "csp_XYQHiker_‍dyx",
      "name": "🧲┃磁力4k┃慎用",
      "type": 3,
      "api": "csp_XYQHiker",
      "searchable": 1,
      "quickSearch": 1,
      "filterable": 1,
      "ext": "./lib/4k.json",
      "jar": "./lib/4K磁力.jar;md5;B880BBAD2845D16CFB86CCA0331B2621"
    },
    {
      "key": "csp_XYQHiker_6x",
      "name": "🧲┃磁力6X┃慎用",
      "type": 3,
      "api": "csp_XYQHiker",
      "searchable": 1,
      "quickSearch": 1,
      "filterable": 1,
      "ext": "./lib/6X.json",
      "jar": "./lib/6x.jar;md5;8b4d7815240224e910848d075a884058"
    },
    {
      "key": "csp_Mp4Mov",
      "name": "🧲┃Mp4电影┃慎用",
      "type": 3,
      "api": "csp_Mp4Mov",
      "searchable": 1,
      "quickSearch": 1,
      "filterable": 1,
      "jar": "./lib/MP4.jar;md5;f86699b3d256291716d8b31114f49a8e"
    },
    {
      "key": "磁力熊",
      "name": "🐻┃熊熊磁力┃慎用",
      "type": 3,
      "api": "./lib/drpy1.min.js",
      "ext": "./lib/磁力熊.js",
      "searchable": 1,
      "quickSearch": 1,
      "filterable": 1
    },
    {
      "key": "Zhaozy",
      "name": "🎄┃找资源┃搜索",
      "type": 3,
      "api": "csp_Zhaozy",
      "searchable": 1,
      "quickSearch": 1,
      "filterable": 0,
      "changeable": 0,
      "ext": "https://gist.githubusercontent.com/yf20230412/a6d9e20965e7c5aa9daa12075d662772/raw/token+4k|auto|fhd"
    },
    {
      "key": "PanSou",
      "name": "🦊┃盘搜┃搜索",
      "type": 3,
      "api": "csp_PanSou",
      "searchable": 1,
      "quickSearch": 1,
      "filterable": 0,
      "changeable": 0,
      "ext": "https://gist.githubusercontent.com/yf20230412/a6d9e20965e7c5aa9daa12075d662772/raw/token+4k|auto|fhd"
    },
    {
      "key": "UpYun",
      "name": "😻┃Up搜┃搜索",
      "type": 3,
      "api": "csp_UpYun",
      "searchable": 1,
      "quickSearch": 1,
      "filterable": 0,
      "changeable": 0,
      "ext": "https://gist.githubusercontent.com/yf20230412/a6d9e20965e7c5aa9daa12075d662772/raw/token+4k|auto|fhd"
    },
    {
      "key": "PanSearch",
      "name": "🙀┃盘Se┃搜索",
      "type": 3,
      "api": "csp_PanSearch",
      "searchable": 1,
      "quickSearch": 1,
      "filterable": 0,
      "ext": "https://gist.githubusercontent.com/yf20230412/a6d9e20965e7c5aa9daa12075d662772/raw/token+4k|auto|fhd"
    },
    {
      "key": "七夜",
      "name": "😾┃七夜┃搜索",
      "type": 3,
      "api": "csp_Dovx",
      "searchable": 1,
      "quickSearch": 1,
      "filterable": 0,
      "changeable": 0,
      "ext": "https://gist.githubusercontent.com/yf20230412/a6d9e20965e7c5aa9daa12075d662772/raw/token+4k|auto|fhd"
    },
    {
      "key": "push_agent",
      "name": "📲┃手机┃推送",
      "type": 3,
      "api": "csp_Push",
      "searchable": 0,
      "quickSearch": 0,
      "filterable": 0,
      "ext": "https://gist.githubusercontent.com/yf20230412/a6d9e20965e7c5aa9daa12075d662772/raw/token+4k|auto|fhd"
    },
    {
      "key": "软件教程",
      "name": "👨‍🏫┃软件┃教程",
      "type": 3,
      "api": "csp_Bili",
      "searchable": 0,
      "quickSearch": 0,
      "filterable": 0,
      "ext": "./lib/软件教程.json",
      "jar": "./lib/Bili.jar;md5;c5c337bb2793598e9aa5953898fbb087"
    },
    {
      "key": "csp_Token",
      "name": "📚┃阿里┃Token设置",
      "type": 3,
      "api": "csp_KungFu404",
      "searchable": 1,
      "filterable": 1,
      "changeable": 0,
      "jar": "./lib/aliyun.jar;md5;332d0e5a28640ee88589390ad4a23a39"
    },	  
    {
      "key": "AD",
      "name": "请勿相信任何广告",
      "type": 3,
      "api": "csp_XBPQ",
      "searchable": 0,
      "quickSearch": 0,
      "filterable": 0,
      "ext": "https://gist.githubusercontent.com/yf20230412/a6d9e20965e7c5aa9daa12075d662772/raw/token+4k|auto|fhd"
    },
    {
      "key": "cc",
      "name": "公众号【风言锋语88】",
      "type": 3,
      "api": "csp_XPath",
      "searchable": 0,
      "quickSearch": 0,
      "filterable": 0
    }
  ],
  "parses": [
    {
      "name": "超级并发",
      "type": 3,
      "url": "Demo"
    },
    {
      "name": "超级嗅探",
      "type": 3,
      "url": "Web"
    },
    {
      "name": "精选1",
      "type": 1,
      "url": "http://27.124.4.42:4567/jhjson/ceshi.php?url=",
      "ext": {
        "flag": [
          "qq",
          "腾讯",
          "qiyi",
          "爱奇艺",
          "奇艺",
          "youku",
          "优酷",
          "mgtv",
          "芒果",
          "letv",
          "乐视",
          "pptv",
          "PPTV",
          "sohu",
          "bilibili",
          "哔哩哔哩",
          "哔哩"
        ],
        "header": {
          "User-Agent": "okhttp/4.1.0"
        }
      }
    },
    {
      "name": "精选2",
      "type": 1,
      "url": "http://110.42.2.247:880/analysis/json/?uid=2449&my=acfgikquvzFGJRW459&url="
    },
    {
      "name": "精选3",
      "type": 1,
      "url": "http://110.42.2.247:880/analysis/json/?uid=2449&my=acfgikquvzFGJRW459&url="
    },
    {
      "name": "精选4",
      "type": 1,
      "url": "http://27.124.4.42:4567/jhjson/ceshi.php?url=",
      "User-Agent": "okhttp/3.12.0",
      "ext": {
        "flag": [
          "qq",
          "腾讯",
          "qiyi",
          "爱奇艺",
          "奇艺",
          "youku",
          "优酷",
          "sohu",
          "搜狐",
          "letv",
          "乐视",
          "yk",
          "mgtv",
          "芒果",
          "CL4K",
          "renrenmi",
          "ltnb",
          "bilibili",
          "1905",
          "xigua"
        ]
      }
    },
    {
      "name": "精选5",
      "type": 0,
      "url": "https://www.yemu.xyz/?url=",
      "ext": {
        "flag": [
          "qq",
          "腾讯",
          "qiyi",
          "爱奇艺",
          "奇艺",
          "youku",
          "优酷",
          "mgtv",
          "芒果",
          "letv",
          "乐视",
          "pptv",
          "PPTV",
          "sohu",
          "bilibili",
          "哔哩哔哩",
          "哔哩"
        ],
        "header": {
          "User-Agent": "okhttp/4.1.0"
        }
      }
    },
    {
      "name": "精选6",
      "type": 1,
      "url": "http://json.84jia.com/home/api?type=ys&uid=335253&key=fjklpqsyCDGMNQRWX8&url="
    },
    {
      "name": "精选7",
      "type": 0,
      "url": "https://jx.777jiexi.com/player/?url="
    },
    {
      "name": "精选8",
      "type": 0,
      "url": "https://jx.777jiexi.com/player/?url="
    },
    {
      "name": "精选9",
      "type": 0,
      "url": "https://jx.xmflv.com/?url="
    },
    {
      "name": "精选10",
      "url": "https://jx.bozrc.com:4433/player/?url=",
      "showType": 1
    },
    {
      "name": "精选11",
      "type": 0,
      "url": "https://jx.xmflv.com/?url=",
      "ext": {
        "flag": [
          "qq",
          "腾讯",
          "qiyi",
          "爱奇艺",
          "奇艺",
          "youku",
          "优酷",
          "mgtv",
          "芒果",
          "imgo",
          "letv",
          "乐视",
          "pptv",
          "PPTV",
          "sohu",
          "bilibili",
          "哔哩哔哩",
          "哔哩"
        ],
        "header": {
          "User-Agent": "okhttp/4.1.0"
        }
      }
    },
    {
      "name": "精选12",
      "type": 0,
      "url": "https://jx.bozrc.com:4433/player/?url=",
      "ext": {
        "header": {
          "User-Agent": "okhttp/4.1.0"
        },
        "flag": [
          "qq",
          "腾讯",
          "qiyi",
          "爱奇艺",
          "奇艺",
          "youku",
          "优酷",
          "mgtv",
          "芒果",
          "letv",
          "leshi",
          "LS",
          "乐视",
          "pptv",
          "PPTV",
          "sohu",
          "bilibili",
          "哔哩哔哩",
          "哔哩"
        ]
      }
    },
    {
      "name": "精选13",
      "type": 1,
      "url": "http://110.42.2.247:880/analysis/json/?uid=2449&my=acfgikquvzFGJRW459&url="
    },
    {
      "name": "精选14",
      "type": 0,
      "url": "https://jx.jsonplayer.com/player/?url="
    },
    {
      "name": "精选15",
      "url": "https://jx.bozrc.com:4433/player/?url=",
      "type": 0,
      "ext": {
        "flag": [
          "qiyi",
          "imgo",
          "爱奇艺",
          "奇艺",
          "qq",
          "腾讯",
          "youku",
          "优酷",
          "pptv",
          "PPTV",
          "letv",
          "乐视",
          "leshi",
          "bilibili",
          "哔哩哔哩",
          "哔哩",
          "mgtv",
          "芒果",
          "sohu",
          "xigua",
          "fun",
          "风行"
        ],
        "header": {
          "User-Agent": "Mozilla/5.0"
        }
      }
    },
    {
      "name": "精选16",
      "type": 1,
      "url": "http://110.42.2.247:880/analysis/json/?uid=2449&my=acfgikquvzFGJRW459&format=data&url=",
      "ext": {
        "flag": [
          "爱奇艺",
          "奇艺",
          "qq",
          "腾讯",
          "youku",
          "优酷",
          "pptv",
          "PPTV",
          "letv",
          "乐视",
          "leshi",
          "bilibili",
          "哔哩哔哩",
          "哔哩",
          "mgtv",
          "芒果"
        ],
        "header": {
          "User-Agent": "Dart/2.19 (dart:io)"
        }
      }
    },
    {
      "name": "精选17",
      "type": 1,
      "url": "https://jxjson.cf/json1.php?url=",
      "ext": {
        "flag": [
          "qq",
          "mgtv",
          "YuMi-vip"
        ]
      }
    },
    {
      "name": "精选18",
      "type": 1,
      "url": "http://27.124.4.42:4567//jhjson//ceshi.php?url=",
      "ext": {
        "flag": [
          "mgtv",
          "qiyi",
          "imgo",
          "爱奇艺",
          "奇艺",
          "qq",
          "腾讯",
          "youku",
          "优酷",
          "pptv",
          "PPTV",
          "letv",
          "乐视",
          "leshi",
          "bilibili",
          "哔哩哔哩",
          "哔哩",
          "mgtv",
          "芒果",
          "芒果"
        ],
        "header": {
          "User-Agent": "okhttp/3.12.0"
        }
      }
    },
    {
      "name": "精选19",
      "type": 1,
      "url": "https://jx.zhanlangbu.com/?url=",
      "ext": {
        "flag": [
          "qq",
          "腾讯",
          "qiyi",
          "爱奇艺",
          "奇艺",
          "youku",
          "优酷",
          "sohu",
          "搜狐",
          "letv",
          "乐视",
          "mgtv",
          "芒果",
          "imgo",
          "rx",
          "ltnb",
          "bilibili",
          "1905",
          "xigua"
        ]
      }
    },
    {
      "name": "精选20",
      "type": 1,
      "url": "http://jx.wogg.link:63/jiexi/饭特析.php?url="
    },
    {
      "name": "精选21",
      "type": 1,
      "url": "https://jx.zhanlangbu.com/?url=",
      "ext": {
        "flag": [
          "qq",
          "腾讯",
          "qiyi",
          "爱奇艺",
          "奇艺",
          "youku",
          "优酷",
          "sohu",
          "搜狐",
          "letv",
          "乐视",
          "mgtv",
          "芒果",
          "imgo",
          "rx",
          "ltnb",
          "bilibili",
          "1905",
          "xigua"
        ]
      }
    },
    {
      "name": "精选22",
      "type": 1,
      "url": "http://110.42.2.247:880/analysis/json/?uid=2449&my=acfgikquvzFGJRW459&url="
    },
    {
      "name": "精选23",
      "type": 0,
      "url": "https://json.key521.cn/api/?key=df27d9ca9ec97e22c47f8565a50aa6f5&url="
    },
    {
      "name": "精选24",
      "type": 1,
      "url": "http://xiaoxin.1080p.fun/home/api?type=ys&uid=91198&key=bhntuwyAJLMTUY1478&url="
    },
    {
      "name": "精选25",
      "type": 0,
      "url": "https://jx.xmflv.com/?url=",
      "ext": {
        "flag": [
          "qq",
          "腾讯",
          "qiyi",
          "爱奇艺",
          "奇艺",
          "youku",
          "优酷",
          "mgtv",
          "芒果",
          "imgo",
          "letv",
          "乐视",
          "pptv",
          "PPTV",
          "sohu",
          "bilibili",
          "哔哩哔哩",
          "哔哩"
        ],
        "header": {
          "User-Agent": "okhttp/4.1.0"
        }
      }
    },
    {
      "name": "精选26",
      "type": 1,
      "url": "http://110.42.2.247:880/analysis/json/?uid=2384&my=bcijquvxAFKMUY0579&format=json&url=",
      "ext": {
        "flag": [
          "qq",
          "腾讯",
          "企鹅",
          "IQiYi",
          "qiyi",
          "爱奇艺",
          "奇艺",
          "youku",
          "YouKu",
          "优酷",
          "sohu",
          "SoHu",
          "搜狐",
          "letv",
          "LeShi",
          "乐视",
          "imgo",
          "mgtv",
          "MangGuo",
          "芒果",
          "SLYS4k",
          "BYGA",
          "luanzi",
          "AliS",
          "dxzy",
          "bilibili",
          "QEYSS",
          "xigua",
          "西瓜视频",
          "腾讯视频",
          "奇艺视频",
          "优酷视频",
          "芒果视频",
          "乐视视频"
        ],
        "header": {
          "User-Agent": "Dart/3.0(dart:io)"
        }
      }
    },
    {
      "name": "精选27",
      "type": 1,
      "url": "http://110.42.2.247:880/analysis/json/?uid=2255&my=eknpqvADFHOPR02458&format=json&url=",
      "ext": {
        "flag": [
          "qq",
          "腾讯",
          "企鹅",
          "IQiYi",
          "qiyi",
          "爱奇艺",
          "奇艺",
          "youku",
          "YouKu",
          "优酷",
          "sohu",
          "SoHu",
          "搜狐",
          "letv",
          "LeShi",
          "乐视",
          "imgo",
          "mgtv",
          "MangGuo",
          "芒果",
          "SLYS4k",
          "BYGA",
          "luanzi",
          "AliS",
          "dxzy",
          "bilibili",
          "QEYSS",
          "xigua",
          "西瓜视频",
          "腾讯视频",
          "奇艺视频",
          "优酷视频",
          "芒果视频",
          "乐视视频"
        ],
        "header": {
          "User-Agent": "Dart/3.0(dart:io)"
        }
      }
    },
    {
      "name": "精选28",
      "type": 1,
      "url": "http://110.42.2.247:880/analysis/json/?uid=2100&my=cjlquzCDEFHIJQR029&mgtv=app&url=",
      "ext": {
        "flag": [
          "qq",
          "腾讯",
          "企鹅",
          "IQiYi",
          "qiyi",
          "爱奇艺",
          "奇艺",
          "youku",
          "YouKu",
          "优酷",
          "sohu",
          "SoHu",
          "搜狐",
          "letv",
          "LeShi",
          "乐视",
          "imgo",
          "mgtv",
          "MangGuo",
          "芒果",
          "SLYS4k",
          "BYGA",
          "luanzi",
          "AliS",
          "dxzy",
          "bilibili",
          "QEYSS",
          "xigua",
          "西瓜视频",
          "腾讯视频",
          "奇艺视频",
          "优酷视频",
          "芒果视频",
          "乐视视频"
        ],
        "header": {
          "User-Agent": "Dart/3.0(dart:io)"
        }
      }
    },
    {
      "name": "精选29",
      "type": 1,
      "url": "https://vip.xuux.icu/home/api?type=ys&uid=1325731&key=adfgilmnpwzBDEJPY3&url=",
      "ext": {
        "flag": [
          "qq",
          "腾讯",
          "企鹅",
          "IQiYi",
          "qiyi",
          "爱奇艺",
          "奇艺",
          "youku",
          "YouKu",
          "优酷",
          "sohu",
          "SoHu",
          "搜狐",
          "letv",
          "LeShi",
          "乐视",
          "imgo",
          "mgtv",
          "MangGuo",
          "芒果",
          "SLYS4k",
          "BYGA",
          "luanzi",
          "AliS",
          "dxzy",
          "bilibili",
          "QEYSS",
          "xigua",
          "西瓜视频",
          "腾讯视频",
          "奇艺视频",
          "优酷视频",
          "芒果视频",
          "乐视视频"
        ],
        "header": {
          "User-Agent": "Dart/3.0(dart:io)"
        }
      }
    },
    {
      "name": "精选30",
      "type": 1,
      "url": "http://pandown.pro/app/kkdy.php?url=",
      "ext": {
        "flag": [
          "qq",
          "腾讯",
          "企鹅",
          "IQiYi",
          "qiyi",
          "爱奇艺",
          "奇艺",
          "youku",
          "YouKu",
          "优酷",
          "sohu",
          "SoHu",
          "搜狐",
          "letv",
          "LeShi",
          "乐视",
          "imgo",
          "mgtv",
          "MangGuo",
          "芒果",
          "SLYS4k",
          "BYGA",
          "luanzi",
          "AliS",
          "dxzy",
          "bilibili",
          "QEYSS",
          "xigua",
          "西瓜视频",
          "腾讯视频",
          "奇艺视频",
          "优酷视频",
          "芒果视频",
          "乐视视频"
        ],
        "header": {
          "User-Agent": "Dart/3.0(dart:io)"
        }
      }
    },
    {
      "name": "精选31",
      "type": 0,
      "url": "https://jx.777jiexi.com/player/?url="
    }
  ],
  "doh": [
    {
      "name": "Google",
      "url": "https://dns.google/dns-query",
      "ips": [
        "8.8.4.4",
        "8.8.8.8"
      ]
    },
    {
      "name": "Cloudflare",
      "url": "https://cloudflare-dns.com/dns-query",
      "ips": [
        "1.1.1.1",
        "1.0.0.1",
        "2606:4700:4700::1111",
        "2606:4700:4700::1001"
      ]
    },
    {
      "name": "AdGuard",
      "url": "https://dns.adguard.com/dns-query",
      "ips": [
        "94.140.14.140",
        "94.140.14.141"
      ]
    },
    {
      "name": "DNSWatch",
      "url": "https://resolver2.dns.watch/dns-query",
      "ips": [
        "84.200.69.80",
        "84.200.70.40"
      ]
    },
    {
      "name": "Quad9",
      "url": "https://dns.quad9.net/dns-quer",
      "ips": [
        "9.9.9.9",
        "149.112.112.112"
      ]
    }
  ],
  "rules": [
    {
      "host": "*",
      "rule": [
        "default.365yg.com"
      ]
    },
    {
      "host": "dyxs20.com",
      "rule": [
        ".m3u8"
      ]
    },
    {
      "host": "www.agemys.cc",
      "rule": [
        "cdn-tos",
        "obj/tos-cn"
      ]
    },
    {
      "host": "www.sharenice.net",
      "rule": [
        "http.*?/play.{0,3}\\?[^url]{2,8}=.*"
      ]
    },
    {
      "host": "www.sharenice.net",
      "rule": [
        "qianpailive.com",
        "vid="
      ]
    },
    {
      "host": "*",
      "rule": [
        "douyin.com/aweme",
        "video_id="
      ]
    },
    {
      "host": "*",
      "rule": [
        "huoshan.com",
        "/item/video/"
      ]
    },
    {
      "host": "*",
      "rule": [
        "http((?!http).){12,}?\\.(m3u8|mp4|flv|avi|mkv|rm|wmv|mpg|m4a)\\?.*"
      ]
    },
    {
      "host": "*",
      "rule": [
        "http((?!http).){12,}\\.(m3u8|mp4|flv|avi|mkv|rm|wmv|mpg|m4a)"
      ]
    },
    {
      "name": "量子",
      "hosts": [
        "vip.lz",
        "hd.lz"
      ],
      "regex": [
        "#EXT-X-DISCONTINUITY\\r*\\n*#EXTINF:6.433333,[\\s\\S]*?#EXT-X-DISCONTINUITY",
        "#EXTINF.*?\\s+.*?1o.*?\\.ts\\s+"
      ]
    },
    {
      "name": "非凡",
      "hosts": [
        "vip.ffzy",
        "hd.ffzy"
      ],
      "regex": [
        "#EXT-X-DISCONTINUITY\\r*\\n*#EXTINF:6.666667,[\\s\\S]*?#EXT-X-DISCONTINUITY",
        "#EXTINF.*?\\s+.*?1o.*?\\.ts\\s+"
      ]
    },
    {
      "name": "抖音",
      "hosts": [
        "douyin.com"
      ],
      "regex": [
        "is_play_url="
      ]
    }
  ],
  "flags": [
    "youku",
    "qq",
    "iqiyi",
    "imgo",
    "xueren",
    "m1905",
    "qiyi",
    "letv",
    "sohu",
    "tudou",
    "pptv",
    "dbm3u8",
    "FY",
    "fy",
    "FeiYun",
    "feiyun",
    "飞云",
    "mgtv",
    "wasu",
    "bilibili",
    "le",
    "duoduozy",
    "renrenmi",
    "xigua",
    "ltnb",
    "rx",
    "CL4K",
    "xfyun",
    "wuduzy",
    "优酷",
    "优 酷",
    "优酷视频",
    "西瓜",
    "乐视",
    "芒果",
    "腾讯",
    "腾 讯",
    "腾讯视频",
    "芒果TV",
    "芒 果 T V",
    "爱奇艺",
    "奇艺",
    "爱 奇 艺",
    "搜狐",
    "搜 狐",
    "搜狐视频",
    "哔哩哔哩",
    "哔哩"
  ],
  "ijk": [
    {
      "group": "软解码",
      "options": [
        {
          "category": 4,
          "name": "opensles",
          "value": "0"
        },
        {
          "category": 4,
          "name": "overlay-format",
          "value": "842225234"
        },
        {
          "category": 4,
          "name": "framedrop",
          "value": "1"
        },
        {
          "category": 4,
          "name": "soundtouch",
          "value": "1"
        },
        {
          "category": 4,
          "name": "start-on-prepared",
          "value": "1"
        },
        {
          "category": 1,
          "name": "http-detect-range-support",
          "value": "0"
        },
        {
          "category": 1,
          "name": "fflags",
          "value": "fastseek"
        },
        {
          "category": 2,
          "name": "skip_loop_filter",
          "value": "48"
        },
        {
          "category": 4,
          "name": "reconnect",
          "value": "1"
        },
        {
          "category": 4,
          "name": "enable-accurate-seek",
          "value": "0"
        },
        {
          "category": 4,
          "name": "mediacodec",
          "value": "0"
        },
        {
          "category": 4,
          "name": "mediacodec-auto-rotate",
          "value": "0"
        },
        {
          "category": 4,
          "name": "mediacodec-handle-resolution-change",
          "value": "0"
        },
        {
          "category": 4,
          "name": "mediacodec-hevc",
          "value": "0"
        },
        {
          "category": 1,
          "name": "dns_cache_timeout",
          "value": "600000000"
        }
      ]
    },
    {
      "group": "硬解码",
      "options": [
        {
          "category": 4,
          "name": "opensles",
          "value": "0"
        },
        {
          "category": 4,
          "name": "overlay-format",
          "value": "842225234"
        },
        {
          "category": 4,
          "name": "framedrop",
          "value": "1"
        },
        {
          "category": 4,
          "name": "soundtouch",
          "value": "1"
        },
        {
          "category": 4,
          "name": "start-on-prepared",
          "value": "1"
        },
        {
          "category": 1,
          "name": "http-detect-range-support",
          "value": "0"
        },
        {
          "category": 1,
          "name": "fflags",
          "value": "fastseek"
        },
        {
          "category": 2,
          "name": "skip_loop_filter",
          "value": "48"
        },
        {
          "category": 4,
          "name": "reconnect",
          "value": "1"
        },
        {
          "category": 4,
          "name": "enable-accurate-seek",
          "value": "0"
        },
        {
          "category": 4,
          "name": "mediacodec",
          "value": "1"
        },
        {
          "category": 4,
          "name": "mediacodec-auto-rotate",
          "value": "1"
        },
        {
          "category": 4,
          "name": "mediacodec-handle-resolution-change",
          "value": "1"
        },
        {
          "category": 4,
          "name": "mediacodec-hevc",
          "value": "1"
        },
        {
          "category": 1,
          "name": "dns_cache_timeout",
          "value": "600000000"
        }
      ]
    }
  ],
  "ads": [
    "wan.51img1.com",
    "iqiyi.hbuioo.com",
    "vip.ffzyad.com",
    "https://lf1-cdn-tos.bytegoofy.com/obj/tos-cn-i-dy/455ccf9e8ae744378118e4bd289288dd"
  ]
}