{
  "spider": " ./lib/fan929.jar;md5;9d742bf942adf729cadceba23f83ebd8",
  "wallpaper": "http://www.kf666888.cn/api/tvbox/img",
  "warningText": "风言锋语提示您：观看《玩偶哥哥》4K源请按提示扫描登录阿里token" , 
  "lives": [
    {
      "name": "live",
      "type": 0,
      "url": "./lib/612.txt",
      "epg": "http://epg.51zmt.top:8000/api/diyp/?ch={name}&date={date}",
      "logo": "https://epg.112114.xyz/logo/{name}.png"
    },
    {
      "group": "redirect",
      "channels": [
        {
          "name": "redirect",
          "urls": [
            "proxy://do=live&type=txt&ext=aHR0cHM6Ly9naHByb3h5Lm5ldC9odHRwczovL3Jhdy5naXRodWJ1c2VyY29udGVudC5jb20veWYyMDIzMDQxMi9tYXN0ZXIvbWFpbi9UdkJveC9UVi82MTIudHh0"
          ]
        }
      ]
    }
  ],
  "sites": [
    {
      "key": "豆瓣",
      "name": "🔍┃豆瓣┃主页",
      "type": 3,
      "api": "csp_DouDou",
      "searchable": 0,
      "quickSearch": 0,
      "filterable": 0
    },
    {
      "key": "新片热播",
      "name": "⏳┃新片┃热播",
      "type": 1,
      "api": "https://api.iku.cool/api.php/provide/vod/?ac=list",
      "searchable": 1,
      "quickSearch": 1,
      "filterable": 0,
      "categories": [
        "连续剧",
        "动漫"
      ]
    },
    {
      "key": "csp_WoGG",
      "name": "💂┃玩偶┃哥哥",
      "type": 3,
      "api": "csp_WoGG",
      "searchable": 1,
      "quickSearch": 1,
      "changeable": 0,
      "ext": "http://127.0.0.1:9978/file/风言锋语88/风言锋语/token.txt+4k|auto|fhd"
    },
    {
      "key": "毛驴",
      "name": "🍓毛驴┃App",
      "type": 3,
      "api": "csp_MLYS",
      "searchable": 1,
      "quickSearch": 1,
      "changeable": 1,
      "ext": "https://www.maolvys.com/"
    },
    {
      "key": "drpy_js_荐片",
      "name": "💒┃荐片┃热播",
      "type": 3,
      "api": "./lib/drpy1.min.js",
      "ext": " ./lib/荐片.js"
    },
    {
      "key": "Zhaozy",
      "name": "🎄┃找资源┃搜索",
      "type": 3,
      "api": "csp_Zhaozy",
      "searchable": 1,
      "quickSearch": 1,
      "filterable": 0,
      "changeable": 0,
      "ext": "http://127.0.0.1:9978/file/风言锋语88/风言锋语/token.txt+4k|fhd|auto$$$fanfan$$$qqq111"
    },
    {
      "key": "PanSou",
      "name": "🦊┃盘搜┃搜索",
      "type": 3,
      "api": "csp_PanSou",
      "searchable": 1,
      "quickSearch": 1,
      "filterable": 0,
      "changeable": 0,
      "ext": "http://127.0.0.1:9978/file/风言锋语88/风言锋语/token.txt+4k|fhd|auto"
    },
    {
      "key": "UpYun",
      "name": "😻┃Up搜┃搜索",
      "type": 3,
      "api": "csp_UpYun",
      "searchable": 1,
      "quickSearch": 1,
      "filterable": 0,
      "changeable": 0,
      "ext": "http://127.0.0.1:9978/file/风言锋语88/风言锋语/token.txt+4k|fhd|auto"
    },
    {
      "key": "PanSearch",
      "name": "🙀┃盘Se┃搜索",
      "type": 3,
      "api": "csp_PanSearch",
      "searchable": 1,
      "quickSearch": 1,
      "filterable": 0,
      "ext": "http://127.0.0.1:9978/file/风言锋语88/风言锋语/token.txt+4k|fhd|auto"
    },
    {
      "key": "七夜",
      "name": "😾┃七夜┃搜索",
      "type": 3,
      "api": "csp_Dovx",
      "searchable": 1,
      "quickSearch": 1,
      "filterable": 0,
      "changeable": 0,
      "ext": "http://127.0.0.1:9978/file/风言锋语88/风言锋语/token.txt+4k|fhd|auto"
    },
    {
      "key": "push_agent",
      "name": "📲┃手机┃推送",
      "type": 3,
      "api": "csp_Push",
      "searchable": 0,
      "quickSearch": 0,
      "filterable": 0,
      "ext": "http://127.0.0.1:9978/file/风言锋语88/风言锋语/token.txt+4k|fhd|auto"
    },
    {
      "key": "Qtv",
      "name": "🐧┃腾讯┃官源",
      "type": 3,
      "api": "csp_Qtv",
      "searchable": 1,
      "quickSearch": 1,
      "filterable": 1,
      "changeable": 0
    },
    {
      "key": "drpy_js_百忙无果",
      "name": "🥭┃芒果┃官源",
      "type": 3,
      "playerType": 2,
      "api": "./lib/drpy1.min.js",
      "ext": "./lib/百忙无果.js"
    },
    {
      "key": "drpy_js_奇珍异兽",
      "name": "💋┃爱奇┃官源",
      "type": 3,
      "playerType": 2,
      "api": "./lib/drpy1.min.js",
      "ext": "./lib/奇珍异兽.js"
    },
    {
      "key": "drpy_yh",
      "name": "⛽┃优酷┃官源",
      "type": 3,
      "playerType": 2,
      "api": "./lib/drpy1.min.js",
      "ext": "./lib/优酷.js"
    },
    {
      "key": "drpy_js_菜狗",
      "name": "🐕┃官源┃搜狗",
      "type": 3,
      "playerType": 2,
      "api": "./lib/drpy1.min.js",
      "ext": "./lib/搜狗.js"
    },
    {
      "key": "csp_SP360",
      "name": "📀┃360┃官源",
      "type": 3,
      "api": "csp_XBPQ",
      "searchable": 1,
      "quickSearch": 1,
      "filterable": 1,
      "ext": "./lib/360ys.js"
    },
    {
      "key": "MTV转点播",
      "name": "🎶┃万首┃MTV",
      "type": 3,
      "playerType": 2,
      "api": "./lib/音乐转点播.js",
      "ext": "./lib/MTV2.txt"
    },
    {
      "key": "MV_vod",
      "name": "🤳┃字母┃点歌台",
      "type": 1,
      "api": "https://tvbox-mv--leosam2048.repl.co/mv/vod"
    },
    {
      "key": "dr_263",
      "name": "🌺┃高清┃MV",
      "type": 3,
      "playerType": 2,
      "api": "./lib/drpy1.min.js",
      "ext": "./lib/MV263.js"
    },
    {
      "key": "dr_pgdj",
      "name": "🍎┃苹果┃dj",
      "type": 3,
      "playerType": 2,
      "api": "./lib/drpy1.min.js",
      "ext": "./lib/苹果DJ.js"
    },
	{
      "key": "csp_Token",
      "name": "📚┃阿里┃Token设置",
      "type": 3,
      "api": "csp_KungFu404",
      "searchable": 1,
      "filterable": 1,
      "changeable": 0,
      "ext": "http://127.0.0.1:9978/file/风言锋语88/风言锋语/token.txt",
      "jar": "./lib/aliyun.jar;md5;332d0e5a28640ee88589390ad4a23a39"
    },  
    {
      "key": "AD",
      "name": "请勿相信任何广告",
      "type": 3,
      "api": "csp_Push",
      "searchable": 0,
      "quickSearch": 0,
      "filterable": 0,
      "ext": "http://127.0.0.1:9978/file/风言锋语88/风言锋语/token.txt"
    },
    {
      "key": "cc",
      "name": "公众号【风言锋语88】",
      "type": 3,
      "api": "csp_XPath",
      "searchable": 0,
      "quickSearch": 0,
      "filterable": 0
    }
  ],
  "parses": [
    {
      "name": "超级并发",
      "type": 3,
      "url": "Demo"
    },
    {
      "name": "超级嗅探",
      "type": 3,
      "url": "Web"
    },
    {
      "name": "精选1",
      "type": 1,
      "url": "http://27.124.4.42:4567/jhjson/ceshi.php?url=",
      "ext": {
        "flag": [
          "qq",
          "腾讯",
          "qiyi",
          "爱奇艺",
          "奇艺",
          "youku",
          "优酷",
          "mgtv",
          "芒果",
          "letv",
          "乐视",
          "pptv",
          "PPTV",
          "sohu",
          "bilibili",
          "哔哩哔哩",
          "哔哩"
        ],
        "header": {
          "User-Agent": "okhttp/4.1.0"
        }
      }
    },
    {
      "name": "精选2",
      "type": 1,
      "url": "http://110.42.2.247:880/analysis/json/?uid=2449&my=acfgikquvzFGJRW459&url="
    },
    {
      "name": "精选3",
      "type": 1,
      "url": "http://110.42.2.247:880/analysis/json/?uid=2449&my=acfgikquvzFGJRW459&url="
    },
    {
      "name": "精选4",
      "type": 1,
      "url": "http://27.124.4.42:4567/jhjson/ceshi.php?url=",
      "User-Agent": "okhttp/3.12.0",
      "ext": {
        "flag": [
          "qq",
          "腾讯",
          "qiyi",
          "爱奇艺",
          "奇艺",
          "youku",
          "优酷",
          "sohu",
          "搜狐",
          "letv",
          "乐视",
          "yk",
          "mgtv",
          "芒果",
          "CL4K",
          "renrenmi",
          "ltnb",
          "bilibili",
          "1905",
          "xigua"
        ]
      }
    },
    {
      "name": "精选5",
      "type": 0,
      "url": "https://www.yemu.xyz/?url=",
      "ext": {
        "flag": [
          "qq",
          "腾讯",
          "qiyi",
          "爱奇艺",
          "奇艺",
          "youku",
          "优酷",
          "mgtv",
          "芒果",
          "letv",
          "乐视",
          "pptv",
          "PPTV",
          "sohu",
          "bilibili",
          "哔哩哔哩",
          "哔哩"
        ],
        "header": {
          "User-Agent": "okhttp/4.1.0"
        }
      }
    },
    {
      "name": "精选6",
      "type": 1,
      "url": "http://json.84jia.com/home/api?type=ys&uid=335253&key=fjklpqsyCDGMNQRWX8&url="
    },
    {
      "name": "精选7",
      "type": 0,
      "url": "https://jx.777jiexi.com/player/?url="
    },
    {
      "name": "精选8",
      "type": 0,
      "url": "https://jx.777jiexi.com/player/?url="
    },
    {
      "name": "精选9",
      "type": 0,
      "url": "https://jx.xmflv.com/?url="
    },
    {
      "name": "精选10",
      "url": "https://jx.bozrc.com:4433/player/?url=",
      "showType": 1
    },
    {
      "name": "精选11",
      "type": 0,
      "url": "https://jx.xmflv.com/?url=",
      "ext": {
        "flag": [
          "qq",
          "腾讯",
          "qiyi",
          "爱奇艺",
          "奇艺",
          "youku",
          "优酷",
          "mgtv",
          "芒果",
          "imgo",
          "letv",
          "乐视",
          "pptv",
          "PPTV",
          "sohu",
          "bilibili",
          "哔哩哔哩",
          "哔哩"
        ],
        "header": {
          "User-Agent": "okhttp/4.1.0"
        }
      }
    },
    {
      "name": "精选12",
      "type": 0,
      "url": "https://jx.bozrc.com:4433/player/?url=",
      "ext": {
        "header": {
          "User-Agent": "okhttp/4.1.0"
        },
        "flag": [
          "qq",
          "腾讯",
          "qiyi",
          "爱奇艺",
          "奇艺",
          "youku",
          "优酷",
          "mgtv",
          "芒果",
          "letv",
          "leshi",
          "LS",
          "乐视",
          "pptv",
          "PPTV",
          "sohu",
          "bilibili",
          "哔哩哔哩",
          "哔哩"
        ]
      }
    },
    {
      "name": "精选13",
      "type": 1,
      "url": "http://110.42.2.247:880/analysis/json/?uid=2449&my=acfgikquvzFGJRW459&url="
    },
    {
      "name": "精选14",
      "type": 0,
      "url": "https://jx.jsonplayer.com/player/?url="
    },
    {
      "name": "精选15",
      "url": "https://jx.bozrc.com:4433/player/?url=",
      "type": 0,
      "ext": {
        "flag": [
          "qiyi",
          "imgo",
          "爱奇艺",
          "奇艺",
          "qq",
          "腾讯",
          "youku",
          "优酷",
          "pptv",
          "PPTV",
          "letv",
          "乐视",
          "leshi",
          "bilibili",
          "哔哩哔哩",
          "哔哩",
          "mgtv",
          "芒果",
          "sohu",
          "xigua",
          "fun",
          "风行"
        ],
        "header": {
          "User-Agent": "Mozilla/5.0"
        }
      }
    },
    {
      "name": "精选16",
      "type": 1,
      "url": "http://110.42.2.247:880/analysis/json/?uid=2449&my=acfgikquvzFGJRW459&format=data&url=",
      "ext": {
        "flag": [
          "爱奇艺",
          "奇艺",
          "qq",
          "腾讯",
          "youku",
          "优酷",
          "pptv",
          "PPTV",
          "letv",
          "乐视",
          "leshi",
          "bilibili",
          "哔哩哔哩",
          "哔哩",
          "mgtv",
          "芒果"
        ],
        "header": {
          "User-Agent": "Dart/2.19 (dart:io)"
        }
      }
    },
    {
      "name": "精选17",
      "type": 1,
      "url": "https://jxjson.cf/json1.php?url=",
      "ext": {
        "flag": [
          "qq",
          "mgtv",
          "YuMi-vip"
        ]
      }
    },
    {
      "name": "精选18",
      "type": 1,
      "url": "http://27.124.4.42:4567//jhjson//ceshi.php?url=",
      "ext": {
        "flag": [
          "mgtv",
          "qiyi",
          "imgo",
          "爱奇艺",
          "奇艺",
          "qq",
          "腾讯",
          "youku",
          "优酷",
          "pptv",
          "PPTV",
          "letv",
          "乐视",
          "leshi",
          "bilibili",
          "哔哩哔哩",
          "哔哩",
          "mgtv",
          "芒果",
          "芒果"
        ],
        "header": {
          "User-Agent": "okhttp/3.12.0"
        }
      }
    },
    {
      "name": "精选19",
      "type": 1,
      "url": "https://jx.zhanlangbu.com/?url=",
      "ext": {
        "flag": [
          "qq",
          "腾讯",
          "qiyi",
          "爱奇艺",
          "奇艺",
          "youku",
          "优酷",
          "sohu",
          "搜狐",
          "letv",
          "乐视",
          "mgtv",
          "芒果",
          "imgo",
          "rx",
          "ltnb",
          "bilibili",
          "1905",
          "xigua"
        ]
      }
    },
    {
      "name": "精选20",
      "type": 1,
      "url": "http://jx.wogg.link:63/jiexi/饭特析.php?url="
    },
    {
      "name": "精选21",
      "type": 1,
      "url": "https://jx.zhanlangbu.com/?url=",
      "ext": {
        "flag": [
          "qq",
          "腾讯",
          "qiyi",
          "爱奇艺",
          "奇艺",
          "youku",
          "优酷",
          "sohu",
          "搜狐",
          "letv",
          "乐视",
          "mgtv",
          "芒果",
          "imgo",
          "rx",
          "ltnb",
          "bilibili",
          "1905",
          "xigua"
        ]
      }
    },
    {
      "name": "精选22",
      "type": 1,
      "url": "http://110.42.2.247:880/analysis/json/?uid=2449&my=acfgikquvzFGJRW459&url="
    },
    {
      "name": "精选23",
      "type": 0,
      "url": "https://json.key521.cn/api/?key=df27d9ca9ec97e22c47f8565a50aa6f5&url="
    },
    {
      "name": "精选24",
      "type": 1,
      "url": "http://xiaoxin.1080p.fun/home/api?type=ys&uid=91198&key=bhntuwyAJLMTUY1478&url="
    },
    {
      "name": "精选25",
      "type": 0,
      "url": "https://jx.xmflv.com/?url=",
      "ext": {
        "flag": [
          "qq",
          "腾讯",
          "qiyi",
          "爱奇艺",
          "奇艺",
          "youku",
          "优酷",
          "mgtv",
          "芒果",
          "imgo",
          "letv",
          "乐视",
          "pptv",
          "PPTV",
          "sohu",
          "bilibili",
          "哔哩哔哩",
          "哔哩"
        ],
        "header": {
          "User-Agent": "okhttp/4.1.0"
        }
      }
    },
    {
      "name": "精选26",
      "type": 1,
      "url": "http://110.42.2.247:880/analysis/json/?uid=2384&my=bcijquvxAFKMUY0579&format=json&url=",
      "ext": {
        "flag": [
          "qq",
          "腾讯",
          "企鹅",
          "IQiYi",
          "qiyi",
          "爱奇艺",
          "奇艺",
          "youku",
          "YouKu",
          "优酷",
          "sohu",
          "SoHu",
          "搜狐",
          "letv",
          "LeShi",
          "乐视",
          "imgo",
          "mgtv",
          "MangGuo",
          "芒果",
          "SLYS4k",
          "BYGA",
          "luanzi",
          "AliS",
          "dxzy",
          "bilibili",
          "QEYSS",
          "xigua",
          "西瓜视频",
          "腾讯视频",
          "奇艺视频",
          "优酷视频",
          "芒果视频",
          "乐视视频"
        ],
        "header": {
          "User-Agent": "Dart/3.0(dart:io)"
        }
      }
    },
    {
      "name": "精选27",
      "type": 1,
      "url": "http://110.42.2.247:880/analysis/json/?uid=2255&my=eknpqvADFHOPR02458&format=json&url=",
      "ext": {
        "flag": [
          "qq",
          "腾讯",
          "企鹅",
          "IQiYi",
          "qiyi",
          "爱奇艺",
          "奇艺",
          "youku",
          "YouKu",
          "优酷",
          "sohu",
          "SoHu",
          "搜狐",
          "letv",
          "LeShi",
          "乐视",
          "imgo",
          "mgtv",
          "MangGuo",
          "芒果",
          "SLYS4k",
          "BYGA",
          "luanzi",
          "AliS",
          "dxzy",
          "bilibili",
          "QEYSS",
          "xigua",
          "西瓜视频",
          "腾讯视频",
          "奇艺视频",
          "优酷视频",
          "芒果视频",
          "乐视视频"
        ],
        "header": {
          "User-Agent": "Dart/3.0(dart:io)"
        }
      }
    },
    {
      "name": "精选28",
      "type": 1,
      "url": "http://110.42.2.247:880/analysis/json/?uid=2100&my=cjlquzCDEFHIJQR029&mgtv=app&url=",
      "ext": {
        "flag": [
          "qq",
          "腾讯",
          "企鹅",
          "IQiYi",
          "qiyi",
          "爱奇艺",
          "奇艺",
          "youku",
          "YouKu",
          "优酷",
          "sohu",
          "SoHu",
          "搜狐",
          "letv",
          "LeShi",
          "乐视",
          "imgo",
          "mgtv",
          "MangGuo",
          "芒果",
          "SLYS4k",
          "BYGA",
          "luanzi",
          "AliS",
          "dxzy",
          "bilibili",
          "QEYSS",
          "xigua",
          "西瓜视频",
          "腾讯视频",
          "奇艺视频",
          "优酷视频",
          "芒果视频",
          "乐视视频"
        ],
        "header": {
          "User-Agent": "Dart/3.0(dart:io)"
        }
      }
    },
    {
      "name": "精选29",
      "type": 1,
      "url": "https://vip.xuux.icu/home/api?type=ys&uid=1325731&key=adfgilmnpwzBDEJPY3&url=",
      "ext": {
        "flag": [
          "qq",
          "腾讯",
          "企鹅",
          "IQiYi",
          "qiyi",
          "爱奇艺",
          "奇艺",
          "youku",
          "YouKu",
          "优酷",
          "sohu",
          "SoHu",
          "搜狐",
          "letv",
          "LeShi",
          "乐视",
          "imgo",
          "mgtv",
          "MangGuo",
          "芒果",
          "SLYS4k",
          "BYGA",
          "luanzi",
          "AliS",
          "dxzy",
          "bilibili",
          "QEYSS",
          "xigua",
          "西瓜视频",
          "腾讯视频",
          "奇艺视频",
          "优酷视频",
          "芒果视频",
          "乐视视频"
        ],
        "header": {
          "User-Agent": "Dart/3.0(dart:io)"
        }
      }
    },
    {
      "name": "精选30",
      "type": 1,
      "url": "http://pandown.pro/app/kkdy.php?url=",
      "ext": {
        "flag": [
          "qq",
          "腾讯",
          "企鹅",
          "IQiYi",
          "qiyi",
          "爱奇艺",
          "奇艺",
          "youku",
          "YouKu",
          "优酷",
          "sohu",
          "SoHu",
          "搜狐",
          "letv",
          "LeShi",
          "乐视",
          "imgo",
          "mgtv",
          "MangGuo",
          "芒果",
          "SLYS4k",
          "BYGA",
          "luanzi",
          "AliS",
          "dxzy",
          "bilibili",
          "QEYSS",
          "xigua",
          "西瓜视频",
          "腾讯视频",
          "奇艺视频",
          "优酷视频",
          "芒果视频",
          "乐视视频"
        ],
        "header": {
          "User-Agent": "Dart/3.0(dart:io)"
        }
      }
    },
    {
      "name": "精选31",
      "type": 0,
      "url": "https://jx.777jiexi.com/player/?url="
    }
  ],
  "doh": [
    {
      "name": "Google",
      "url": "https://dns.google/dns-query",
      "ips": [
        "8.8.4.4",
        "8.8.8.8"
      ]
    },
    {
      "name": "Cloudflare",
      "url": "https://cloudflare-dns.com/dns-query",
      "ips": [
        "1.1.1.1",
        "1.0.0.1",
        "2606:4700:4700::1111",
        "2606:4700:4700::1001"
      ]
    },
    {
      "name": "AdGuard",
      "url": "https://dns.adguard.com/dns-query",
      "ips": [
        "94.140.14.140",
        "94.140.14.141"
      ]
    },
    {
      "name": "DNSWatch",
      "url": "https://resolver2.dns.watch/dns-query",
      "ips": [
        "84.200.69.80",
        "84.200.70.40"
      ]
    },
    {
      "name": "Quad9",
      "url": "https://dns.quad9.net/dns-quer",
      "ips": [
        "9.9.9.9",
        "149.112.112.112"
      ]
    }
  ],
  "rules": [
    {
      "host": "*",
      "rule": [
        "default.365yg.com"
      ]
    },
    {
      "host": "dyxs20.com",
      "rule": [
        ".m3u8"
      ]
    },
    {
      "host": "www.agemys.cc",
      "rule": [
        "cdn-tos",
        "obj/tos-cn"
      ]
    },
    {
      "host": "www.sharenice.net",
      "rule": [
        "http.*?/play.{0,3}\\?[^url]{2,8}=.*"
      ]
    },
    {
      "host": "www.sharenice.net",
      "rule": [
        "qianpailive.com",
        "vid="
      ]
    },
    {
      "host": "*",
      "rule": [
        "douyin.com/aweme",
        "video_id="
      ]
    },
    {
      "host": "*",
      "rule": [
        "huoshan.com",
        "/item/video/"
      ]
    },
    {
      "host": "*",
      "rule": [
        "http((?!http).){12,}?\\.(m3u8|mp4|flv|avi|mkv|rm|wmv|mpg|m4a)\\?.*"
      ]
    },
    {
      "host": "*",
      "rule": [
        "http((?!http).){12,}\\.(m3u8|mp4|flv|avi|mkv|rm|wmv|mpg|m4a)"
      ]
    },
    {
      "name": "量子",
      "hosts": [
        "vip.lz",
        "hd.lz"
      ],
      "regex": [
        "#EXT-X-DISCONTINUITY\\r*\\n*#EXTINF:6.433333,[\\s\\S]*?#EXT-X-DISCONTINUITY",
        "#EXTINF.*?\\s+.*?1o.*?\\.ts\\s+"
      ]
    },
    {
      "name": "非凡",
      "hosts": [
        "vip.ffzy",
        "hd.ffzy"
      ],
      "regex": [
        "#EXT-X-DISCONTINUITY\\r*\\n*#EXTINF:6.666667,[\\s\\S]*?#EXT-X-DISCONTINUITY",
        "#EXTINF.*?\\s+.*?1o.*?\\.ts\\s+"
      ]
    },
    {
      "name": "抖音",
      "hosts": [
        "douyin.com"
      ],
      "regex": [
        "is_play_url="
      ]
    }
  ],
  "flags": [
    "youku",
    "qq",
    "iqiyi",
    "imgo",
    "xueren",
    "m1905",
    "qiyi",
    "letv",
    "sohu",
    "tudou",
    "pptv",
    "dbm3u8",
    "FY",
    "fy",
    "FeiYun",
    "feiyun",
    "飞云",
    "mgtv",
    "wasu",
    "bilibili",
    "le",
    "duoduozy",
    "renrenmi",
    "xigua",
    "ltnb",
    "rx",
    "CL4K",
    "xfyun",
    "wuduzy",
    "优酷",
    "优 酷",
    "优酷视频",
    "西瓜",
    "乐视",
    "芒果",
    "腾讯",
    "腾 讯",
    "腾讯视频",
    "芒果TV",
    "芒 果 T V",
    "爱奇艺",
    "奇艺",
    "爱 奇 艺",
    "搜狐",
    "搜 狐",
    "搜狐视频",
    "哔哩哔哩",
    "哔哩"
  ],
  "ijk": [
    {
      "group": "软解码",
      "options": [
        {
          "category": 4,
          "name": "opensles",
          "value": "0"
        },
        {
          "category": 4,
          "name": "overlay-format",
          "value": "842225234"
        },
        {
          "category": 4,
          "name": "framedrop",
          "value": "1"
        },
        {
          "category": 4,
          "name": "soundtouch",
          "value": "1"
        },
        {
          "category": 4,
          "name": "start-on-prepared",
          "value": "1"
        },
        {
          "category": 1,
          "name": "http-detect-range-support",
          "value": "0"
        },
        {
          "category": 1,
          "name": "fflags",
          "value": "fastseek"
        },
        {
          "category": 2,
          "name": "skip_loop_filter",
          "value": "48"
        },
        {
          "category": 4,
          "name": "reconnect",
          "value": "1"
        },
        {
          "category": 4,
          "name": "enable-accurate-seek",
          "value": "0"
        },
        {
          "category": 4,
          "name": "mediacodec",
          "value": "0"
        },
        {
          "category": 4,
          "name": "mediacodec-auto-rotate",
          "value": "0"
        },
        {
          "category": 4,
          "name": "mediacodec-handle-resolution-change",
          "value": "0"
        },
        {
          "category": 4,
          "name": "mediacodec-hevc",
          "value": "0"
        },
        {
          "category": 1,
          "name": "dns_cache_timeout",
          "value": "600000000"
        }
      ]
    },
    {
      "group": "硬解码",
      "options": [
        {
          "category": 4,
          "name": "opensles",
          "value": "0"
        },
        {
          "category": 4,
          "name": "overlay-format",
          "value": "842225234"
        },
        {
          "category": 4,
          "name": "framedrop",
          "value": "1"
        },
        {
          "category": 4,
          "name": "soundtouch",
          "value": "1"
        },
        {
          "category": 4,
          "name": "start-on-prepared",
          "value": "1"
        },
        {
          "category": 1,
          "name": "http-detect-range-support",
          "value": "0"
        },
        {
          "category": 1,
          "name": "fflags",
          "value": "fastseek"
        },
        {
          "category": 2,
          "name": "skip_loop_filter",
          "value": "48"
        },
        {
          "category": 4,
          "name": "reconnect",
          "value": "1"
        },
        {
          "category": 4,
          "name": "enable-accurate-seek",
          "value": "0"
        },
        {
          "category": 4,
          "name": "mediacodec",
          "value": "1"
        },
        {
          "category": 4,
          "name": "mediacodec-auto-rotate",
          "value": "1"
        },
        {
          "category": 4,
          "name": "mediacodec-handle-resolution-change",
          "value": "1"
        },
        {
          "category": 4,
          "name": "mediacodec-hevc",
          "value": "1"
        },
        {
          "category": 1,
          "name": "dns_cache_timeout",
          "value": "600000000"
        }
      ]
    }
  ],
  "ads": [
    "wan.51img1.com",
    "iqiyi.hbuioo.com",
    "vip.ffzyad.com",
    "https://lf1-cdn-tos.bytegoofy.com/obj/tos-cn-i-dy/455ccf9e8ae744378118e4bd289288dd"
  ]
}