    {
    
    "作者":"荷城茶秀",
    
    "站名":"七年影视",
    
    "主页url":"https://tv.ygmgo.cn/",
    
    "简介":"【荷城茶秀】提醒您请勿相信影片中的广告，以免上当受骗！欢迎加入QQ交流群：891992786，公众号：日后魔改，获取更多影视资源。+stui-pannel_bd\">&&</p>",
    
    "影片状态":"状态：&&</p>",
    
    "影片类型":"类型：</span>&&</span>",
    
    "线路数组":"<h3&&/h3>[不包含:云播三]",
    
    "线路标题":"🌸荷城茶秀接口🌸+<img src=*>&&<",
    
    "分类url":"https://tv.ygmgo.cn/vodshow/{cateId}-{area}-{by}-{class}-----{catePg}---{year}.html;;ak",
    
    "分类":"电影$1#电视剧$2#综艺$3#动漫$4",
    
    "筛选":{
    "1":[
    {"key":"cateId","name":"类型","value":[
    {"n":"全部类型","v":""},
    {"n":"科幻片","v":"8"},
    {"n":"动作片","v":"5"},
    {"n":"喜剧片","v":"6"},
    {"n":"爱情片","v":"7"},
    {"n":"恐怖片","v":"9"},
    {"n":"剧情片","v":"10"},
    {"n":"网络电影","v":"16"},
    {"n":"动画电影","v":"19"},
    {"n":"战争片","v":"11"}
    ]
    },
    {"key":"area","name":"地区","value":[
    {"n":"全部地区","v":""},
    {"n":"大陆","v":"大陆"},
    {"n":"香港","v":"香港"},
    {"n":"台湾","v":"台湾"},
    {"n":"美国","v":"美国"},
    {"n":"韩国","v":"韩国"},
    {"n":"日本","v":"日本"},
    {"n":"泰国","v":"泰国"},
    {"n":"新加坡","v":"新加坡"},
    {"n":"马来西亚","v":"马来西亚"},
    {"n":"印度","v":"印度"},
    {"n":"英国","v":"英国"},
    {"n":"法国","v":"法国"},
    {"n":"加拿大","v":"加拿大"},
    {"n":"西班牙","v":"西班牙"},
    {"n":"俄罗斯","v":"俄罗斯"},
    {"n":"其他","v":"其他"}
    ]
    },
    {"key":"year","name":"时间","value":[
    {"n":"全部时间","v":""},
    {"n":"2023","v":"2023"},
    {"n":"2022","v":"2022"},
    {"n":"2021","v":"2021"},
    {"n":"2020","v":"2020"},
    {"n":"2019","v":"2019"},
    {"n":"2018","v":"2018"},
    {"n":"2017","v":"2017"},
    {"n":"2016","v":"2016"},
    {"n":"2015","v":"2015"},
    {"n":"2014","v":"2014"}
    ]
    },
    {"key":"by","name":"排序","value":[
    {"n":"全部排序","v":""},
    {"n":"时间排序","v":"time"},
    {"n":"人气排序","v":"hits"},
    {"n":"评分排序","v":"score"}
    ]
    }
    ],
    "2":[
    {"key":"cateId","name":"类型","value":[
    {"n":"全部类型","v":""},
    {"n":"国产剧","v":"12"},
    {"n":"网剧","v":"20"},
    {"n":"欧美剧","v":"15"},
    {"n":"日韩剧","v":"14"},
    {"n":"港台剧","v":"13"},
    {"n":"海外剧","v":"18"}
    ]
    },
    {"key":"area","name":"地区","value":[
    {"n":"全部地区","v":""},
    {"n":"大陆","v":"大陆"},
    {"n":"香港","v":"香港"},
    {"n":"台湾","v":"台湾"},
    {"n":"美国","v":"美国"},
    {"n":"韩国","v":"韩国"},
    {"n":"日本","v":"日本"},
    {"n":"泰国","v":"泰国"},
    {"n":"新加坡","v":"新加坡"},
    {"n":"马来西亚","v":"马来西亚"},
    {"n":"印度","v":"印度"},
    {"n":"英国","v":"英国"},
    {"n":"法国","v":"法国"},
    {"n":"加拿大","v":"加拿大"},
    {"n":"西班牙","v":"西班牙"},
    {"n":"俄罗斯","v":"俄罗斯"},
    {"n":"其他","v":"其他"}
    ]
    },
    {"key":"year","name":"时间","value":[
    {"n":"全部时间","v":""},
    {"n":"2023","v":"2023"},
    {"n":"2022","v":"2022"},
    {"n":"2021","v":"2021"},
    {"n":"2020","v":"2020"},
    {"n":"2019","v":"2019"},
    {"n":"2018","v":"2018"},
    {"n":"2017","v":"2017"},
    {"n":"2016","v":"2016"},
    {"n":"2015","v":"2015"},
    {"n":"2014","v":"2014"}
    ]
    },
    {"key":"by","name":"排序","value":[
    {"n":"全部排序","v":""},
    {"n":"时间排序","v":"time"},
    {"n":"人气排序","v":"hits"},
    {"n":"评分排序","v":"score"}
    ]
    }
    ],
    "3":[
    {"key":"class","name":"类型","value":[
    {"n":"全部类型","v":""},
    {"n":"搞笑","v":"搞笑"},
    {"n":"竞技","v":"竞技"},
    {"n":"真人秀","v":"真人秀"},
    {"n":"脱口秀","v":"脱口秀"},
    {"n":"游戏","v":"游戏"},
    {"n":"选秀","v":"选秀"},
    {"n":"情感","v":"情感"},
    {"n":"生活","v":"生活"},
    {"n":"运动","v":"运动"},
    {"n":"旅行","v":"旅行"},
    {"n":"音乐","v":"音乐"},
    {"n":"访谈","v":"访谈"}
    ]
    },
    {"key":"area","name":"地区","value":[
    {"n":"全部地区","v":""},
    {"n":"大陆","v":"大陆"},
    {"n":"香港","v":"香港"},
    {"n":"台湾","v":"台湾"},
    {"n":"美国","v":"美国"},
    {"n":"韩国","v":"韩国"},
    {"n":"日本","v":"日本"},
    {"n":"其它","v":"其它"}
    ]
    },
    {"key":"year","name":"时间","value":[
    {"n":"全部时间","v":""},
    {"n":"2023","v":"2023"},
    {"n":"2022","v":"2022"},
    {"n":"2021","v":"2021"},
    {"n":"2020","v":"2020"},
    {"n":"2019","v":"2019"},
    {"n":"2018","v":"2018"},
    {"n":"2017","v":"2017"},
    {"n":"2016","v":"2016"},
    {"n":"2015","v":"2015"},
    {"n":"2014","v":"2014"}
    ]
    }
    ],
    "4":[
    {"key":"class","name":"类型","value":[
    {"n":"全部类型","v":""},
    {"n":"搞笑","v":"搞笑"},
    {"n":"冒险","v":"冒险"},
    {"n":"竞技","v":"竞技"},
    {"n":"热血","v":"热血"},
    {"n":"悬疑","v":"悬疑"},
    {"n":"推理","v":"推理"},
    {"n":"益智","v":"益智"},
    {"n":"机甲","v":"机甲"},
    {"n":"少女","v":"少女"},
    {"n":"恋爱","v":"恋爱"},
    {"n":"日常","v":"日常"},
    {"n":"校园","v":"校园"},
    {"n":"奇幻","v":"奇幻"},
    {"n":"玄幻","v":"玄幻"},
    {"n":"魔幻","v":"魔幻"},
    {"n":"科幻","v":"科幻"},
    {"n":"武侠","v":"武侠"}
    ]
    },
    {"key":"area","name":"地区","value":[
    {"n":"全部地区","v":""},
    {"n":"大陆","v":"大陆"},
    {"n":"台湾","v":"台湾"},
    {"n":"美国","v":"美国"},
    {"n":"韩国","v":"韩国"},
    {"n":"日本","v":"日本"},
    {"n":"其它","v":"其它"}
    ]
    },
    {"key":"year","name":"时间","value":[
    {"n":"全部时间","v":""},
    {"n":"2023","v":"2023"},
    {"n":"2022","v":"2022"},
    {"n":"2021","v":"2021"},
    {"n":"2020","v":"2020"},
    {"n":"2019","v":"2019"},
    {"n":"2018","v":"2018"},
    {"n":"2017","v":"2017"},
    {"n":"2016","v":"2016"},
    {"n":"2015","v":"2015"},
    {"n":"2014","v":"2014"}
    ]
    }
    ]
    }
    }
    