    {
    
    "作者":"荷城茶秀",
    
    "站名":"小鹿影视",
    
    "主页url":"http://www.xiaoluys.me/",
    
    "简介":"【荷城茶秀】提醒您请勿相信影片中的广告，以免上当受骗！欢迎加入QQ交流群：891992786，公众号：日后魔改，获取更多影视资源。+<p&&</p>",
    
    "影片状态":"备注：&&</div>",
    
    "影片类型":"module-info-tag\">&&立即播放",
    
    "线路数组":"data-dropdown-value=&&</div>",
    
    "线路标题":"荷城茶秀接口-+<span>&&</small>[替换:</span><small>>>线路🌸共]+集🌸",
    
    "分类url":"http://www.xiaoluys.me/vodshow/{cateId}-{area}-{by}------{catePg}---{year}.html;;ak",
    
    "分类":"电影$1#电视剧$31#综艺$3#动漫$4"}