[
{"name":"MV","url":"http://我不是.肥猫.love:63/lives/mv.txt&&&http://我不是.肥猫.love:63/lives/直播图3.png"},
{"name":"菜菜","url":"http://ht.grelighting.cn/html/zb.txt&&&http://我不是.肥猫.love:63/lives/直播图1.png"},
{"name":"肥猫!!","url":"http://我不是.肥猫.love:63/TV/tvzb.txt&&&http://我不是.肥猫.love:63/lives/直播图5.png"},
{"name":"范明","url":"https://ghproxy.com/raw.githubusercontent.com/fanmingming/live/main/tv/m3u/global.m3u&&&https://api.likepoems.com/img/mc"}
]
