    {
    
    "作者":"",
    
    "站名":"蚂蚁影院",
    
    "主页url":"https://mayitube.com/",
    
    "请求头":"手机",

    "简介":"肥猫提醒您请勿相信影片中的广告，以免上当受骗。+简介: &&</p>",
    
    "导演":"导演: &&</p>",
    
    "主演":"主演: &&</p>",
    
    "影片年代":"年份: &&</p>",
    
    "影片地区":"地区: &&<span",
    
    "影片类型":"分类: &&<span",
    
    "数组":"<div class=\"col-6 col-sm-6*>&&</div></div></div>",
    
    "图片":"style=\"background-image: url*;&&.jpg+.jpg",
    
    "标题":"text-overflow*><span>&&</span>",
    
    "链接":"href=\"&&\"",
    
    "副标题":"content*>&&</span>",
    
    "搜索url":"https://mayitube.com/search?q={wd}",
    
    "搜索二次截取": "<div class=\"mb-4*>&&</div></div></div>",
    
    "搜索数组":"<a class=\"vodthumb no-pajx\"&&</h1>",
    
    "搜索图片":"style=\"background-image: url*;&&.jpg+.jpg",
    
    "搜索标题": "<h1 class=\"mb-3*><span style=\"color: red;\">&&</span",
    
    "搜索副标题":"content*>&&</span>",
    
    "搜索链接":"href=\"&&\"",
    
    "线路数组":"episodesTab\"&&</ul>[替换:视频选集>>🌸蚂蚁专线🌸]",
    
    "线路标题":">&&</a>",
    
    "播放数组":"row gy-3\">&&</div></div>",
    
    "分类":"电影$movie#电视剧$tvseries#综艺$tvshow#动漫$anime",
    
    "分类url":"https://mayitube.com/c/{cateId}?country={area}&page={catePg}&sort={by}&year={year}",
    
    "跳转播放链接": "https://mayitube.com+Base64(var video = {};*('&&')",
    
    "地区":"大陆&欧美&日本&美国&香港&韩国&英国&台湾&泰国&新加坡",
    
    "年份":"1983-2023",
    
    "排序":"更新&评分"
    }