    {
    
    "作者":"荷城茶秀",
    
    "站名":"HD魔力",
    
    "主页url":"https://www.hdmoli.com/",
    
    "简介":"简介：&&</p>",
    
    "导演":"导演：&&</p>",
    
    "主演":"演员：&&</p>",
    
    "影片类型":"分类：&&<span class=\"split-line\">",
    
    "影片地区":"地区：&&<span class=\"split-line\">",
    
    "影片年代":"年份：&&<span class=\"split-line\">",
    
    "影片状态":"15px;\">&&</h1>",
    
    "数组":"myui-vodlist__thumb&&</a>",
    
    "图片":"data-original=\"&&\"",
    
    "标题":"title=\"&&\"",
    
    "副标题":"pic-text text-right\">&&</span>",
    
    "链接":"href=\"&&\"",
    
    "搜索url":"/search.php?searchword={wd}",
    
    "搜索数组":"vodlist__thumb&&</a>",
    
    "搜索标题":"title=\"&&\"",
    
    "搜索副标题":"pic-text text-right\">&&</span>",
    
    "搜索图片":"data-original=\"&&\"",
    
    "搜索链接":"href=\"&&\"",
    
    "线路数组":"data-toggle=&&</li>[替换:线路1>>🌸在线播放🌸①#线路2>>🌸在线播放🌸②#线路3>>🌸在线播放🌸③]",
    
    "线路标题":">&&</a>",
    
    "播放数组":"-content__list sort-list&&</ul>",
    
    "播放标题":">&&<",
    
    "播放列表":"<a&&/a>",
    
    "分类url":"https://www.hdmoli.com/search.php?page={catePg}&searchtype=5&order={by}&tid={cateId}&area={area}&year={year}&letter=&yuyan=&state=&money=&ver=&jq={class};;ak",
    
    "分类":"电影$1#电视剧$2#动漫$41",
    
    "筛选":{
    "1":[
    {"key":"cateId","name":"类型","value":[
    {"n":"全部类型","v":""},
    {"n":"动作","v":"5"},
    {"n":"爱情","v":"6"},
    {"n":"科幻","v":"7"},
    {"n":"恐怖","v":"8"},
    {"n":"战争","v":"9"},
    {"n":"喜剧","v":"10"},
    {"n":"纪录片","v":"11"},
    {"n":"剧情","v":"12"},
    {"n":"犯罪","v":"30"},
    {"n":"动画","v":"32"}
    ]
    },
    {"key":"class","name":"剧情","value":[
    {"n":"全部剧情","v":""},
    {"n":"战争","v":"战争"},
    {"n":"恐怖","v":"恐怖"},
    {"n":"剧情","v":"剧情"},
    {"n":"爱情","v":"爱情"},
    {"n":"家庭","v":"家庭"},
    {"n":"励志","v":"励志"},
    {"n":"悬疑","v":"悬疑"},
    {"n":"动作","v":"动作"},
    {"n":"奇幻","v":"奇幻"},
    {"n":"冒险","v":"冒险"},
    {"n":"历史","v":"历史"},
    {"n":"惊悚","v":"惊悚"},
    {"n":"音乐","v":"音乐"},
    {"n":"科幻","v":"科幻"},
    {"n":"犯罪","v":"犯罪"},
    {"n":"运动","v":"运动"},
    {"n":"喜剧","v":"喜剧"}
    ]
    },
    {"key":"area","name":"地区","value":[
    {"n":"全部地区","v":""},
    {"n":"中国","v":"中国"},
    {"n":"美国","v":"美国"},
    {"n":"韩国","v":"韩国"},
    {"n":"英国","v":"英国"},
    {"n":"日本","v":"日本"},
    {"n":"泰国","v":"泰国"},
    {"n":"其他","v":"其他"}
    ]
    },
    {"key":"year","name":"时间","value":[
    {"n":"全部时间","v":""},
    {"n":"2023","v":"2023"},
    {"n":"2022","v":"2022"},
    {"n":"2021","v":"2021"},
    {"n":"2020","v":"2020"},
    {"n":"2019","v":"2019"},
    {"n":"2018","v":"2018"},
    {"n":"2017","v":"2017"},
    {"n":"2016","v":"2016"},
    {"n":"2015","v":"2015"},
    {"n":"2014","v":"2014"},
    {"n":"2013","v":"2013"},
    {"n":"2012","v":"2012"},
    {"n":"more","v":"more"}
    ]
    },
    {"key":"by","name":"排序","value":[
    {"n":"全部排序","v":""},
    {"n":"时间排序","v":"time"},
    {"n":"评分排序","v":"douban"}
    ]
    }
    ],
    "2":[
    {"key":"cateId","name":"类型","value":[
    {"n":"全部类型","v":""},
    {"n":"中国","v":"14"},
    {"n":"美剧","v":"15"},
    {"n":"韩剧","v":"16"},
    {"n":"日剧","v":"13"},
    {"n":"英剧","v":"34"},
    {"n":"泰剧","v":"29"},
    {"n":"综艺","v":"39"},
    {"n":"其他","v":"38"}
    ]
    },
    {"key":"class","name":"剧情","value":[
    {"n":"全部剧情","v":""},
    {"n":"战争","v":"战争"},
    {"n":"恐怖","v":"恐怖"},
    {"n":"剧情","v":"剧情"},
    {"n":"爱情","v":"爱情"},
    {"n":"家庭","v":"家庭"},
    {"n":"励志","v":"励志"},
    {"n":"悬疑","v":"悬疑"},
    {"n":"动作","v":"动作"},
    {"n":"奇幻","v":"奇幻"},
    {"n":"冒险","v":"冒险"},
    {"n":"历史","v":"历史"},
    {"n":"惊悚","v":"惊悚"},
    {"n":"音乐","v":"音乐"},
    {"n":"科幻","v":"科幻"},
    {"n":"犯罪","v":"犯罪"},
    {"n":"运动","v":"运动"},
    {"n":"喜剧","v":"喜剧"}
    ]
    },
    {"key":"area","name":"地区","value":[
    {"n":"全部地区","v":""},
    {"n":"中国","v":"中国"},
    {"n":"美国","v":"美国"},
    {"n":"韩国","v":"韩国"},
    {"n":"英国","v":"英国"},
    {"n":"日本","v":"日本"},
    {"n":"泰国","v":"泰国"},
    {"n":"其他","v":"其他"}
    ]
    },
    {"key":"year","name":"时间","value":[
    {"n":"全部时间","v":""},
    {"n":"2023","v":"2023"},
    {"n":"2022","v":"2022"},
    {"n":"2021","v":"2021"},
    {"n":"2020","v":"2020"},
    {"n":"2019","v":"2019"},
    {"n":"2018","v":"2018"},
    {"n":"2017","v":"2017"},
    {"n":"2016","v":"2016"},
    {"n":"2015","v":"2015"},
    {"n":"2014","v":"2014"},
    {"n":"2013","v":"2013"},
    {"n":"2012","v":"2012"},
    {"n":"more","v":"more"}
    ]
    },
    {"key":"by","name":"排序","value":[
    {"n":"全部排序","v":""},
    {"n":"时间排序","v":"time"},
    {"n":"评分排序","v":"douban"}
    ]
    }
    ],
    "41":[
    {"key":"cateId","name":"地区","value":[
    {"n":"全部地区","v":""},
    {"n":"日本","v":"42"},
    {"n":"其他","v":"43"}
    ]
    }
    ]
    }
    }
    
