{
  "classes": [
    
    {
      "type_name": "户外",
      "type_id": "户外"
    },
    {
      "type_name": "露营",
      "type_id": "露营"
    },
    {
      "type_name": "驴友",
      "type_id": "驴友"
    },
    {
      "type_name": "自由行",
      "type_id": "自由行"
    },
    {
      "type_name": "爬山",
      "type_id": "爬山"
    },
    {
      "type_name": "野外求生",
      "type_id": "野外求生"
    },
    {
      "type_name": "徐云",
      "type_id": "徐云"
    },
    {
      "type_name": "德爷",
      "type_id": "德爷"
    },
    
 {
      "type_name": "摩旅生活",
      "type_id": "摩旅生活"
    }



  ],
  "filter": {
   
    "露营": [
      {
        "key": "tid",
        "name": "分类",
        "value": [
          {
            "n": "全部",
            "v": "0"
          },
          {
            "n": "露营",
            "v": "露营"
          },
          {
            "n": "户外",
            "v": "户外"
          },
          {
            "n": "驴友",
            "v": "驴友"
          },
          
          {
            "n": "自由行",
            "v": "自由行"
          }
        ]
      },
    
      {
        "key": "duration",
        "name": "时长",
        "value": [
          {
            "n": "全部",
            "v": "0"
          },
          {
            "n": "60分钟以上",
            "v": "4"
          },
          {
            "n": "30~60分钟",
            "v": "3"
          },
          {
            "n": "10~30分钟",
            "v": "2"
          },
          {
            "n": "10分钟以下",
            "v": "1"
          }
        ]
      }
    ]
  }
}