{ "spider":"./custom_spider.jar",
"sites":[
    {
            "key": "drpy_js_ddys",
            "name": "豆瓣荐片",
            "type": 3,
            "api": "./js/drpy2.min.js",
            "ext": "./js/douban.js"
     }, 
  {"key": "csp_XYQHiker_兔小贝","name":"🐰兔小贝1","type":3,"api":"csp_XYQHiker","searchable":1,"quickSearch":1,"filterable":1,"ext":"./json/兔小贝.json"}, 
   {"key": "csp_XYQHiker_兔小贝2","name":"🐰兔小贝2","type":3,"api":"csp_XYQHiker","searchable":1,"quickSearch":1,"filterable":1,"ext":"./json/兔小贝2.json"}, 
   {
      "key": "py_baby",
      "name": "👶┃宝宝┃合集",
      "type": 3,
      "api": "py_baby",
      "searchable": 0,
      "quickSearch": 0,
      "filterable": 1,
      "ext": "./py/baby.py"
    },
  {
      "key": "py_cctv_1",
      "name": "🅱️央视-少儿",
      "type": 3,
      "api": "py_cctv",
      "searchable": 0,
      "quickSearch": 0,
      "filterable": 1,
      "ext": "./py/py_cctv.py"
    },
 {
            "key": "ysjd",
            "name": "🅱️央视┃经典",
            "type": 3,
            "api": "csp_Bili",
            "searchable": 0,
            "quickSearch": 0,
            "filterable": 0,
"ext":"./json/央视经典.json"
    },
    {"key":"腾讯","name":"🎅🏻 | 少儿频道1","type":3,"api":"./js/drpy2.min.js","ext":"./js/腾讯.js"},
   {"key":"芒果","name":"👼🏻 | 少儿频道2","type":3,"api":"./js/drpy2.min.js","ext":"./js/忙果.js"},
 {"key":"奇艺","name":"🧚 | 少儿频道3","type":3,"api":"./js/drpy2.min.js","ext":"./js/异兽.js"},
  {"key":"优酷","name":"🧜‍| 少儿频道4","type":3,"api":"./js/drpy2.min.js","ext":"./js/优酷.js"},              
     {"key":"童趣","name":"🌏 童趣","type":3,"api":"./js/drpy2.min.js","ext":"./js/童趣.js"},
  
    {"key": "csp_XYQHiker_播视童趣","name":"播视童趣","type":3,"api":"csp_XYQHiker","searchable":1,"quickSearch":1,"filterable":1,"ext":"./json/播视童趣.json"},   
    {"key":"幼儿启蒙","name":"🌏幼儿启蒙","type":3,"api":"csp_Bili","searchable":0,"quickSearch":1,"filterable":1,"ext":"./json/幼儿启蒙.json"},
     {
            "key": "益智",
            "name": "🌏益智┃动画",
            "type": 3,
            "api": "csp_Bili",
            "searchable": 0,
            "quickSearch": 0,
            "filterable": 0,
"ext":"./json/益智动画.json"
                   },  
   {"key":"幼小衔接","name":"🌏幼小衔接","type":3,"api":"csp_Bili","searchable":0,"quickSearch":1,"filterable":1,"ext":"./json/幼小衔接.json"},
{"key":"小灯塔","name":"🌏小灯塔","type":3,"api":"csp_Bili","searchable":0,"quickSearch":1,"filterable":1,"ext":"./json/小灯塔百科.json"
},
		{"key":"小灯塔科学","name":"🌏小灯塔科学","type":3,"api":"csp_Bili","searchable":0,"quickSearch":1,"filterable":1,"ext":"./json/小灯塔科学.json"},
		{"key":"小灯塔地理","name":"🌏小灯塔地理","type":3,"api":"csp_Bili","searchable":0,"quickSearch":1,"filterable":1,"ext":"./json/小灯塔地理.json"},
		{"key":"小灯塔国学","name":"🌏小灯塔国学","type":3,"api":"csp_Bili","searchable":0,"quickSearch":1,"filterable":1,"ext":"./json/小灯塔国学.json"},
		{"key":"小灯塔人文","name":"🌏小灯塔人文","type":3,"api":"csp_Bili","searchable":0,"quickSearch":1,"filterable":1,"ext":"./json/小灯塔人文.json"},
		
		{"key":"儿童拼音","name":"🌏儿童拼音","type":3,"api":"csp_Bili","searchable":0,"quickSearch":1,"filterable":1,"ext":"./json/儿童拼音.json"},
		{"key":"儿童识字","name":"🌏儿童识字","type":3,"api":"csp_Bili","searchable":0,"quickSearch":1,"filterable":1,"ext":"./json/儿童识字.json"},
		{"key":"儿童英语","name":"🌏儿童英语","type":3,"api":"csp_Bili","searchable":0,"quickSearch":1,"filterable":1,"ext":"./json/儿童英语.json"},
		{"key":"儿童硬笔","name":"🌏儿童硬笔","type":3,"api":"csp_Bili","searchable":0,"quickSearch":1,"filterable":1,"ext":"./json/儿童硬笔.json"},
		{"key":"儿童思维","name":"🌏儿童思维","type":3,"api":"csp_Bili","searchable":0,"quickSearch":1,"filterable":1,"ext":"./json/儿童思维.json"},
		{"key":"儿童口才","name":"🌏儿童口才","type":3,"api":"csp_Bili","searchable":0,"quickSearch":1,"filterable":1,"ext":"./json/儿童口才.json"},
		{"key":"儿童编程","name":"🌏儿童编程","type":3,"api":"csp_Bili","searchable":0,"quickSearch":1,"filterable":1,"ext":"./json/儿童编程.json"},
		{"key":"儿童武术","name":"🌏儿童武术","type":3,"api":"csp_Bili","searchable":0,"quickSearch":1,"filterable":1,"ext":"./json/儿童武术.json"},
		
		{"key":"兴趣培养","name":"🌏兴趣培养","type":3,"api":"csp_Bili","searchable":0,"quickSearch":1,"filterable":1,"ext":"./json/兴趣培养.json"},		               {"key":"小学","name":"🌏小学教育","type":3,"api":"csp_Bili","searchable":0,"quickSearch":1,"filterable":1,"ext":"./json/哔哩哔哩小学.json"},	
	{"key":"初中","name":"🌏初中教育","type":3,"api":"csp_Bili","searchable":0,"quickSearch":1,"filterable":1,"ext":"./json/哔哩哔哩初中.json"},		
	{"key":"高中","name":"🌏高中教育","type":3,"api":"csp_Bili","searchable":0,"quickSearch":1,"filterable":1,"ext":"./json/哔哩哔哩高中.json"},	             

 {"key":"py_youer","name":"🅱️┃幼儿┃教育","type":3,"api":"py_youer","searchable":0,"quickSearch":0,"filterable":1,"ext":"./py/幼儿.py"},
 {"key":"py_xiaoxue","name":"🅱️┃小学┃教育","type":3,"api":"py_xiaoxue","searchable":0,"quickSearch":0,"filterable":1,"ext":"./py/小学.py"},
 {"key":"py_czxx","name":"🅱️┃初中┃教育","type":3,"api":"py_czxx","searchable":0,"quickSearch":0,"filterable":1,"ext":"./py/初中.py"}
    
],
"parses":[
{"name":"解析聚合","type":3,"url":"Demo"},

 {"name": "酷云高清", "type": 1, "url": "http://110.42.2.247:880/analysis/json/?uid=2100&my=afimnpqrvBHJKOQS47&mgtv=app&url="}, 
{"name":"酷云高清2","type":1,"url":"http://110.42.2.247:880/analysis/json/?uid=2373&my=fgimDLMOQTUWYZ0568&url="},
{"name": "高清秒解", "type": 1, "url": "https://api.hxx2023.cc/?url=",
		"ext": {
			"flag": ["qq", "腾讯", "qiyi", "爱奇艺", "奇艺", "youku", "优酷", "mgtv", "芒果", "letv", "乐视", "pptv", "PPTV", "sohu", "bilibili", "哔哩哔哩", "哔哩"],"header":{"User-Agent":"okhttp/4.1.0"}
		}    },
{"name":"蓝光秒播","type":1,"url":"http://43.143.107.57:417/api/?key=73259318e3d893e5b73fd87f20fbc2f7&url=","ext":{"flag":["qq","qiyi","mgtv","youku","letv","sohu","xigua","1905","优播线路","腾播线路"],"header":{"User-Agent":"Dart/2.14 (dart:io)"}}},
{"name":"高清蓝光2","type":1,"url":"https://www.m3u8.tv.cache.janan.net:4433/json2020.php?uid=M3U8.TV&token=88888888&url="},
{"name":"高清线路1","type":1,"url":"https://vip.ckllk.com/API.php?appkey=404164cdd1472561b4c61f1845e0bff8&url="},

{"name":"高清线路2","type":1,"url":"https://vip.xuux.icu/home/api?type=ys&uid=1325731&key=adfgilmnpwzBDEJPY3&url="},
{"name":"高清线路3","type":1,"url":"http://47.119.122.235:5566/json/free.php?url="},
{
		"name": "高清线路5",
		"type": 1,
		"url": "https://www.m3u8.tv.cache.janan.net:4433/json2020.php?uid=M3U8.TV&token=88888888&url=",
		"ext": {
			"flag": ["qq", "腾讯", "qiyi", "爱奇艺", "奇艺", "youku", "优酷", "mgtv", "芒果", "letv", "乐视", "pptv", "PPTV", "sohu", "bilibili", "哔哩哔哩", "哔哩"],"header":{"User-Agent":"okhttp/4.1.0"}
		}    
	},
	{
		"name": "高清线路6",
		"type": 1,
		"url": "http://27.124.4.42:4567/jhjson/ceshi.php?url=",
		"ext": {
			"flag": ["qq", "腾讯", "qiyi", "爱奇艺", "奇艺", "youku", "优酷", "mgtv", "芒果", "letv", "乐视", "pptv", "PPTV", "sohu", "bilibili", "哔哩哔哩", "哔哩"],"header":{"User-Agent":"okhttp/4.1.0"}
		}    
	},
	 {"name": "极速标清", "type": 1, "url": "http://119.181.100.243:48/jiexi/sj.php/?url="}, 
{"name":"播放不了后面手动点击试试吧","type":0,"url":"https://vip.lianfaka.com/vip/?url=","ext": {
                "flag": [
                    "qq",
                    "腾讯",
                    "企鹅",
                    "IQiYi",
                    "qiyi",
                    "爱奇艺",
                    "奇艺",
                    "youku",
                    "YouKu",
                    "优酷",
                    "sohu",
                    "SoHu",
                    "搜狐",
                    "letv",
                    "LeShi",
                    "乐视",
                    "imgo",
                    "mgtv",
                    "MangGuo",
                    "芒果",
                    "SLYS4k",
                    "BYGA",
                    "luanzi",
                    "AliS",
                    "dxzy",
                    "bilibili",
                    "QEYSS",
                    "xigua",
                    "西瓜视频",
                    "腾讯视频",
                    "奇艺视频",
                    "优酷视频",
                    "芒果视频",
                    "乐视视频"
                    
                ],
            "header":{"User-Agent":"Mozilla/5.0 (iPhone; CPU iPhone OS 13_2_3 like Mac OS X) AppleWebKit/605.1.15 (KHTML, like Gecko) Version/13.0.3 Mobile/15E148 Safari/604.1","Referer":"https://www.dy6g.com/"}}},
	{"name": "777解析","type": 0,"url": "https://jx.777jiexi.com/player/?url="},
{"name": "🐱三个柒","type": 0,"url": "     
https://jx.jsonplayer.com/player/?url=",
 "ext": {
        "flag": [
          "qq",
          "腾讯",
          "qiyi",
          "爱奇艺",
          "奇艺",
          "youku",
          "优酷",
          "sohu",
          "搜狐",
          "letv",
          "乐视",
          "mgtv",
          "芒果",
          "rx",
          "ltnb",
          "bilibili",
          "1905",
          "xigua"
        ]
      }
    },
    {"name":"高清1","type":0,"url":"https://www.8090g.cn/jiexi/?url=","ext":{"header":{"User-Agent":"Mozilla/5.0"}}},

{"name":"高清2","type":0,"url":"https://www.ckmov.vip/api.php?url=","ext":{"header":{"User-Agent":"Mozilla/5.0"}}},
     {"name":"🐱快嗅","type": 0,"url":"https://jxdp.codermart.net/?url=", "ext": {
        "flag": [
          "qq",
          "腾讯",
          "qiyi",
          "爱奇艺",
          "奇艺",
          "youku",
          "优酷",
          "sohu",
          "搜狐",
          "letv",
          "乐视",
          "mgtv",
          "芒果",
          "rx",
          "ltnb",
          "bilibili",
          "1905",
          "xigua"
        ]
      }
    },

	{"name":"🐱夜幕/", "type":0,"url":"https://www.yemu.xyz/?url=", "showType":3},
	
	{"name":"★左岸解析★","type":0,"url":"https://jx.bozrc.com:4433/player/?url=","ext": {
        "flag": [
          "qq",
          "腾讯",
          "qiyi",
          "爱奇艺",
          "奇艺",
          "youku",
          "优酷",
          "sohu",
          "搜狐",
          "letv",
          "乐视",
          "mgtv",
          "芒果",
          "rx",
          "ltnb",
          "bilibili",
          "1905",
          "xigua"
        ]}},


{"name":"🐱0号","type":0,"url":"http://91fanli.top/m3u8/?url=","ext":{"header":{"User-Agent":"Mozilla/5.0"}}},
{"name":"🐱2号","type":0,"url":"https://jx.bozrc.com:4433/player/?url=","ext":{"header":{"User-Agent":"Mozilla/5.0"}}},
{"name":"🐱3号","type":0,"url":"https://jiexi.555jiexi.net:555/player/?url=","ext":{"header":{"User-Agent":"okhttp/4.1.0"}}},
{"name":"🐱6号","type":0,"url":"https://www.yemu.xyz/?url=","ext":{"header":{"User-Agent":"Mozilla/5.0"}}},
{"name":"🐱10号","type":0,"url":"https://jx.m3u8.tv/jiexi/?url=","ext":{"header":{"User-Agent":"Mozilla/5.0"}}},
{"name":"🐱11号","type":0,"url":"https://z1.m1907.cn/?jx=","ext":{"header":{"User-Agent":"Mozilla/5.0"}}},

{"name":"🐱15号","type":0,"url":"https://jx.aidouer.net/?url=","ext":{"header":{"User-Agent":"Mozilla/5.0"}}},

{"name":"🐱18号","type":0,"url":"http://api.wpsseo.cn/?v=","ext":{"header":{"User-Agent":"Mozilla/5.0"}}},
{"name":"🐱19号","type":0,"url":"https://jx.cainisi.cf/?v=","ext":{"header":{"User-Agent":"okhttp/4.1.0"}}},

{"name":"🐱21号","type":0,"url":"https://jx.ppjbk.cn/?url=","ext":{"header":{"User-Agent":"Mozilla/5.0"}}},

{"name":"🐱24号","type":0,"url":"https://player.maqq.cn/?url=","ext":{"header":{"User-Agent":"Mozilla/5.0"}}},

{"name":"🐱29号","type":0,"url":"https://www.ckplayer.vip/jiexi/?url=","ext":{"header":{"User-Agent":"Mozilla/5.0"}}},
{"name":"🐱30号","type":0,"url":"https://jx.kingtail.xyz/?url=","ext":{"header":{"User-Agent":"Mozilla/5.0"}}},
{"name":"🐱32号","type":0,"url":"https://jx.xmflv.com/?url=","ext":{"header":{"User-Agent":"Mozilla/5.0"}}},
{"name":"🐱33号","type":0,"url":"https://parse.123mingren.com/?url=","ext":{"header":{"User-Agent":"Mozilla/5.0"}}},

{"name":"解析啦","type":0,"url":"https://api.jiexi.la/?url=","ext":{"flag":["qq","腾讯","qiyi","爱奇艺","奇艺","youku","优酷","sohu","搜狐","letv","乐视","mgtv","芒果","rx","ltnb","bilibili","1905","xigua"]}},
{"name":"17云解析","type":0,"url":"https://www.1717yun.com/jx/ty.php?url=","ext":{"flag":["qq","腾讯","qiyi","爱奇艺","奇艺","youku","优酷","sohu","搜狐","letv","乐视","mgtv","芒果","rx","ltnb","bilibili","1905","xigua"]}},
{"name":"酷享解析","type":0,"url":"https://jx.jsonplayer.com/player/?url=","ext":{"flag":["qq","腾讯","qiyi","爱奇艺","奇艺","youku","优酷","sohu","搜狐","letv","乐视","mgtv","芒果","CL4K","renrenmi","ltnb","bilibili","1905","xigua"]}},
{"name":"江湖解析","type":0,"url":"https://www.pangujiexi.com/pangu/?url=","ext":{"flag":["qq","qiyi","mgtv","youku","letv","sohu","xigua","1905","优播线路","腾播线路"],"header":{"User-Agent":"Dart/2.14 (dart:io)"}}},

   {"name":"🐱战狼","type":0,"url":"https://jx.zhanlangbu.com/?url",   "ext": {
      "flag": ["qq", "腾讯", "qiyi", "爱奇艺", "奇艺", "youku", "优酷", "mgtv", "芒果", "letv", "乐视", "pptv", "PPTV", "sohu", "bilibili", "哔哩哔哩", "哔哩"],
      "header": {
        "User-Agent": ""
      }
    }
  },
   

 {"name":"🐱芒果腾讯专用","type":0,"url":"https://jx.xmflv.com/?url=","ext": {
      "flag": ["qq", "腾讯", "qiyi", "爱奇艺", "奇艺", "youku", "优酷", "mgtv", "芒果", "letv", "乐视", "pptv", "PPTV", "sohu", "bilibili", "哔哩哔哩", "哔哩"],
      "header": {
        "User-Agent": ""
      }
    }
  },
  {
    "name": "🐱腾讯备用",
    "type": 0,
    "url": "https://go.yh0523.cn/y.cy?url=",   "ext": {
      "flag": ["qq", "腾讯", "qiyi", "爱奇艺", "奇艺", "youku", "优酷", "mgtv", "芒果", "letv", "乐视", "pptv", "PPTV", "sohu", "bilibili", "哔哩哔哩", "哔哩"],
      "header": {
        "User-Agent": ""
      }
    }
  },


{"name":"🐱手动点击json播","type":0,"url":"https://jx.jsonplayer.com/player/?=&url=", "ext": {
      "flag": ["qq", "腾讯", "qiyi", "爱奇艺", "奇艺", "youku", "优酷", "mgtv", "芒果", "letv", "乐视", "pptv", "PPTV", "sohu", "bilibili", "哔哩哔哩", "哔哩"],
      "header": {
        "User-Agent": ""
      }
    }
  },

{"name":"🐱手动点击诺讯","type":0,"url":"https://yun.nxflv.com/?url=",   "ext": {
      "flag": ["qq", "腾讯", "qiyi", "爱奇艺", "奇艺", "youku", "优酷", "mgtv", "芒果", "letv", "乐视", "pptv", "PPTV", "sohu", "bilibili", "哔哩哔哩", "哔哩"],
      "header": {
        "User-Agent": ""
      }
    }
  }


 ],


"ijk":[
{"group":"软解码","options":[
{"category":4,"name":"opensles","value":"0"},
{"category":4,"name":"overlay-format","value":"842225234"},
{"category":4,"name":"framedrop","value":"1"},
{"category":4,"name":"soundtouch","value":"1"},
{"category":4,"name":"start-on-prepared","value":"1"},
{"category":1,"name":"http-detect-range-support","value":"0"},
{"category":2,"name":"skip_loop_filter","value":"48"},
{"category":4,"name":"reconnect","value":"1"},
{"category":4,"name":"enable-accurate-seek","value":"0"},
{"category":4,"name":"mediacodec","value":"0"},
{"category":4,"name":"mediacodec-auto-rotate","value":"0"},
{"category":4,"name":"mediacodec-handle-resolution-change","value":"0"},
{"category":4,"name":"mediacodec-hevc","value":"0"},
{"category":1,"name":"dns_cache_timeout","value":"600000000"}
]},
{"group":"硬解码","options":[
{"category":4,"name":"opensles","value":"0"},
{"category":4,"name":"overlay-format","value":"842225234"},
{"category":4,"name":"framedrop","value":"1"},
{"category":4,"name":"soundtouch","value":"1"},
{"category":4,"name":"start-on-prepared","value":"1"},
{"category":1,"name":"http-detect-range-support","value":"0"},
{"category":1,"name":"fflags","value":"fastseek"},
{"category":2,"name":"skip_loop_filter","value":"48"},
{"category":4,"name":"reconnect","value":"1"},
{"category":4,"name":"enable-accurate-seek","value":"0"},
{"category":4,"name":"mediacodec","value":"1"},
{"category":4,"name":"mediacodec-auto-rotate","value":"1"},
{"category":4,"name":"mediacodec-handle-resolution-change","value":"1"},
{"category":4,"name":"mediacodec-hevc","value":"1"},
{"category":1,"name":"dns_cache_timeout","value":"600000000"}
]}
],

"ads":["https://lf1-cdn-tos.bytegoofy.com/obj/tos-cn-i-dy/455ccf9e8ae744378118e4bd289288dd","mimg.0c1q0l.cn","www.googletagmanager.com","www.google-analytics.com","wan.51img1.com","mc.usihnbcq.cn","mg.g1mm3d.cn","mscs.svaeuzh.cn","cnzz.hhttm.top","tp.vinuxhome.com","cnzz.mmstat.com","www.baihuillq.com","s23.cnzz.com","z3.cnzz.com","c.cnzz.com","stj.v1vo.top","z12.cnzz.com","img.mosflower.cn","tips.gamevvip.com","ehwe.yhdtns.com","xdn.cqqc3.com","www.jixunkyy.cn","sp.chemacid.cn","hm.baidu.com","s9.cnzz.com","z6.cnzz.com","um.cavuc.com","mav.mavuz.com","wofwk.aoidf3.com","z5.cnzz.com","xc.hubeijieshikj.cn","tj.tianwenhu.com","xg.gars57.cn","k.jinxiuzhilv.com","cdn.bootcss.com","ppl.xunzhuo123.com","xomk.jiangjunmh.top","img.xunzhuo123.com","z1.cnzz.com","s13.cnzz.com","xg.huataisangao.cn","z7.cnzz.com","xg.huataisangao.cn","z2.cnzz.com","s96.cnzz.com","q11.cnzz.com","thy.dacedsfa.cn","xg.whsbpw.cn","s19.cnzz.com","z8.cnzz.com","s4.cnzz.com","f5w.as12df.top","ae01.alicdn.com","www.92424.cn","k.wudejia.com","vivovip.mmszxc.top","qiu.xixiqiu.com","cdnjs.hnfenxun.com","cms.qdwght.com"]

}