{
  "spider": "./custom_spider.jar",
  "sites": [
    {
      "key": "drpy_js_豆瓣",
      "name": "豆瓣 | 热播[js]",
      "type": 3,
      "api": "./lib/drpy2.min.js",
      "ext": "./lib/drpy.js"
    },
    {
      "key": "drpy_js_荐片",
      "name": "荐片 | 影视[js]",
      "type": 3,
      "api": "./lib/drpy2.min.js",
      "ext": "./lib/荐片.js"
    },
    {
      "key": "drpy_js_爱看机器人",
      "name": "爱看 | 机器[js]",
      "type": 3,
      "api": "./lib/drpy2.min.js",
      "ext": "./lib/ikanbot2.js"
    },
    {
      "key": "csp_WoGG",
      "name": "阿里 ┃ 玩偶[4K]",
      "type": 3,
      "api": "csp_WoGG",
      "searchable": 1,
      "quickSearch": 1,
      "filterable": 1,
      "ext": "http://127.0.0.1:9978/file/tvbox/token.txt$$$http://tvfan.xxooo.cf/"
    },
    {
      "key": "csp_阿里七夜",
      "name": "阿里 ┃ 七夜[4K]",
      "type": 3,
      "api": "csp_Dovx",
      "searchable": 1,
      "quickSearch": 1,
      "filterable": 0,
      "ext": "http://127.0.0.1:9978/file/tvbox/token.txt"
    },
    {
      "key": "csp_TuGou",
      "name": "阿里 ┃ 土狗[4K]",
      "type": 3,
      "api": "csp_TuGou",
      "searchable": 1,
      "quickSearch": 1,
      "filterable": 0,
      "ext": "http://127.0.0.1:9978/file/tvbox/token.txt"
    },
    {
      "key": "PanSearch",
      "name": "阿里 ┃ PanS[4K]",
      "type": 3,
      "api": "csp_PanSearch",
      "searchable": 1,
      "quickSearch": 1,
      "filterable": 0,
      "ext": "http://127.0.0.1:9978/file/tvbox/token.txt"
    },
    {
      "key": "Upyunso",
      "name": "阿里 ┃ 云搜[4K]",
      "type": 3,
      "api": "csp_UpYun",
      "searchable": 1,
      "quickSearch": 1,
      "filterable": 0,
      "ext": "http://127.0.0.1:9978/file/tvbox/token.txt"
    },
    {
      "key": "Alips",
      "name": "阿里 ┃ 盘搜[4K]",
      "type": 3,
      "api": "csp_PanSou",
      "searchable": 1,
      "quickSearch": 1,
      "filterable": 0,
      "ext": "http://127.0.0.1:9978/file/tvbox/token.txt"
    },
    {
      "key": "Zhaozy",
      "name": "阿里 ┃ 找片[4K]",
      "type": 3,
      "api": "csp_Zhaozy",
      "searchable": 1,
      "quickSearch": 1,
      "filterable": 0,
      "ext": "http://127.0.0.1:9978/file/tvbox/token.txt$$$自己去注册$$$qq112233"
    },
    {
      "key": "drpy_js_我的哔哩",
      "name": "B站 | 合集[js]",
      "type": 3,
      "api": "./lib/drpy2.min.js",
      "ext": "./lib/我的哔哩.js"
    },
    {
      "key": "AList",
      "name": "网盘 | Alist[jar]",
      "type": 3,
      "api": "csp_AList",
      "ext": "./lib/alist.json"
    },
    {
      "key": "drpy_js_Alist",
      "name": "网盘 | Alist[js]",
      "type": 3,
      "api": "./lib/alist.min.js",
      "ext": "./lib/alist.json"
    },
    {
      "key": "drpy_js_360影视",
      "name": "官源 | 360[js]",
      "type": 3,
      "api": "./lib/drpy2.min.js",
      "ext": "./lib/360影视.js"
    },
    {
      "key": "drpy_js_奇珍异兽",
      "name": "官源 | 爱奇艺[js]",
      "type": 3,
      "api": "./lib/drpy2.min.js",
      "ext": "./lib/奇珍异兽.js"
    },
    {
      "key": "drpy_js_优酷",
      "name": "官源 | 优酷[js]",
      "type": 3,
      "api": "./lib/drpy2.min.js",
      "ext": "./lib/优酷.js"
    },
    {
      "key": "drpy_js_腾云驾雾",
      "name": "官源 | 腾讯[js]",
      "type": 3,
      "api": "./lib/drpy2.min.js",
      "ext": "./lib/腾云驾雾.js"
    },
    {
      "key": "drpy_js_百忙无果",
      "name": "官源 | 芒果[js]",
      "type": 3,
      "api": "./lib/drpy2.min.js",
      "ext": "./lib/百忙无果.js"
    },
    {
      "key": "drpy_js_菜狗",
      "name": "官源 | 搜狗[js]",
      "type": 3,
      "api": "./lib/drpy2.min.js",
      "ext": "./lib/菜狗.js"
    },

    {
      "key": "drpy_js_低端",
      "name": "影视 | 低端[js]",
      "type": 3,
      "api": "./lib/drpy2.min.js",
      "ext": "./lib/ddys.js"
    },
    {
      "key": "drpy_js_农民",
      "name": "影视 | 农民[js]",
      "type": 3,
      "api": "./lib/drpy2.min.js",
      "ext": "./lib/农民影视.js"
    },


    {
      "key": "drpy_js_l0l",
      "name": "影视 | l0l[js]",
      "type": 3,
      "api": "./lib/drpy2.min.js",
      "ext": "./lib/l0l.js"
    },
    {
      "key": "drpy_js_网飞.TV",
      "name": "影视 | 网飞.TV[js]",
      "type": 3,
      "api": "./lib/drpy2.min.js",
      "ext": "./lib/网飞.TV.js"
    },
    {
      "key": "drpy_js_乐猪TV",
      "name": "影视 | 乐猪TV[js]",
      "type": 3,
      "api": "./lib/drpy2.min.js",
      "ext": "./lib/乐猪TV.js"
    },

    {
      "key": "drpy_js_花猫TV",
      "name": "影视 | 花猫TV[js]",
      "type": 3,
      "api": "./lib/drpy2.min.js",
      "ext": "./lib/花猫TV.js"
    },


    {
      "key": "drpy_js_新片场",
      "name": "影视 | 新片场[js]",
      "type": 3,
      "api": "./lib/drpy2.min.js",
      "ext": "./lib/新片场.js"
    },
    {
      "key": "drpy_js_皮皮鸭",
      "name": "影视 | 皮皮鸭[js]",
      "type": 3,
      "api": "./lib/drpy2.min.js",
      "ext": "./lib/皮皮鸭.js"
    },


    {
      "key": "drpy_js_哔哩兔",
      "name": "影视 | 哔哩兔[js]",
      "type": 3,
      "api": "./lib/drpy2.min.js",
      "ext": "./lib/哔哩兔.js"
    },

    {
      "key": "drpy_js_影渣渣",
      "name": "影视 | 影渣渣[js]",
      "type": 3,
      "api": "./lib/drpy2.min.js",
      "ext": "./lib/影渣渣.js"
    },

    {
      "key": "drpy_js_免费看",
      "name": "影视 | 免费看[js]",
      "type": 3,
      "api": "./lib/drpy2.min.js",
      "ext": "./lib/免费看.js"
    },


    {
      "key": "drpy_js_追剧迷",
      "name": "影视 | 追剧迷[js]",
      "type": 3,
      "api": "./lib/drpy2.min.js",
      "ext": "./lib/追剧迷.js"
    },
    {
      "key": "drpy_js_91free",
      "name": "影视 | 91free[js]",
      "type": 3,
      "api": "./lib/drpy2.min.js",
      "ext": "./lib/91free.js"
    },
    {
      "key": "drpy_js_LIBVIO",
      "name": "影视 | LIBVIO[js]",
      "type": 3,
      "api": "./lib/drpy2.min.js",
      "ext": "./lib/LIBVIO.js"
    },
    {
      "key": "drpy_js_HDmoli",
      "name": "影视 | HDmoli[js]",
      "type": 3,
      "api": "./lib/drpy2.min.js",
      "ext": "./lib/HDmoli.js"
    },
    {
      "key": "drpy_js_Voflix",
      "name": "影视 | Voflix[js]",
      "type": 3,
      "api": "./lib/drpy2.min.js",
      "ext": "./lib/voflix.js"
    },

    {
      "key": "drpy_js_开眼视频",
      "name": "影视 | 开眼视频[js]",
      "type": 3,
      "api": "./lib/drpy2.min.js",
      "ext": "./lib/开眼视频.js"
    },

    {
      "key": "drpy_js_米爱影视",
      "name": "影视 | 米爱影视[js]",
      "type": 3,
      "api": "./lib/drpy2.min.js",
      "ext": "./lib/米爱影视.js"
    },

    {
      "key": "drpy_js_秋霞影视",
      "name": "影视 | 秋霞影视[js]",
      "type": 3,
      "api": "./lib/drpy2.min.js",
      "ext": "./lib/秋霞影视.js"
    },

    {
      "key": "drpy_js_小狗影院",
      "name": "影视 | 小狗影院[js]",
      "type": 3,
      "api": "./lib/drpy2.min.js",
      "ext": "./lib/小狗影院.js"
    },

    {
      "key": "drpy_js_奇优影院",
      "name": "影视 | 奇优影院[js]",
      "type": 3,
      "api": "./lib/drpy2.min.js",
      "ext": "./lib/奇优影院.js"
    },
    {
      "key": "drpy_js_厂长资源",
      "name": "影视 | 厂长资源[js]",
      "type": 3,
      "api": "./lib/drpy2.min.js",
      "ext": "./lib/厂长资源.js"
    },
    {
      "key": "drpy_js_在线之家",
      "name": "影视 | 在线之家[js]",
      "type": 3,
      "api": "./lib/drpy2.min.js",
      "ext": "./lib/在线之家.js"
    },

    {
      "key": "drpy_js_酷云七七",
      "name": "影视 | 酷云七七[js]",
      "type": 3,
      "api": "./lib/drpy2.min.js",
      "ext": "./lib/酷云77.js"
    },


    {
      "key": "drpy_js_电影先生",
      "name": "影视 | 电影先生[js]",
      "type": 3,
      "api": "./lib/drpy2.min.js",
      "ext": "./lib/电影先生.js"
    },

    {
      "key": "drpy_js_秋霞影院",
      "name": "影视 | 秋霞影院[js]",
      "type": 3,
      "api": "./lib/drpy2.min.js",
      "ext": "./lib/秋霞.js"
    },
    {
      "key": "drpy_js_凌云影视",
      "name": "影视 | 凌云影视[js]",
      "type": 3,
      "api": "./lib/drpy2.min.js",
      "ext": "./lib/凌云影视.js"
    },
    {
      "key": "drpy_js_兄弟影视",
      "name": "影视 | 兄弟影视[js]",
      "type": 3,
      "api": "./lib/drpy2.min.js",
      "ext": "./lib/兄弟影视.js"
    },
    {
      "key": "drpy_js_零度影视",
      "name": "影视 | 零度影视[js]",
      "type": 3,
      "api": "./lib/drpy2.min.js",
      "ext": "./lib/零度影视.js"
    },
    {
      "key": "drpy_js_B站影视",
      "name": "影视 | B站影视[js]",
      "type": 3,
      "api": "./lib/drpy2.min.js",
      "ext": "./lib/B站影视.js"
    },
    {
      "key": "drpy_js_哔哩影视",
      "name": "影视 | 哔哩影视[js]",
      "type": 3,
      "api": "./lib/drpy2.min.js",
      "ext": "./lib/哔哩影视.js"
    },
    {
      "key": "drpy_js_JangoIndex",
      "name": "音频 | JangoIndex[js]",
      "type": 3,
      "api": "./lib/drpy2.min.js",
      "ext": "./lib/JangoIndex.js",
      "playerType": "2"
    },
    {
      "key": "drpy_js_DJ音乐",
      "name": "音频 | DJ音乐[js]",
      "type": 3,
      "api": "./lib/drpy2.min.js",
      "ext": "./lib/DJ音乐.js",
      "playerType": "2"
    },
    {
      "key": "drpy_js_啦啦DJ",
      "name": "音频 | 啦啦DJ[js]",
      "type": 3,
      "api": "./lib/drpy2.min.js",
      "ext": "./lib/苹果DJ.js",
      "playerType": "2"
    },
    {
      "key": "drpy_js_清风DJ",
      "name": "音频 | 清风DJ[js]",
      "type": 3,
      "api": "./lib/drpy2.min.js",
      "ext": "./lib/清风DJ.js",
      "playerType": "2"
    },
    {
      "key": "drpy_js_种子音乐",
      "name": "音频 | 种子音乐[js]",
      "type": 3,
      "api": "./lib/drpy2.min.js",
      "ext": "./lib/种子音乐.js"
    },
    {
      "key": "drpy_js_蜻蜓FM",
      "name": "广播 | 蜻蜓FM[js]",
      "type": 3,
      "api": "./lib/drpy2.min.js",
      "ext": "./lib/蜻蜓FM.js",
      "playerType": "2"
    },
    {
      "key": "drpy_js_相声随身听",
      "name": "相声 | 相声随身听[js]",
      "type": 3,
      "api": "./lib/drpy2.min.js",
      "ext": "./lib/相声随身听.js",
      "playerType": "2"
    },
    {
      "key": "drpy_js_i275听书",
      "name": "听书 | i275听书[js]",
      "type": 3,
      "api": "./lib/drpy2.min.js",
      "ext": "./lib/i275听书.js",
      "playerType": "2"
    },
    {
      "key": "drpy_js_喜马拉雅",
      "name": "听书 | 喜马拉雅[js]",
      "type": 3,
      "api": "./lib/drpy2.min.js",
      "ext": "./lib/喜马拉雅.js",
      "playerType": "2"
    },
    {
      "key": "drpy_js_六月听书",
      "name": "听书 | 六月听书[js]",
      "type": 3,
      "api": "./lib/drpy2.min.js",
      "ext": "./lib/六月听书.js",
      "playerType": "2"
    },
    {
      "key": "drpy_js_博看听书",
      "name": "听书 | 博看听书[js]",
      "type": 3,
      "api": "./lib/drpy2.min.js",
      "ext": "./lib/博看听书.js",
      "playerType": "2"
    },
    {
      "key": "drpy_js_海洋听书",
      "name": "听书 | 海洋听书[js]",
      "type": 3,
      "api": "./lib/drpy2.min.js",
      "ext": "./lib/海洋听书.js",
      "playerType": "2"
    },
    {
      "key": "drpy_js_听书网",
      "name": "听书 | 听书网[js]",
      "type": 3,
      "api": "./lib/drpy2.min.js",
      "ext": "./lib/听书网.js",
      "playerType": "2"
    },
    {
      "key": "drpy_js_有声小说",
      "name": "听书 | 有声小说[js]",
      "type": 3,
      "api": "./lib/drpy2.min.js",
      "ext": "./lib/有声小说吧.js",
      "playerType": "2"
    },
    {
      "key": "drpy_js_短视频",
      "name": "聚合 | 短视频[js]",
      "type": 3,
      "api": "./lib/drpy2.min.js",
      "ext": "./lib/短视频.js"
    },

    {
      "key": "drpy_js_网易公版影像",
      "name": "聚合 | 网易公版影像[js]",
      "type": 3,
      "api": "./lib/drpy2.min.js",
      "ext": "./lib/网易公版影像.js"
    },
    {
      "key": "drpy_js_A8音乐",
      "name": "MV | A8音乐[js]",
      "type": 3,
      "api": "./lib/drpy2.min.js",
      "ext": "./lib/A8音乐.js"
    },

    {
      "key": "drpy_js_苹果DJ",
      "name": "MV | 苹果DJ[js]",
      "type": 3,
      "api": "./lib/drpy2.min.js",
      "ext": "./lib/苹果DJ.js"
    },
    {
      "key": "drpy_js_酷狗MV",
      "name": "MV | 酷狗[js]",
      "type": 3,
      "api": "./lib/drpy2.min.js",
      "ext": "./lib/酷狗MV.js"
    },
    {
      "key": "drpy_js_酷奇MV",
      "name": "MV | 酷奇[js]",
      "type": 3,
      "api": "./lib/drpy2.min.js",
      "ext": "./lib/酷奇MV.js"
    },
   
    {
      "key": "drpy_js_斗鱼直播",
      "name": "直播 | 斗鱼[js]",
      "type": 3,
      "api": "./lib/drpy2.min.js",
      "ext": "./lib/斗鱼直播.js"
    },
    {
      "key": "drpy_js_虎牙直播",
      "name": "直播 | 虎牙[js]",
      "type": 3,
      "api": "./lib/drpy2.min.js",
      "ext": "./lib/虎牙直播.js"
    },
   
    {
      "key": "drpy_js_88看球",
      "name": "体育 | 88看球[js]",
      "type": 3,
      "api": "./lib/drpy2.min.js",
      "ext": "./lib/88看球.js"
    },
    {
      "key": "drpy_js_310直播",
      "name": "体育 | 310直播[js]",
      "type": 3,
      "api": "./lib/drpy2.min.js",
      "ext": "./lib/310直播.js"
    },
    {
      "key": "drpy_js_爱弹幕",
      "name": "动漫 | 爱弹幕[js]",
      "type": 3,
      "api": "./lib/drpy2.min.js",
      "ext": "./lib/爱弹幕.js"
    },
    {
      "key": "drpy_js_兔小贝",
      "name": "动漫 | 兔小贝[js]",
      "type": 3,
      "api": "./lib/drpy2.min.js",
      "ext": "./lib/兔小贝.js"
    },
   
    {
      "key": "drpy_js_NT动漫",
      "name": "动漫 | NT动漫[js]",
      "type": 3,
      "api": "./lib/drpy2.min.js",
      "ext": "./lib/NT动漫.js"
    },
   
    {
      "key": "drpy_js_路漫漫",
      "name": "动漫 | 路漫漫[js]",
      "type": 3,
      "api": "./lib/drpy2.min.js",
      "ext": "./lib/路漫漫.js"
    },
    {
      "key": "drpy_js_去看吧",
      "name": "动漫 | 去看吧[js]",
      "type": 3,
      "api": "./lib/drpy2.min.js",
      "ext": "./lib/去看吧.js"
    },
    
    {
      "key": "drpy_js_奇米动漫",
      "name": "动漫 | 奇米动漫[js]",
      "type": 3,
      "api": "./lib/drpy2.min.js",
      "ext": "./lib/奇米动漫.js"
    },
    {
      "key": "drpy_js_妮可动漫",
      "name": "动漫 | 妮可动漫[js]",
      "type": 3,
      "api": "./lib/drpy2.min.js",
      "ext": "./lib/妮可动漫.js"
    },
    {
      "key": "drpy_js_怡萱动漫",
      "name": "动漫 | 怡萱动漫[js]",
      "type": 3,
      "api": "./lib/drpy2.min.js",
      "ext": "./lib/怡萱动漫.js"
    },
    
   
 
    {
      "key": "drpy_js_69美剧",
      "name": "影视 | 69美剧[js]",
      "type": 3,
      "api": "./lib/drpy2.min.js",
      "ext": "./lib/69美剧.js"
    },
   
  
   
   
   
    {
      "key": "drpy_js_星辰影院",
      "name": "影视 | 星辰影院[js]",
      "type": 3,
      "api": "./lib/drpy2.min.js",
      "ext": "./lib/星辰.js"
    }
  ],
  "lives": [
    {
      "name": "太阳",
      "type": 0,
      "url": "./lib/zhibo.txt"
    }
  ],
  "rules": [
    {
      "host": "www.djuu.com",
      "rule": [
        "mp4.djuu.com",
        "m4a"
      ]
    },
    {
      "host": "www.sharenice.net",
      "rule": [
        "huoshan.com",
        "/item/video/"
      ],
      "filter": []
    },
    {
      "host": "www.sharenice.net",
      "rule": [
        "sovv.qianpailive.com",
        "vid="
      ],
      "filter": []
    },
    {
      "host": "www.sharenice.net",
      "rule": [
        "douyin.com",
        "/play/"
      ]
    },
    {
      "host": "m.ysxs8.vip",
      "rule": [
        "ysting.ysxs8.vip:81",
        "xmcdn.com"
      ],
      "filter": []
    },
    {
      "host": "hdmoli.com",
      "rule": [
        ".m3u8"
      ]
    },
    {
      "host": "https://api.live.bilibili.com",
      "rule": [
        "bilivideo.com",
        "/index.m3u8"
      ],
      "filter": [
        "data.bilibili.com/log/web",
        "i0.hdslb.com/bfs/live/"
      ]
    },
    {
      "host": "www.agemys.cc",
      "rule": [
        "cdn-tos",
        "obj/tos-cn"
      ]
    },
    {
      "host": "www.fun4k.com",
      "rule": [
        "https://hd.ijycnd.com/play",
        "index.m3u8"
      ]
    },
    {
      "host": "zjmiao.com",
      "rule": [
        "play.videomiao.vip/API.php",
        "time=",
        "key=",
        "path="
      ]
    }
  ],
  "parses": [
    {
      "name": "777",
      "type": 0,
      "url": "https://jx.777jiexi.com/player/?url="
    },
    {
      "name": "杰森",
      "type": 0,
      "url": "https://jx.jsonplayer.com/player/?url="
    },
    {
      "name": "战狼",
      "type": 0,
      "url": "https://jx.zhanlangbu.com/?url="
    },
    {
      "name": "ok",
      "type": 0,
      "url": "https://okjx.cc/?url="
    },
    {
      "name": "bozrc",
      "type": 0,
      "url": "https://jx.bozrc.com:4433/player/?url=",
      "ext": {
        "flag": [
          "qq",
          "腾讯",
          "qiyi",
          "爱奇艺",
          "奇艺",
          "youku",
          "优酷",
          "mgtv",
          "芒果",
          "letv",
          "leshi",
          "LS",
          "pptv",
          "PPTV",
          "sohu",
          "bilibili",
          "哔哩哔哩",
          "哔哩"
        ],
        "header": {
          "User-Agent": ""
        }
      }
    },
    {
      "name": "不累",
      "type": 0,
      "url": "https://blbfq.f3322.net/player/analysis.php?v=",
      "ext": {
        "flag": [
          "qiyi",
          "qq",
          "letv",
          "sohu",
          "youku",
          "mgtv",
          "bilibili",
          "wasu",
          "xigua",
          "1905"
        ]
      }
    },
    {
      "name": "cod",
      "type": 0,
      "url": "https://ksksl.codjx.com/?url="
    },
    {
      "name": "byg解析",
      "type": 0,
      "url": "https://byg.ziqj5.shop/?url="
    },
    {
      "name": "xmflv",
      "type": 0,
      "url": "https://jx.xmflv.com/?url="
    },
    {
      "name": "365",
      "type": 0,
      "url": "https://chaxun.truechat365.com/?url=",
      "ext": {
        "flag": [
          "qq",
          "腾讯",
          "qiyi",
          "iqiyi",
          "爱奇艺",
          "奇艺",
          "youku",
          "优酷",
          "mgtv",
          "芒果",
          "letv",
          "乐视",
          "pptv",
          "PPTV",
          "sohu",
          "bilibili",
          "哔哩哔哩",
          "哔哩"
        ]
      }
    },
    {
      "name": "26db",
      "type": 0,
      "url": "http://vip.26db.cn/g/?url="
    },
    {
      "name": "看看",
      "type": 0,
      "url": "https://jx.m3u8.pw/?url="
    },
    {
      "name": "FreeOK",
      "type": 0,
      "url": "https://play.86516.tk/OKPlayer/?url="
    },
    {
      "name": "free",
      "type": 0,
      "url": "https://h5.freejson.xyz/player/?url="
    }
  ],
  "flags": [
    "youku",
    "qq",
    "iqiyi",
    "qiyi",
    "letv",
    "sohu",
    "tudou",
    "pptv",
    "mgtv",
    "wasu"
  ],
  "wallpaper": "http://www.kf666888.cn/api/tvbox/img"
}