{
  "作者": "菜妮丝https://cainisi.cf",
  "站名": "短视频",
  "主页url": "http://www.sharenice.net",
  "直接播放": "1",
 "嗅探词": ".m3u8#m3u8?#.mp4#mp4?#ixigua#.czspp#.flv#.mp3#.m4a#?item/video#is_play_url=1#play/?#qianpailive#item_id=",
  
  "分类": "抖音&快手&微视&火山&场库&美拍&秒拍&全民&梨&好兔&开眼&美女&搞笑&社会&音乐&娱乐&影视&正能量&生活&动漫&萌系&美食&体育&游戏&明星&旅游&时尚",
  "分类值": "douyin&kuaishou&weishi&huoshan&changku&meipai&miaopai&quanmin&lishipin&haotu&kaiyan&t-576O5aWz&t-5pCe56yR&t-56S+5Lya&t-6Z+z5LmQ&t-5aix5LmQ&t-5b2x6KeG&t-5q2j6IO96YeP&t-55Sf5rS7&t-5Yqo5ryr&t-6JCM57O7&t-576O6aOf&t-5L2T6IKy&t-5ri45oiP&t-5piO5pif&t-5peF5ri4&t-5pe25bCa",
  
  "分类url": "http://www.sharenice.net/{cateId}?page={catePg}",
  
  "二次截取": "class=\"item-box\">&&</ul>",
  "数组": "<li&&</li>",
  "图片": "data-original=\"&&\"",
  "标题": "title=\"&&\"",
  "链接": "href=\"&&\""
}