[
{"name":"MV","url":"http://我不是.肥猫.love:63/lives/mv.txt&&&http://pic1.win4000.com/m00/45/48/688cb8f132a5c9e5e4de275eaf4f0e28.jpg"},
{"name":"肥猫!!","url":"http://我不是.肥猫.love:63/TV/tvzb.txt&&&https://pic.3gbizhi.com/uploads/20140428/4a96bce58a37d196e242bb5d68f02902.jpg"},
{"name":"虎牙","url":"https://ghproxy.com/https://raw.githubusercontent.com/Ftindy/IPTV-URL/main/huyayqk.m3u&&&https://api.likepoems.com/img/mc"},
{"name":"斗鱼","url":"https://ghproxy.com/https://github.com/Ftindy/IPTV-URL/blob/main/douyuyqk.m3u&&&https://api.likepoems.com/img/mc"},
{"name":"IPTV","url":"https://ghproxy.com/https://raw.githubusercontent.com/Ftindy/IPTV-URL/main/bestv.m3u&&&https://api.likepoems.com/img/mc"},
{"name":"百视通","url":"https://fanmingming.com/txt?url=https://live.fanmingming.com/tv/m3u/global.m3u&&&https://api.likepoems.com/img/mc"},
{"name":"蚂蚁","url":"https://mpimg.cn/down.php/3b3f8c84767db0042076129587ec7f9a.txt&&&https://api.likepoems.com/img/mc"},
{"name":"IPTV@","url":"https://ghproxy.com/https://raw.githubusercontent.com/zbefine/iptv/main/iptv.txt&&&https://api.likepoems.com/img/mc"},
{"name":"范明","url":"https://ghproxy.com/raw.githubusercontent.com/fanmingming/live/main/tv/m3u/global.m3u&&&https://api.likepoems.com/img/mc"}
]