{
  "urls": [
    {
      "url": "./lib/99.json",
      "name": " 🍔风言锋语|影视"
    },
    {
      "url": "./lib/33.json",
      "name": " 🍟风言锋语|少儿"
    },
    {
      "url": "./lib/55.json",
      "name": " 🐝风言锋语|阿里4K"
    },
    {
      "url": "http://rihou.cc:88/荷城茶秀",
      "name": "🍵荷城茶秀(有跑马灯)"
    },
    {
      "url": "./lib/ysc.json",
      "name": "🚚运输车(有跑马灯)"
    },
    {
      "url": "https://agit.ai/66666/mao/raw/branch/master/00/000.m3u8",
      "name": "🍩分享者（跑马灯）"
    },
    {
      "url": "http://我不是.肥猫.love:63/接口禁止贩卖",
      "name": " 🐼肥猫Panda"
    },
    {
      "url": "http://饭太硬.top/tv",
      "name": " 🍚饭太硬"
    },
    {
      "url": "https://tvbox.cainisi.cf",
      "name": "🍄菜尼丝"
    },
    {
      "url": "./lib/DEMO.json",
      "name": "🌾小米"
    },
    {
      "url": "http://yydsys.top/duo",
      "name": " 👨‍👨‍👧‍👧应用多多家庭版"
    },
    {
      "url": "https://jihulab.com/ygbh1/box/-/raw/main/月光宝盒",
      "name": "🌙月光宝盒家庭版 "
    },
    {
      "url": "http://tv.nxog.top/m/111.php?ou=%E6%AC%A7%E6%AD%8C&mz=index2&xl=&jar=index2",
      "name": "🎡欧歌线路"
    },
    {
      "url": "http://itvbox.cc/tvbox/云星日记/1.m3u8",
      "name": " 🌤云星日记"
    },
    {
      "url": "./lib/js.json",
      "name": "🏔高天流云"
    },
    {
      "url": "http://yydsys.top/duo/ali",
      "name": " 🛒阿里精品（需要输入Token）"
    },
    {
      "url": "https://pastebin.com/raw/5NHaxyGR",
      "name": " 👨‍🦲道长线路 "
    },
    {
      "url": "./lib/yydf.json",
      "name": " 🍵业余"
    },
    {
      "url": "./lib/duocang.json",
      "name": " 😈心魔"
    },
    {
      "url": "./lib/xc.json",
      "name": "✨星辰"
    },
    {
      "url": "./lib/01.txt",
      "name": " 🦗潇洒"
    },
    {
      "url": "http://52bsj.vip:98/wuai",
      "name": "🦐吾爱线路"
    },
    {
      "url": "./lib/Box.json",
      "name": " 🦁kvymin线路"
    },
    {
      "url": "./lib/ml.json",
      "name": "🦆胖鸭线路"
    },
    {
      "url": "./lib/XC.json",
      "name": " 🦀南风线路"
    },
    {
      "url": "https://gh.t4tv.hz.cz/newtang.bmp",
      "name": " 🐿唐三线路"
    },
    {
      "url": "./lib/44.txt",
      "name": "  🐟佰欣园线路"
    },
    {
      "url": "./lib/py.json",
      "name": " 🍺霜辉月明"
    },
    {
      "url": "https://jihulab.com/ymz1231/xymz/-/raw/main/ymxx",
      "name": "🌃夜猫子（跑马灯）"
    }
  ],
  "vip": [
    {
      "url": "",
      "name": "默认"
    }
  ]
}