{
  
//定义Jar地址
	
"spider":" https://ghproxy.net/https://raw.githubusercontent.com/yf20230412/master/main/TvBox/Java/fan0825.jar;md5;c80207edebbe5019a688fd2eb653e005" ,

//壁纸地址

"wallpaper": "http://www.kf666888.cn/api/tvbox/img" , 

//公告说明
"warningText": "风言锋语提示您：如遇不能播放或者卡，学会换源，接口长期维护，切勿贩卖" , 
	
//定义直播源地址,clan://TVBox/live.txt需要转换成Base 64编码,粘贴到txt&ext后面, 

"lives":[
	{
	   "name":"live",
		"type":0,
		"url":"https://download.kstore.space/download/4645/Tvbox/612.txt",
		"epg":"http://epg.51zmt.top:8000/api/diyp/?ch={name}&date={date}",
		"logo":"https://epg.112114.xyz/logo/{name}.png"
	},
	{
		"group":"redirect",
    "channels":[{
    "name":"redirect",
    "urls":["proxy://do=live&type=txt&ext=aHR0cHM6Ly9kb3dubG9hZC5rc3RvcmUuc3BhY2UvZG93bmxvYWQvNDY0NS9UdmJveC82MTIudHh0"]
    }]
	}
        ],

//首页列表
  
"sites":[  

	
{"key":"奇艺","name":"🧚┃少儿┃爱奇艺","type":3,"api":"https://ghproxy.net/https://raw.githubusercontent.com/yf20230412/master/main/TvBox/douban/drpy1.min.js","ext":"https://ghproxy.net/https://raw.githubusercontent.com/yf20230412/master/main/TvBox/api/iqiyi.js"},
	
{"key":"芒果","name":"👼🏻┃少儿┃芒果","type":3,"api":"https://ghproxy.net/https://raw.githubusercontent.com/yf20230412/master/main/TvBox/douban/drpy1.min.js","ext":"https://ghproxy.net/https://raw.githubusercontent.com/yf20230412/master/main/TvBox/api/mgtv.js"},
	
{"key":"优酷","name":"🧜‍┃少儿┃优酷","type":3,"api":"https://ghproxy.net/https://raw.githubusercontent.com/yf20230412/master/main/TvBox/douban/drpy1.min.js","ext":"https://download.kstore.space/download/4645/Tvbox/youku.js"},

{"key":"腾讯","name":"🎅🏻┃少儿┃腾讯","type":3,"api":"https://ghproxy.net/https://raw.githubusercontent.com/yf20230412/master/main/TvBox/douban/drpy1.min.js","ext":"https://ghproxy.net/https://raw.githubusercontent.com/yf20230412/master/main/TvBox/api/qq.js"},

{"key": "豆豆","name": "🔍┃豆瓣┃主页","type": 3,"api": "csp_DouDou","searchable": 0,"quickSearch": 0,"filterable": 0},
	
{"key":"dr_兔小贝","name":"📚┃儿童┃启蒙","type":3,"api":"https://ghproxy.net/https://raw.githubusercontent.com/yf20230412/master/main/TvBox/douban/drpy1.min.js","ext":"https://ghproxy.net/https://raw.githubusercontent.com/yf20230412/master/main/TvBox/api/兔小贝.js","searchable":0,"quickSearch":0,"filterable":0},

{"key":"童趣","name":"🍭┃童趣┃","type":3,"api":"https://ghproxy.net/https://raw.githubusercontent.com/yf20230412/master/main/TvBox/douban/drpy1.min.js","ext":"https://download.kstore.space/download/4645/Tvbox/shaoer/童趣.js" },
  
{ "key":"幼儿启蒙","name":"🌏┃幼儿┃启蒙","type":3,"api":"csp_Bili","searchable":0,"quickSearch":1,"filterable":1,"ext":"https://download.kstore.space/download/4645/Tvbox/shaoer/幼儿启蒙.json" },       
  
{"key": "益智","name": "🌏┃益智┃动画","type": 3,"api": "csp_Bili","searchable": 0,"quickSearch": 0,"filterable": 0,"ext":"https://download.kstore.space/download/4645/Tvbox/shaoer/益智动画.json" }, 
  
{"key":"幼小衔接","name":"🌏┃幼小┃衔接","type":3,"api":"csp_Bili","searchable":0,"quickSearch":1,"filterable":1,"ext":"https://download.kstore.space/download/4645/Tvbox/shaoer/%E5%B9%BC%E5%B0%8F%E8%A1%94%E6%8E%A5.json" }, 
  
{"key":"小灯塔","name":"🌏┃小灯塔┃百科","type":3,"api":"csp_Bili","searchable":0,"quickSearch":1,"filterable":1,"ext":"https://download.kstore.space/download/4645/Tvbox/shaoer/%E5%B0%8F%E7%81%AF%E5%A1%94%E7%99%BE%E7%A7%91.json"  },  

{ "key":"小灯塔科学","name":"🌏┃小灯塔┃科学","type":3,"api":"csp_Bili","searchable":0,"quickSearch":1,"filterable":1,"ext":"https://download.kstore.space/download/4645/Tvbox/shaoer/%E5%B0%8F%E7%81%AF%E5%A1%94%E7%A7%91%E5%AD%A6.json"  },  
  
{"key":"小灯塔地理","name":"🌏┃小灯塔┃地理","type":3,"api":"csp_Bili","searchable":0,"quickSearch":1,"filterable":1,"ext":"https://download.kstore.space/download/4645/Tvbox/shaoer/%E5%B0%8F%E7%81%AF%E5%A1%94%E5%9C%B0%E7%90%86.json"  },  
  
{"key":"小灯塔国学","name":"🌏┃小灯塔┃国学","type":3,"api":"csp_Bili","searchable":0,"quickSearch":1,"filterable":1,"ext":"https://download.kstore.space/download/4645/Tvbox/shaoer/%E5%B0%8F%E7%81%AF%E5%A1%94%E5%9B%BD%E5%AD%A6.json"  },  
  
{"key":"小灯塔人文","name":"🌏┃小灯塔┃人文","type":3,"api":"csp_Bili","searchable":0,"quickSearch":1,"filterable":1,"ext":"https://download.kstore.space/download/4645/Tvbox/shaoer/%E5%B0%8F%E7%81%AF%E5%A1%94%E4%BA%BA%E6%96%87.json"  },  
  
{"key":"儿童拼音","name":"🌏┃儿童┃拼音","type":3,"api":"csp_Bili","searchable":0,"quickSearch":1,"filterable":1,"ext":"https://download.kstore.space/download/4645/Tvbox/shaoer/%E5%84%BF%E7%AB%A5%E6%8B%BC%E9%9F%B3.json"  },  
  
{"key":"儿童识字","name":"🌏┃儿童┃识字","type":3,"api":"csp_Bili","searchable":0,"quickSearch":1,"filterable":1,"ext":"https://download.kstore.space/download/4645/Tvbox/shaoer/%E5%84%BF%E7%AB%A5%E8%AF%86%E5%AD%97.json"  },  
  
{"key":"儿童英语","name":"🌏┃儿童┃英语","type":3,"api":"csp_Bili","searchable":0,"quickSearch":1,"filterable":1,"ext":"https://download.kstore.space/download/4645/Tvbox/shaoer/%E5%84%BF%E7%AB%A5%E8%8B%B1%E8%AF%AD.json"  },  
  
{"key":"儿童硬笔","name":"🌏┃儿童┃硬笔","type":3,"api":"csp_Bili","searchable":0,"quickSearch":1,"filterable":1,"ext":"https://download.kstore.space/download/4645/Tvbox/shaoer/%E5%84%BF%E7%AB%A5%E7%A1%AC%E7%AC%94.json"  },  
  
{"key":"儿童思维","name":"🌏┃儿童┃思维","type":3,"api":"csp_Bili","searchable":0,"quickSearch":1,"filterable":1,"ext":"https://download.kstore.space/download/4645/Tvbox/shaoer/%E5%84%BF%E7%AB%A5%E6%80%9D%E7%BB%B4.json"  },  
  
{"key":"儿童口才","name":"🌏┃儿童┃口才","type":3,"api":"csp_Bili","searchable":0,"quickSearch":1,"filterable":1,"ext":"https://download.kstore.space/download/4645/Tvbox/shaoer/%E5%84%BF%E7%AB%A5%E5%8F%A3%E6%89%8D.json"  },  
  
{"key":"儿童编程","name":"🌏┃儿童┃编程","type":3,"api":"csp_Bili","searchable":0,"quickSearch":1,"filterable":1,"ext":"https://download.kstore.space/download/4645/Tvbox/shaoer/%E5%84%BF%E7%AB%A5%E7%BC%96%E7%A8%8B.json"  },  
  
{"key":"儿童武术","name":"🌏┃儿童┃武术","type":3,"api":"csp_Bili","searchable":0,"quickSearch":1,"filterable":1,"ext":"https://download.kstore.space/download/4645/Tvbox/shaoer/%E5%84%BF%E7%AB%A5%E6%AD%A6%E6%9C%AF.json"  },  
  
{"key":"兴趣培养","name":"🌏┃兴趣┃培养","type":3,"api":"csp_Bili","searchable":0,"quickSearch":1,"filterable":1,"ext":"https://download.kstore.space/download/4645/Tvbox/shaoer/%E5%85%B4%E8%B6%A3%E5%9F%B9%E5%85%BB.json"  },  
  
{"key":"小学","name":"🌏┃小学┃教育","type":3,"api":"csp_Bili","searchable":0,"quickSearch":1,"filterable":1,"ext":"https://download.kstore.space/download/4645/Tvbox/shaoer/%E5%B0%8F%E5%AD%A6.json"  },  
  
{"key":"初中","name":"🌏┃初中┃教育","type":3,"api":"csp_Bili","searchable":0,"quickSearch":1,"filterable":1,"ext":"https://download.kstore.space/download/4645/Tvbox/shaoer/%E5%88%9D%E4%B8%AD.json"  },
 
{"key":"高中","name":"🌏┃高中┃教育","type":3,"api":"csp_Bili","searchable":0,"quickSearch":1,"filterable":1,"ext":"https://download.kstore.space/download/4645/Tvbox/shaoer/%E9%AB%98%E4%B8%AD.json"  },  
  
{"key":"py_youer","name":"🅱️┃幼儿┃教育","type":3,"api":"py_youer","searchable":0,"quickSearch":0,"filterable":1,"ext":"https://download.kstore.space/download/4645/Tvbox/shaoer/%E5%B9%BC%E5%84%BF.py"  },  
  
{"key":"py_xiaoxue","name":"🅱️┃小学┃教育","type":3,"api":"py_xiaoxue","searchable":0,"quickSearch":0,"filterable":1,"ext":"https://download.kstore.space/download/4645/Tvbox/shaoer/%E5%B0%8F%E5%AD%A6.py"  },  
  
{"key":"py_czxx","name":"🅱️┃初中┃教育","type":3,"api":"py_czxx","searchable":0,"quickSearch":0,"filterable":1,"ext":"https://download.kstore.space/download/4645/Tvbox/shaoer/%E5%88%9D%E4%B8%AD.py"  },

{"key":"Zhaozy","name":"🎄┃找资源┃搜索","type":3,"api":"csp_Zhaozy","searchable":1,"quickSearch":1,"filterable":0,"changeable":0,"ext":"http://127.0.0.1:9978/file/tvfan/token.txt+4k|fhd|auto$$$fanfan$$$qqq111"},
	
{"key":"PanSou","name":"🦊┃盘搜┃搜索","type":3,"api":"csp_PanSou","searchable":1,"quickSearch":1,"filterable":0,"changeable":0,"ext":"http://127.0.0.1:9978/file/tvfan/token.txt+4k|fhd|auto"},
	
{"key":"UpYun","name":"😻┃Up搜┃搜索","type":3,"api":"csp_UpYun","searchable":1,"quickSearch":1,"filterable":0,"changeable":0,"ext":"http://127.0.0.1:9978/file/tvfan/token.txt+4k|fhd|auto"},
	
{"key":"PanSearch","name":"🙀┃盘Se┃搜索","type":3,"api":"csp_PanSearch","searchable":1,"quickSearch":1,"filterable":0,"ext":"http://127.0.0.1:9978/file/tvfan/token.txt+4k|fhd|auto"},
	
{"key":"七夜","name":"😾┃七夜┃搜索","type":3,"api":"csp_Dovx","searchable":1,"quickSearch":1,"filterable":0,"changeable":0,"ext":"http://127.0.0.1:9978/file/tvfan/token.txt+4k|fhd|auto"},

{"key":"push_agent","name":"▶┃推送┃磁力","type":3,"api":"csp_Push","playerType":1,"searchable":0,"quickSearch":0,"filterable":0,"ext":"https://agit.ai/Yoursmile7/TVBox/raw/branch/master/token.txt"},

{"key": "csp_Token","name":"📚┃阿里┃Token设置","type": 3,"api": "csp_KungFu404","searchable": 1,"filterable": 1,"changeable": 0,"jar": "https://download.kstore.space/download/4645/Tvbox/aliyun.jar;md5;332d0e5a28640ee88589390ad4a23a39"},

{"key": "AD","name": "请勿相信任何广告","type": 3,"api": "csp_XBPQ","searchable": 0,"quickSearch": 0,"filterable": 0, "ext": "http://127.0.0.1:9978/file/tvfan/token.txt"},

{"key": "cc","name": "公众号【风言锋语88】","type": 3,"api": "csp_XPath","searchable": 0,"quickSearch": 0,"filterable": 0}

],
  
  //视频解析（很关键）

"parses": [

{"name": "Web聚合","type": 3,"url": "Web"},

{"name":"解析聚合","type":3,"url":"Demo"},
			
{"name": "精选1","type": 1,"url": "http://27.124.4.42:4567/jhjson/ceshi.php?url=","ext": {"flag": ["qq", "腾讯", "qiyi", "爱奇艺", "奇艺", "youku", "优酷", "mgtv", "芒果", "letv", "乐视", "pptv", "PPTV", "sohu", "bilibili", "哔哩哔哩", "哔哩"],"header":{"User-Agent":"okhttp/4.1.0"}}},

{"name":"精选2","type":1,"url":"http://110.42.2.247:880/analysis/json/?uid=2449&my=acfgikquvzFGJRW459&url="},	

{"name": "精选3","type": 1,"url": "http://110.42.2.247:880/analysis/json/?uid=2449&my=acfgikquvzFGJRW459&url="},

{"name": "精选4","type": 1,"url": "https://www.m3u8.tv.cache.janan.net:4433/json2020.php?uid=M3U8.TV&token=88888888&url=","ext": {"flag": ["qq", "腾讯", "qiyi", "爱奇艺", "奇艺", "youku", "优酷", "mgtv", "芒果", "letv", "乐视", "pptv", "PPTV", "sohu", "bilibili", "哔哩哔哩", "哔哩"],"header":{"User-Agent":"okhttp/4.1.0"}}},

{"name": "精选5","type": 0,"url": "https://www.yemu.xyz/?url=","ext": {"flag": ["qq", "腾讯", "qiyi", "爱奇艺", "奇艺", "youku", "优酷", "mgtv", "芒果", "letv", "乐视", "pptv", "PPTV", "sohu", "bilibili", "哔哩哔哩", "哔哩"],"header":{"User-Agent":"okhttp/4.1.0"}}},

{"name":"精选6","type":1,"url":"http://json.84jia.com/home/api?type=ys&uid=335253&key=fjklpqsyCDGMNQRWX8&url="},	
	
{"name":"精选7","type":1,"url":"https://json.key521.cn/api/?key=df27d9ca9ec97e22c47f8565a50aa6f5&url="},

{"name": "精选8","type": 0, "url": "https://jx.777jiexi.com/player/?url="},
       
{"name": "精选9","type": 0,"url": "https://jx.xmflv.com/?url="},

{"name": "精选10","url": "https://jx.bozrc.com:4433/player/?url=","showType": 1},

{"name": "精选11","type": 0,"url": "https://jx.xmflv.com/?url=","ext": {"flag": ["qq","腾讯","qiyi","爱奇艺","奇艺","youku","优酷","mgtv","芒果","imgo","letv","乐视","pptv","PPTV","sohu","bilibili","哔哩哔哩","哔哩"],"header": {"User-Agent": "okhttp/4.1.0"}}},

{"name": "精选12","type": 1,"url": "http://jx.fuqizhishi.com:63/接口地址www.肥猫.love/肥猫专用.php?url="},

{"name": "精选13","type": 1,"url": "http://110.42.2.247:880/analysis/json/?uid=2449&my=acfgikquvzFGJRW459&url="},

{"name": "精选14","type": 1,"url": "https://json.key521.cn/api/?key=df27d9ca9ec97e22c47f8565a50aa6f5&url="},

{"name": "精选15","type": 1,"url": "http://xiaoxin.1080p.fun/home/api?type=ys&uid=91198&key=bhntuwyAJLMTUY1478&url="},

{"name": "腾讯","type": 0,"url": "https://jx.777jiexi.com/player/?url="},

{"name": "爱奇艺","type": 1,"url": "https://api.json.icu/api/?key=7a20743c26a46ba6c7cad98fba493d0c&url="},

{"name": "芒果","type": 1,"url": "http://110.42.2.247:880/analysis/json/?uid=2255&my=bcdkloqxzEFGPRT168&format=json&url=","ext": {"flag": ["qq", "腾讯", "qiyi", "爱奇艺", "奇艺", "youku", "优酷", "mgtv", "芒果", "letv", "乐视", "pptv", "PPTV", "sohu", "bilibili", "哔哩哔哩", "哔哩"],"header":{"User-Agent":"okhttp/4.1.0"}}},


{"name": "优酷","type": 0,"url": "https://vip.lianfaka.com/vip/?url=","ext": {"flag": ["qq", "腾讯", "qiyi", "爱奇艺", "奇艺", "youku", "优酷", "mgtv", "芒果", "letv", "乐视", "pptv", "PPTV", "sohu", "bilibili", "哔哩哔哩", "哔哩"],"header":{"User-Agent":"okhttp/4.1.0"}}},


{"name": "360","type": 1,"url": "https://json.key521.cn/api/?key=df27d9ca9ec97e22c47f8565a50aa6f5&url=","ext": {"flag":["qq","腾讯","企鹅","IQiYi","qiyi","爱奇艺","奇艺","youku","YouKu","优酷","sohu","SoHu","搜狐","letv","LeShi","乐视","imgo","mgtv","MangGuo","芒果","SLYS4k","BYGA","luanzi","AliS","dxzy","bilibili","QEYSS","xigua","西瓜视频","腾讯视频","奇艺视频","优酷视频","芒果视频","乐视视频"]}},

{"name": "搜狗","type": 1,"url": "http://htp.behds.cn/json/520237app7/mlzjphp111.php?url=","ext": {"flag": ["qq", "腾讯", "qiyi", "爱奇艺", "奇艺", "youku", "优酷", "mgtv", "芒果", "letv", "乐视", "pptv", "PPTV", "sohu", "bilibili", "FY", "哔哩"],"header":{"User-Agent":"okhttp/4.1.0"}}}

],
	


//

  "doh": [
           {"name": "Google","url": "https://dns.google/dns-query","ips": ["8.8.4.4", "8.8.8.8"]},
           {"name": "Cloudflare","url": "https://cloudflare-dns.com/dns-query","ips": ["1.1.1.1","1.0.0.1","2606:4700:4700::1111","2606:4700:4700::1001"]},
           {"name": "AdGuard","url": "https://dns.adguard.com/dns-query","ips": ["94.140.14.140","94.140.14.141"]},
           {"name": "DNSWatch","url": "https://resolver2.dns.watch/dns-query","ips": ["84.200.69.80","84.200.70.40"]},
           {"name": "Quad9","url": "https://dns.quad9.net/dns-quer","ips": ["9.9.9.9","149.112.112.112"]}],

	
    
//规则
"rules":[
	
{"host":"*","rule":["default.365yg.com"]},
{"host":"dyxs20.com","rule":[".m3u8"]},
{"host":"www.agemys.cc","rule":["cdn-tos","obj/tos-cn"]},
{"host":"www.sharenice.net","rule":["http.*?/play.{0,3}\\?[^url]{2,8}=.*"]},
{"host":"www.sharenice.net","rule":["qianpailive.com","vid="]},
{"host":"*","rule":["douyin.com/aweme","video_id="]},
{"host":"*","rule":["huoshan.com","/item/video/"]},
{"host":"*","rule":["http((?!http).){12,}?\\.(m3u8|mp4|flv|avi|mkv|rm|wmv|mpg|m4a)\\?.*"]},
{"host":"*","rule":["http((?!http).){12,}\\.(m3u8|mp4|flv|avi|mkv|rm|wmv|mpg|m4a)"]},

{"name": "量子","hosts": ["vip.lz","hd.lz"],"regex": ["#EXT-X-DISCONTINUITY\\r*\\n*#EXTINF:6.433333,[\\s\\S]*?#EXT-X-DISCONTINUITY","#EXTINF.*?\\s+.*?1o.*?\\.ts\\s+"]},
{"name": "非凡","hosts": ["vip.ffzy","hd.ffzy"],"regex": ["#EXT-X-DISCONTINUITY\\r*\\n*#EXTINF:6.666667,[\\s\\S]*?#EXT-X-DISCONTINUITY","#EXTINF.*?\\s+.*?1o.*?\\.ts\\s+"]},	
{"name": "抖音","hosts": ["douyin.com"],"regex": ["is_play_url="]}
],
	
    

//未知代码，保持不动

"flags":["youku","qq","iqiyi","imgo","xueren","m1905","qiyi","letv","sohu","tudou","pptv","dbm3u8","mgtv","wasu","bilibili","le","duoduozy","renrenmi","xigua","优酷","西瓜","乐视","芒果","腾讯","爱奇艺","奇艺","ltnb","rx","CL4K","xfyun","wuduzy","哔哩哔哩","哔哩"],

//解码器，保持不动

"ijk":[
{"group":"软解码","options":[
{"category":4,"name":"opensles","value":"0"},
{"category":4,"name":"overlay-format","value":"842225234"},
{"category":4,"name":"framedrop","value":"1"},
{"category":4,"name":"soundtouch","value":"1"},
{"category":4,"name":"start-on-prepared","value":"1"},
{"category":1,"name":"http-detect-range-support","value":"0"},
{"category":1,"name":"fflags","value":"fastseek"},
{"category":2,"name":"skip_loop_filter","value":"48"},
{"category":4,"name":"reconnect","value":"1"},
{"category":4,"name":"enable-accurate-seek","value":"0"},
{"category":4,"name":"mediacodec","value":"0"},
{"category":4,"name":"mediacodec-auto-rotate","value":"0"},
{"category":4,"name":"mediacodec-handle-resolution-change","value":"0"},
{"category":4,"name":"mediacodec-hevc","value":"0"},
{"category":1,"name":"dns_cache_timeout","value":"600000000"}
]},
{"group":"硬解码","options":[
{"category":4,"name":"opensles","value":"0"},
{"category":4,"name":"overlay-format","value":"842225234"},
{"category":4,"name":"framedrop","value":"1"},
{"category":4,"name":"soundtouch","value":"1"},
{"category":4,"name":"start-on-prepared","value":"1"},
{"category":1,"name":"http-detect-range-support","value":"0"},
{"category":1,"name":"fflags","value":"fastseek"},
{"category":2,"name":"skip_loop_filter","value":"48"},
{"category":4,"name":"reconnect","value":"1"},
{"category":4,"name":"enable-accurate-seek","value":"0"},
{"category":4,"name":"mediacodec","value":"1"},
{"category":4,"name":"mediacodec-auto-rotate","value":"1"},
{"category":4,"name":"mediacodec-handle-resolution-change","value":"1"},
{"category":4,"name":"mediacodec-hevc","value":"1"},
{"category":1,"name":"dns_cache_timeout","value":"600000000"}
]}
],

	


//屏蔽广告，保持不动
"ads":[
"wan.51img1.com","iqiyi.hbuioo.com","vip.ffzyad.com","https://lf1-cdn-tos.bytegoofy.com/obj/tos-cn-i-dy/455ccf9e8ae744378118e4bd289288dd","mimg.0c1q0l.cn","www.googletagmanager.com","www.google-analytics.com","mc.usihnbcq.cn","mg.g1mm3d.cn","mscs.svaeuzh.cn","cnzz.hhttm.top","tp.vinuxhome.com","cnzz.mmstat.com","www.baihuillq.com",
"s23.cnzz.com","z3.cnzz.com","c.cnzz.com","stj.v1vo.top","z12.cnzz.com","img.mosflower.cn","tips.gamevvip.com","ehwe.yhdtns.com","xdn.cqqc3.com","www.jixunkyy.cn","sp.chemacid.cn","hm.baidu.com",
"s9.cnzz.com","z6.cnzz.com","um.cavuc.com","mav.mavuz.com","wofwk.aoidf3.com","z5.cnzz.com","xc.hubeijieshikj.cn","tj.tianwenhu.com","xg.gars57.cn","k.jinxiuzhilv.com","cdn.bootcss.com","ppl.xunzhuo123.com",
"xomk.jiangjunmh.top","img.xunzhuo123.com","z1.cnzz.com","s13.cnzz.com","xg.huataisangao.cn","z7.cnzz.com","xg.huataisangao.cn","z2.cnzz.com","s96.cnzz.com","q11.cnzz.com","thy.dacedsfa.cn","xg.whsbpw.cn",
"s19.cnzz.com","z8.cnzz.com","s4.cnzz.com","f5w.as12df.top","ae01.alicdn.com","www.92424.cn","k.wudejia.com","vivovip.mmszxc.top","qiu.xixiqiu.com","cdnjs.hnfenxun.com","cms.qdwght.com"]}
