{

// 1
"spider": " https://ghproxy.net/https://raw.githubusercontent.com/yf20230412/master/main/TvBox/Java/fan0825.jar;md5;c80207edebbe5019a688fd2eb653e005" , 

//2
"wallpaper": "http://www.kf666888.cn/api/tvbox/img" , 
//3

"warningText": "风言锋语提示您：播放错误时，注意播放器IJK和EXO;硬解码和软解码的正确使用" , 


//4	
"lives":[
	{
	   "name":"live",
		"type":0,
		"url":"https://download.kstore.space/download/4645/Tvbox/612.txt",
		"epg":"http://epg.51zmt.top:8000/api/diyp/?ch={name}&date={date}",
		"logo":"https://epg.112114.xyz/logo/{name}.png"
	},
	{
		"group":"redirect",
    "channels":[{
    "name":"redirect",
    "urls":["proxy://do=live&type=txt&ext=aHR0cHM6Ly9kb3dubG9hZC5rc3RvcmUuc3BhY2UvZG93bmxvYWQvNDY0NS9UdmJveC82MTIudHh0"]
    }]
	}
        ],

//5

	
"sites":[


	
{ "key": "drpy_js_荐片","name": "⌛┃荐片┃热播","type": 3,"api":"https://ghproxy.net/https://raw.githubusercontent.com/yf20230412/master/main/TvBox/douban/drpy1.min.js","ext":"https://ghproxy.net/https://raw.githubusercontent.com/yf20230412/master/main/TvBox/douban/荐片.js"},

//{"key": "新片热播","name":"⏳┃新片┃热播","type": 1,"api": "https://api.iku.cool/api.php/provide/vod/?ac=list","searchable": 1,"quickSearch": 1,"filterable": 0,"categories": ["连续剧","动漫"]},
	
{"key": "豆瓣","name": "🔍┃豆瓣┃主页","type": 3,"api": "https://ghproxy.net/https://raw.githubusercontent.com/yf20230412/master/main/TvBox/douban/drpy1.min.js","ext": "https://ghproxy.net/https://raw.githubusercontent.com/yf20230412/master/main/TvBox/douban/drpy.js","searchable": 0,"quickSearch": 0,"filterable": 0},
//{"key": "豆瓣","name":"🔍┃豆瓣┃主页","type": 3,"api": "csp_DouDou","searchable": 0,"quickSearch": 0,"filterable": 0},

{"key": "csp_KungFu404","name":"📚┃阿里┃Token设置","type": 3,"api": "csp_KungFu404","searchable": 1,"filterable": 0,"changeable": 0,"jar": "https://download.kstore.space/download/4645/Tvbox/aliyun.jar;md5;332d0e5a28640ee88589390ad4a23a39"},

{"key": "csp_Kunyu77","name": "🌈┃七七┃影视","type": 3,"api":"csp_Kunyu77","searchable":1,"quickSearch":1,"filterable":1},

{"key":"csp_Czsapp","name":"👨‍💼┃厂长┃直连","type":3,"api":"csp_Czsapp","playerType":2,"searchable":1,"quickSearch":1,"changeable": 1},

{"key":"csp_WoGG","name":"💂┃玩偶┃哥哥","type":3,"api":"csp_WoGG","searchable":1,"quickSearch":1,"changeable":0,"ext":"http://127.0.0.1:9978/file/tvfan/token.txt+4k|fhd|auto$$$http://tvfan.xxooo.cf/"},

{"key": "姐姐","name": "👩‍⚕️┃玩偶┃姐姐","type": 3,"api": "csp_AppYsV2","searchable":1,"quickSearch":1,"filterable":1,"ext": "http://dytt996.com/api.php/app/"},
  
{"key": "cps_aliyunpan","name": "👩‍🔬┃玩偶┃妹妹", "type": 1,"api": "http://1.ahailove.cn:23456/cj/api.php/provide/vod/","categories": ["电影","电视剧","综艺","动漫"]},

{"key": "探探","name":"💐┃影探┃4K","type": 3,"api": "csp_YTVIP","searchable": 1,"quickSearch": 1,"changeable": 1,"ext": "vvvwvwvvwwvwvvvwvvwwvvvwwwwvvvvwvvvwwvvvwwwvvwvwvvwvvvvw.lyyytv.cn"},

{"key": "贱贱","name": "🐭┃贱贱┃p2p","type": 3,"playerType": "1","api": "https://ghproxy.net/https://raw.githubusercontent.com/yf20230412/master/main/TvBox/douban/drpy1.min.js","ext": "https://ghproxy.net/https://raw.githubusercontent.com/yf20230412/master/main/TvBox/api/jp.js"},

{"key":"Qtv","name":"🐧┃腾讯┃解析","type":3,"api":"csp_Qtv","searchable": 1,"quickSearch": 1,"filterable":1,"changeable": 0},
	
{"key": "drpy_js_奇珍异兽","name": "💋┃爱奇┃官源","type": 3,"api": "csp_Itv","api":"https://ghproxy.net/https://raw.githubusercontent.com/yf20230412/master/main/TvBox/douban/drpy1.min.js","ext": "https://ghproxy.net/https://raw.githubusercontent.com/yf20230412/master/main/TvBox/api/爱奇艺.js"},
			   
{"key":"MGT","name":"🍋┃芒果┃解析","type":3,"api":"csp_Mtv","searchable":1,"quickSearch":1,"filterable":1},

{"key": "csp_SP360","name":"📀┃360┃官源","type": 3,"api": "csp_XBPQ","searchable": 1,"quickSearch": 1,"filterable": 1,"ext": "https://ghproxy.net/https://raw.githubusercontent.com/yf20230412/master/main/TvBox/api/360ys.js"},

{"key": "csp_SP33","name":"🐝┃三三┃解析","type": 3,"api": "csp_SP33","searchable": 1,"quickSearch": 1,"filterable": 1,"changeable": 0},	

{"key":"csp_XBPQ新大米","name":"🌾┃大米┃影视","type":3,"api":"csp_XBPQ","searchable":1,"quickSearch":1,"filterable":0,"ext":{"分类":"电影$20#连续剧$21#综艺$22#动漫$23#福利$35","分类url":"https://www.dmdy6.cc/vodshow/{cateId}-{area}-{by}-{class}-{lang}----{catePg}---{year}/pjax/YES.html"}},
	
{"key": "鸭鸭","name": " 🦆┃鸭鸭┃影视","type": 3,"api": "csp_AppYsV2","searchable": 1,"quickSearch": 1,"filterable": 1,"changeable": 1,"ext": "https://yayayaaapp.ynf.icu/api.php/app/"},	
	
{"key":"csp_aidi","name":"💥┃爱迪┃影视","type":3,"api":"csp_AppYsV2","searchable":1,"quickSearch":1,"filterable":1,"ext":"https://aidiapp.xyz/xgapp.php/v2/"},
	
{"key":"apv2_瑞丰","name":"⛄┃瑞丰┃影视","type":3,"api":"csp_AppYsV2","ext":"http://www.miniku.cc/xgapp.php/v2/"},	

{"key":"陌陌","name":"🍄┃陌陌┃影视","type":3,"api":"csp_AppYsV2","searchable":1,"quickSearch":1, "changeable": 1,"ext":"http://guan.yy365.vip/api.php/app/"},


{"key":"直播","name":"📺┃电视┃直播","type":3,"api":"https://ghproxy.net/https://raw.githubusercontent.com/yf20230412/master/main/TvBox/TVBox.js",
 "ext":"韩国女团$https://download.kstore.space/download/4645/Tvbox/6666/606.txt#🔞111$https://download.kstore.space/download/4645/Tvbox/6666/600.txt#🔞222$https://download.kstore.space/download/4645/Tvbox/6666/601.txt#🔞333$https://download.kstore.space/download/4645/Tvbox/6666/602.txt#🔞444$https://download.kstore.space/download/4645/Tvbox/6666/603.txt#🔞555$https://download.kstore.space/download/4645/Tvbox/6666/604.txt#🔞666$https://download.kstore.space/download/4645/Tvbox/6666/605.txt"},
			
	
{"key":"csp_DiDuan","name":"🐬┃低端┃直连","type":3,"api":"csp_Ddrk","searchable":1,"quickSearch":1,"filterable":0},
	
{"key":"csp_Xinsj","name":"🐼┃视觉┃直连","type":3,"api":"csp_Xinsj","searchable":1,"quickSearch":1,"filterable":1,"ext":"https://www.6080yy3.com/"},	
	
{"key":"csp_Lib","name":"🌟┃利播┃直连","type":3,"api":"csp_Libvio","searchable":1,"quickSearch":1,"changeable": 1,"ext":"https://www.libvio.fun/"},
	
{"key":"csp_Bttoo","name":"🐹┃哈喽┃App","type":3,"api":"csp_AppYsV2","searchable":1,"quickSearch":1,"filterable":1,"ext": "http://www.miniku.cc/xgapp.php/v1/"},
	
{"key":"农民影视","name":"🌾┃农民┃直连","type":3,"api":"csp_XBPQ","searchable":1,"quickSearch":1,"changeable":1,"ext":"https://ghproxy.net/https://raw.githubusercontent.com/yf20230412/master/main/TvBox/api/nongmin.json"},
	
{"key":"csp_Vofl","name":"🐎┃Vofl┃直连","type":3,"api":"csp_Voflix","searchable":1,"quickSearch":1,"filterable":1},
	
{"key":"csp_Auete","name":"🏝┃奥特┃直连","type":3,"api":"csp_Auete","searchable":1,"quickSearch":1,"filterable":1},
	
//{"key":"csp_Dy1010","name":"🦀┃双十┃直连","type":3,"api":"csp_Dy1010","searchable":1,"quickSearch":1,"filterable":1},
	
{"key":"csp_zxzj","name":"🦚┃在线┃直连","type":3,"api":"csp_Zxzj","searchable":1,"quickSearch":1,"filterable":1,"ext":"https://www.zxzj.pro/"},
	
{"key":"辣辣","name":"🌶️┃辣辣┃影视","type":3,"api":"csp_AppYs","searchable":1,"quickSearch":1,"filterable":1,"ext":"http://www.miniku.cc/xgapp.php/v2/", "jar": "http://我不是.肥猫.love:63/Jar/5.jar;md5;c570b052645834a1109b54421c1552f9"},
		
{"key":"555影视","name":"5️⃣️┃五五┃蓝光","type":3,"api":"csp_XBPQ","searchable":1,"quickSearch":1,"filterable":1,"ext":"https://ghproxy.net/https://raw.githubusercontent.com/yf20230412/master/main/TvBox/api/555.json"},
	
{"key": "奇奇","name":"🐕┃奇奇┃影视","type": 3,"api": "csp_AppYsV2", "searchable": 1,"quickSearch": 1,"changeable": 1 },

{"key": "专线","name": "🥩┃专线┃APP","type": 3,"api": "csp_ZhuanX","searchable": 1,"quickSearch": 1,"changeable": 1,"ext": "http://cms.maoyingshi.cc/api.php/app/"},

{ "key": "csp_fant", "name": "🍙┃饭团┃影视","type": 3, "api": "csp_Fantuan","filterable": 1, "quickSearch": 1, "searchable": 1, "playerType": 1},
	
{"key": "csp_yayaya","name": "👧┃耐菲┃影视","api": "csp_AppYsV2","type": 3,"filterable": 1,"quickSearch": 1,"searchable": 1,"ext": "https://yayayaaapp.ynf.icu/api.php/app/"},	

{"key": "cjzy_暴风资源","name": "🎈┃暴风┃影视","type": 1,"api": "https://bfzyapi.com/api.php/provide/vod/?ac=list","playUrl": "","categories": ["国产剧","国产动漫","大陆综艺","港台综艺","香港剧","台湾剧","日本剧","欧美剧","泰国剧","日本动漫","日本综艺","综艺频道","新马泰综艺","纪录片","科幻片","喜剧片","战争片"]},

	
{"key":"csp_酷影","name":"😎┃酷酷┃影视","type":3,"api":"csp_AppYsV2","searchable":1,"quickSearch":1,"filterable":1,"ext":"https://www.tvkuys.xyz/api.php/app/"},

		    				
{"key":"快看","name": "👀┃快看┃影视","type": 3,"api": "csp_Kuaikan","searchable": 1,"quickSearch": 1,"filterable": 1},			
	
{"key":"量子资源","name":"🤡┃量子┃资源","type":1,"api":"http://cj.lziapi.com/api.php/provide/vod/","playUrl":"","searchable":1,"quickSearch":1,"categories":["国产剧","国产动漫","泰国剧","台湾剧","香港剧","欧美剧","韩国剧","日本剧","动漫","体育","剧情片","动作片","爱情片","喜剧片"]},    

{"key":"csp_非凡资源","name":"🎃┃非凡┃资源","type":1,"api":"http://cj.ffzyapi.com/api.php/provide/vod/","playurl":"json:http://jx.84jia.com/m3u8ts.php?url=","searchable":1,"quickSearch":1,"filterable":1,"categories":["动作片","喜剧片","科幻片","恐怖片","爱情片","剧情片","战争片","记录片","国产剧","欧美剧","香港剧","韩国剧","台湾剧","日本剧","海外剧","泰国剧","国产动漫","日韩动漫","欧美动漫","港台动漫","海外动漫","大陆综艺","港台综艺","日韩综艺","欧美综艺"]},
	

{"key":"dr_兔小贝","name":"📚┃儿童┃启蒙","type":3,"api":"https://ghproxy.net/https://raw.githubusercontent.com/yf20230412/master/main/TvBox/douban/drpy1.min.js","ext":"https://ghproxy.net/https://raw.githubusercontent.com/yf20230412/master/main/TvBox/api/兔小贝.js","searchable":0,"quickSearch":0,"filterable":0},

{"key":"腾讯","name":"🎅🏻┃少儿┃腾讯","type":3,"api":"https://ghproxy.net/https://raw.githubusercontent.com/yf20230412/master/main/TvBox/douban/drpy1.min.js","ext":"https://ghproxy.net/https://raw.githubusercontent.com/yf20230412/master/main/TvBox/api/qq.js"},
	
{"key":"芒果","name":"👼🏻┃少儿┃芒果","type":3,"api":"https://ghproxy.net/https://raw.githubusercontent.com/yf20230412/master/main/TvBox/douban/drpy1.min.js","ext":"https://ghproxy.net/https://raw.githubusercontent.com/yf20230412/master/main/TvBox/api/mgtv.js"},
	
{"key":"奇艺","name":"🧚┃少儿┃爱奇艺","type":3,"api":"https://ghproxy.net/https://raw.githubusercontent.com/yf20230412/master/main/TvBox/douban/drpy1.min.js","ext":"https://ghproxy.net/https://raw.githubusercontent.com/yf20230412/master/main/TvBox/api/iqiyi.js"},
	
{"key":"优酷","name":"🧜‍┃少儿┃优酷","type":3,"api":"https://ghproxy.net/https://raw.githubusercontent.com/yf20230412/master/main/TvBox/douban/drpy1.min.js","ext":"https://ghproxy.net/https://raw.githubusercontent.com/yf20230412/master/main/TvBox/api/youku.js"},
	
{"key":"少儿教育","name":"📚┃少儿┃教育","type":3,"api":"csp_Bili","searchable":0,"quickSearch":0,"changeable": 0,"ext":"https://ghproxy.net/https://raw.githubusercontent.com/yf20230412/master/main/TvBox/api/少儿教育.json"},
	
{"key":"小学课堂","name":"📚┃小学┃课堂","type":3,"api":"csp_Bili","searchable":0,"quickSearch":0,"changeable": 0,"ext":"https://ghproxy.net/https://raw.githubusercontent.com/yf20230412/master/main/TvBox/api/小学课堂.json"},
	
{"key":"初中课堂","name":"📚┃初中┃课堂","type":3,"api":"csp_Bili","searchable":0,"quickSearch":0,"changeable": 0,"ext":"https://ghproxy.net/https://raw.githubusercontent.com/yf20230412/master/main/TvBox/api/初中课堂.json"},
	
{"key":"高中教育","name":"📚┃高中┃课堂","type":3,"api":"csp_Bili","searchable":0,"quickSearch":0,"changeable": 0,"ext":"https://ghproxy.net/https://raw.githubusercontent.com/yf20230412/master/main/TvBox/api/高中课堂.json"},
	
{"key":"Dm84","name":"🦸┃动漫┃巴士","type":3,"api":"csp_Dm84","searchable":1,"quickSearch":1,"filterable":1},

{"key": "csp_Ying","name":"🌸┃樱花┃动漫","type": 3,"api": "csp_Ying","searchable": 1,"quickSearch": 1,"filterable": 1,"changeable": 1},	
	   	
{"key": "csp_Ysj","name": "🦋┃异界┃动漫","type": 3,"api": "csp_Ysj","searchable": 1,"quickSearch": 1,"filterable": 1},	
	
{"key":"csp_Anime1","name":"🐔┃日本┃动漫","type":3,"api":"csp_Anime1","searchable":1,"quickSearch":1,"filterable":1},
		    	        	
{"key": "csp_XPath_企鹅体育","name": "🐧┃企鹅┃体育","type": 3,"api": "csp_XPath","searchable": 0,"quickSearch": 0,"filterable": 0,"ext": "https://download.kstore.space/download/4645/Tvbox/%E4%BC%81%E9%B9%85%E4%BD%93%E8%82%B2.js","jar":"http://我不是.肥猫.love:63/Jar/pandaQ230803.jar;md5;F3186F44835CD46EF458744D797BD9CC"},



{"key": "csp_XYQHiker_‍dyx","name": "🧲┃磁力4k┃慎用","type": 3,"api": "csp_XYQHiker","searchable": 1,"quickSearch": 1,"filterable": 1,"ext": "https://ghproxy.net/https://raw.githubusercontent.com/yf20230412/master/main/TvBox/api/4k.json","jar": "https://ghproxy.net/https://raw.githubusercontent.com/yf20230412/master/main/TvBox/Java/4K%E7%A3%81%E5%8A%9B.jar;md5;B880BBAD2845D16CFB86CCA0331B2621"},
   
{"key": "csp_XYQHiker_6x","name": "🧲┃磁力6X┃慎用","type": 3,"api": "csp_XYQHiker","searchable": 1,"quickSearch": 1,"filterable": 1,"ext": "https://ghproxy.net/https://raw.githubusercontent.com/yf20230412/master/main/TvBox/api/6X.json","jar": "https://ghproxy.net/https://raw.githubusercontent.com/yf20230412/master/main/TvBox/Java/6x.jar;md5;8b4d7815240224e910848d075a884058"},

{"key": "csp_Mp4Mov","name": "🧲┃Mp4电影┃慎用","type": 3,"api": "csp_Mp4Mov","searchable": 1,"quickSearch": 1,"filterable": 1,"jar": "https://ghproxy.net/https://raw.githubusercontent.com/yf20230412/master/main/TvBox/Java/MP4.jar;md5;f86699b3d256291716d8b31114f49a8e"},

{"key": "磁力熊","name": "🐻┃熊熊磁力┃慎用","type": 3,"api": "https://ghproxy.net/https://raw.githubusercontent.com/yf20230412/master/main/TvBox/douban/drpy1.min.js","ext": "https://ghproxy.net/https://raw.githubusercontent.com/yf20230412/master/main/TvBox/api/%E7%A3%81%E5%8A%9B%E7%86%8A.js","searchable": 1,"quickSearch": 1,"filterable": 1},


{"key":"Zhaozy","name":"🎄┃找资源┃搜索","type":3,"api":"csp_Zhaozy","searchable":1,"quickSearch":1,"filterable":0,"changeable":0,"ext":"http://127.0.0.1:9978/file/tvfan/token.txt+4k|fhd|auto$$$fanfan$$$qqq111"},
	
{"key":"PanSou","name":"🦊┃盘搜┃搜索","type":3,"api":"csp_PanSou","searchable":1,"quickSearch":1,"filterable":0,"changeable":0,"ext":"http://127.0.0.1:9978/file/tvfan/token.txt+4k|fhd|auto"},
	
{"key":"UpYun","name":"😻┃Up搜┃搜索","type":3,"api":"csp_UpYun","searchable":1,"quickSearch":1,"filterable":0,"changeable":0,"ext":"http://127.0.0.1:9978/file/tvfan/token.txt+4k|fhd|auto"},
	
{"key":"PanSearch","name":"🙀┃盘Se┃搜索","type":3,"api":"csp_PanSearch","searchable":1,"quickSearch":1,"filterable":0,"ext":"http://127.0.0.1:9978/file/tvfan/token.txt+4k|fhd|auto"},
	
{"key":"七夜","name":"😾┃七夜┃搜索","type":3,"api":"csp_Dovx","searchable":1,"quickSearch":1,"filterable":0,"changeable":0,"ext":"http://127.0.0.1:9978/file/tvfan/token.txt+4k|fhd|auto"},
	
{"key":"push_agent","name":"📲┃手机┃推送","type":3,"api":"csp_Push","searchable":0,"quickSearch":0,"filterable":0,"ext":"http://127.0.0.1:9978/file/tvfan/token.txt+4k|fhd|auto"},
			
//{"key": "哥哥妹妹","name": " 👫┃哥哥┃妹妹","type": 0,"api": "http://www.ggmmzy.com:9999/inc/xml","searchable": 0,"quickSearch": 0,"filterable": 0},

//{"key": "CK资源","name": " 👫┃CK┃资源","type": 1,"api": "http://www.feifei67.com/api.php/provide/vod/","searchable": 1,"quickSearch": 1,"filterable": 0},

{"key":"软件教程","name":"👨‍🏫┃软件┃教程","type": 3,"api":"csp_Bili","searchable":0,"quickSearch":0,"filterable":0,"ext":"https://ghproxy.net/https://raw.githubusercontent.com/yf20230412/master/main/TvBox/api/%E8%BD%AF%E4%BB%B6%E6%95%99%E7%A8%8B.json","jar":"https://ghproxy.net/https://raw.githubusercontent.com/yf20230412/master/main/TvBox/Java/Bili.jar;md5;c5c337bb2793598e9aa5953898fbb087"},

{"key": "AD","name": "请勿相信任何广告","type": 3,"api": "csp_XBPQ","searchable": 0,"quickSearch": 0,"filterable": 0, "ext": "http://127.0.0.1:9978/file/tvfan/token.txt"},

{"key": "cc","name": "公众号【风言锋语88】","type": 3,"api": "csp_XPath","searchable": 0,"quickSearch": 0,"filterable": 0}

],        
      
        
                
        	
//6

	
"parses": [

{"name": "Web聚合","type": 3,"url": "Web"},

{"name":"解析聚合","type":3,"url":"Demo"},
	
{"name": "精选1","type": 1,"url": "http://27.124.4.42:4567/jhjson/ceshi.php?url=","ext": {"flag": ["qq", "腾讯", "qiyi", "爱奇艺", "奇艺", "youku", "优酷", "mgtv", "芒果", "letv", "乐视", "pptv", "PPTV", "sohu", "bilibili", "哔哩哔哩", "哔哩"],"header":{"User-Agent":"okhttp/4.1.0"}}},

{"name":"精选2","type":1,"url":"http://110.42.2.247:880/analysis/json/?uid=2449&my=acfgikquvzFGJRW459&url="},	
	
{"name": "精选3","type": 1,"url": "http://110.42.2.247:880/analysis/json/?uid=2449&my=acfgikquvzFGJRW459&url="},

{"name": "精选4","type": 1,"url": "https://www.m3u8.tv.cache.janan.net:4433/json2020.php?uid=M3U8.TV&token=88888888&url=","ext": {"flag": ["qq", "腾讯", "qiyi", "爱奇艺", "奇艺", "youku", "优酷", "mgtv", "芒果", "letv", "乐视", "pptv", "PPTV", "sohu", "bilibili", "哔哩哔哩", "哔哩"],"header":{"User-Agent":"okhttp/4.1.0"}}},

{"name": "精选5","type": 0,"url": "https://www.yemu.xyz/?url=","ext": {"flag": ["qq", "腾讯", "qiyi", "爱奇艺", "奇艺", "youku", "优酷", "mgtv", "芒果", "letv", "乐视", "pptv", "PPTV", "sohu", "bilibili", "哔哩哔哩", "哔哩"],"header":{"User-Agent":"okhttp/4.1.0"}}},

{"name":"精选6","type":1,"url":"http://json.84jia.com/home/api?type=ys&uid=335253&key=fjklpqsyCDGMNQRWX8&url="},	
	
{"name":"精选7","type":1,"url":"https://json.key521.cn/api/?key=df27d9ca9ec97e22c47f8565a50aa6f5&url="},

{"name": "精选8","type": 0, "url": "https://jx.777jiexi.com/player/?url="},
       
{"name": "精选9","type": 0,"url": "https://jx.xmflv.com/?url="},

{"name": "精选10","url": "https://jx.bozrc.com:4433/player/?url=","showType": 1},

{"name": "精选11","type": 0,"url": "https://jx.xmflv.com/?url=","ext": {"flag": ["qq","腾讯","qiyi","爱奇艺","奇艺","youku","优酷","mgtv","芒果","imgo","letv","乐视","pptv","PPTV","sohu","bilibili","哔哩哔哩","哔哩"],"header": {"User-Agent": "okhttp/4.1.0"}}},

{"name": "精选12","type": 1,"url": "http://jx.fuqizhishi.com:63/接口地址www.肥猫.love/肥猫专用.php?url="},

{"name": "精选13","type": 1,"url": "http://110.42.2.247:880/analysis/json/?uid=2449&my=acfgikquvzFGJRW459&url="},

{"name": "精选14","type": 1,"url": "https://json.key521.cn/api/?key=df27d9ca9ec97e22c47f8565a50aa6f5&url="},

{"name": "精选15","type": 1,"url": "http://xiaoxin.1080p.fun/home/api?type=ys&uid=91198&key=bhntuwyAJLMTUY1478&url="},

{"name": "腾讯","type": 0,"url": "https://jx.777jiexi.com/player/?url="},

{"name": "爱奇艺","type": 1,"url": "https://api.json.icu/api/?key=7a20743c26a46ba6c7cad98fba493d0c&url="},

{"name": "芒果","type": 1,"url": "http://110.42.2.247:880/analysis/json/?uid=2255&my=bcdkloqxzEFGPRT168&format=json&url=","ext": {"flag": ["qq", "腾讯", "qiyi", "爱奇艺", "奇艺", "youku", "优酷", "mgtv", "芒果", "letv", "乐视", "pptv", "PPTV", "sohu", "bilibili", "哔哩哔哩", "哔哩"],"header":{"User-Agent":"okhttp/4.1.0"}}},


{"name": "优酷","type": 0,"url": "https://vip.lianfaka.com/vip/?url=","ext": {"flag": ["qq", "腾讯", "qiyi", "爱奇艺", "奇艺", "youku", "优酷", "mgtv", "芒果", "letv", "乐视", "pptv", "PPTV", "sohu", "bilibili", "哔哩哔哩", "哔哩"],"header":{"User-Agent":"okhttp/4.1.0"}}},


{"name": "360","type": 1,"url": "https://json.key521.cn/api/?key=df27d9ca9ec97e22c47f8565a50aa6f5&url=","ext": {"flag":["qq","腾讯","企鹅","IQiYi","qiyi","爱奇艺","奇艺","youku","YouKu","优酷","sohu","SoHu","搜狐","letv","LeShi","乐视","imgo","mgtv","MangGuo","芒果","SLYS4k","BYGA","luanzi","AliS","dxzy","bilibili","QEYSS","xigua","西瓜视频","腾讯视频","奇艺视频","优酷视频","芒果视频","乐视视频"]}},

{"name": "搜狗","type": 1,"url": "http://htp.behds.cn/json/520237app7/mlzjphp111.php?url=","ext": {"flag": ["qq", "腾讯", "qiyi", "爱奇艺", "奇艺", "youku", "优酷", "mgtv", "芒果", "letv", "乐视", "pptv", "PPTV", "sohu", "bilibili", "FY", "哔哩"],"header":{"User-Agent":"okhttp/4.1.0"}}}
	
],

//

  "doh": [
           {"name": "Google","url": "https://dns.google/dns-query","ips": ["8.8.4.4", "8.8.8.8"]},
           {"name": "Cloudflare","url": "https://cloudflare-dns.com/dns-query","ips": ["1.1.1.1","1.0.0.1","2606:4700:4700::1111","2606:4700:4700::1001"]},
           {"name": "AdGuard","url": "https://dns.adguard.com/dns-query","ips": ["94.140.14.140","94.140.14.141"]},
           {"name": "DNSWatch","url": "https://resolver2.dns.watch/dns-query","ips": ["84.200.69.80","84.200.70.40"]},
           {"name": "Quad9","url": "https://dns.quad9.net/dns-quer","ips": ["9.9.9.9","149.112.112.112"]}],
   
//7
"rules":[
	
{"host":"*","rule":["default.365yg.com"]},
{"host":"dyxs20.com","rule":[".m3u8"]},
{"host":"www.agemys.cc","rule":["cdn-tos","obj/tos-cn"]},
{"host":"www.sharenice.net","rule":["http.*?/play.{0,3}\\?[^url]{2,8}=.*"]},
{"host":"www.sharenice.net","rule":["qianpailive.com","vid="]},
{"host":"*","rule":["douyin.com/aweme","video_id="]},
{"host":"*","rule":["huoshan.com","/item/video/"]},
{"host":"*","rule":["http((?!http).){12,}?\\.(m3u8|mp4|flv|avi|mkv|rm|wmv|mpg|m4a)\\?.*"]},
{"host":"*","rule":["http((?!http).){12,}\\.(m3u8|mp4|flv|avi|mkv|rm|wmv|mpg|m4a)"]},

{"name": "量子","hosts": ["vip.lz","hd.lz"],"regex": ["#EXT-X-DISCONTINUITY\\r*\\n*#EXTINF:6.433333,[\\s\\S]*?#EXT-X-DISCONTINUITY","#EXTINF.*?\\s+.*?1o.*?\\.ts\\s+"]},
{"name": "非凡","hosts": ["vip.ffzy","hd.ffzy"],"regex": ["#EXT-X-DISCONTINUITY\\r*\\n*#EXTINF:6.666667,[\\s\\S]*?#EXT-X-DISCONTINUITY","#EXTINF.*?\\s+.*?1o.*?\\.ts\\s+"]},	
{"name": "抖音","hosts": ["douyin.com"],"regex": ["is_play_url="]}
],
	
    

//8

"flags":["youku","qq","iqiyi","imgo","xueren","m1905","qiyi","letv","sohu","tudou","pptv","dbm3u8","FY","fy", "FeiYun","feiyun","飞云","mgtv","wasu","bilibili","le","duoduozy","renrenmi","xigua","ltnb","rx","CL4K","xfyun","wuduzy","优酷","优 酷","优酷视频","西瓜",
	"乐视","芒果","腾讯", "腾 讯","腾讯视频","芒果TV","芒 果 T V","爱奇艺","奇艺","爱 奇 艺", "搜狐","搜 狐","搜狐视频","哔哩哔哩","哔哩"],

//9

"ijk":[
{"group":"软解码","options":[
{"category":4,"name":"opensles","value":"0"},
{"category":4,"name":"overlay-format","value":"842225234"},
{"category":4,"name":"framedrop","value":"1"},
{"category":4,"name":"soundtouch","value":"1"},
{"category":4,"name":"start-on-prepared","value":"1"},
{"category":1,"name":"http-detect-range-support","value":"0"},
{"category":1,"name":"fflags","value":"fastseek"},
{"category":2,"name":"skip_loop_filter","value":"48"},
{"category":4,"name":"reconnect","value":"1"},
{"category":4,"name":"enable-accurate-seek","value":"0"},
{"category":4,"name":"mediacodec","value":"0"},
{"category":4,"name":"mediacodec-auto-rotate","value":"0"},
{"category":4,"name":"mediacodec-handle-resolution-change","value":"0"},
{"category":4,"name":"mediacodec-hevc","value":"0"},
{"category":1,"name":"dns_cache_timeout","value":"600000000"}
]},
{"group":"硬解码","options":[
{"category":4,"name":"opensles","value":"0"},
{"category":4,"name":"overlay-format","value":"842225234"},
{"category":4,"name":"framedrop","value":"1"},
{"category":4,"name":"soundtouch","value":"1"},
{"category":4,"name":"start-on-prepared","value":"1"},
{"category":1,"name":"http-detect-range-support","value":"0"},
{"category":1,"name":"fflags","value":"fastseek"},
{"category":2,"name":"skip_loop_filter","value":"48"},
{"category":4,"name":"reconnect","value":"1"},
{"category":4,"name":"enable-accurate-seek","value":"0"},
{"category":4,"name":"mediacodec","value":"1"},
{"category":4,"name":"mediacodec-auto-rotate","value":"1"},
{"category":4,"name":"mediacodec-handle-resolution-change","value":"1"},
{"category":4,"name":"mediacodec-hevc","value":"1"},
{"category":1,"name":"dns_cache_timeout","value":"600000000"}
]}
],

	


//10
"ads":["wan.51img1.com","iqiyi.hbuioo.com","vip.ffzyad.com","https://lf1-cdn-tos.bytegoofy.com/obj/tos-cn-i-dy/455ccf9e8ae744378118e4bd289288dd",
"mimg.0c1q0l.cn","www.googletagmanager.com","www.google-analytics.com","mc.usihnbcq.cn","mg.g1mm3d.cn","mscs.svaeuzh.cn","cnzz.hhttm.top","tp.vinuxhome.com","cnzz.mmstat.com","www.baihuillq.com",
"s23.cnzz.com","z3.cnzz.com","c.cnzz.com","stj.v1vo.top","z12.cnzz.com","img.mosflower.cn","tips.gamevvip.com","ehwe.yhdtns.com","xdn.cqqc3.com","www.jixunkyy.cn","sp.chemacid.cn","hm.baidu.com",
"s9.cnzz.com","z6.cnzz.com","um.cavuc.com","mav.mavuz.com","wofwk.aoidf3.com","z5.cnzz.com","xc.hubeijieshikj.cn","tj.tianwenhu.com","xg.gars57.cn","k.jinxiuzhilv.com","cdn.bootcss.com","ppl.xunzhuo123.com",
"xomk.jiangjunmh.top","img.xunzhuo123.com","z1.cnzz.com","s13.cnzz.com","xg.huataisangao.cn","z7.cnzz.com","xg.huataisangao.cn","z2.cnzz.com","s96.cnzz.com","q11.cnzz.com","thy.dacedsfa.cn","xg.whsbpw.cn",
"s19.cnzz.com","z8.cnzz.com","s4.cnzz.com","f5w.as12df.top","ae01.alicdn.com","www.92424.cn","k.wudejia.com","vivovip.mmszxc.top","qiu.xixiqiu.com","cdnjs.hnfenxun.com","cms.qdwght.com"]}
