{"urls":[
{"name":"♻️ 业余打发在线单仓 ♻️","url":"https://ghproxy.net/https://raw.githubusercontent.com/yydfys/yydf/main/yydf/yydf.json"},
{"name":"♻️ 香雅情原版专线 ♻️","url":"https://ghproxy.net/https://raw.githubusercontent.com//yydfys/yydf/main/XYQTVBox/xyq.json"},
{"name":"♻️ 业余少儿频道 ♻️","url":"https://ghproxy.net/https://raw.githubusercontent.com/yydfys/yydf/main/shaoerjiaoyu/srpd.json"},
{"name":"♻️ 阿里集搜线路 ♻️","url":"https://ghproxy.net/https://raw.githubusercontent.com/yydfys/yydf/main/ali/ali.json"},
{"name":"♻️ 磁力资源大集合 ♻️","url":"https://ghproxy.net/https://raw.githubusercontent.com/yydfys/yydf/main/cili/cili.json"},
{"name":"♻️ 傲娇的MAO JS源 ♻️","url":"https://ghproxy.net/https://raw.githubusercontent.com/yydfys/yyfx/main/js.json"},
{"name":"♻️ 神秘的米哥哥们 ♻️","url":"http://xhww.fun:63/小米/DEMO.json"},
{"name":"♻️ 永不失效的采集 ♻️","url":"https://ghproxy.net/https://raw.githubusercontent.com/yydfys/yydf/main/caiji/caiji.json"},
{"name":"♻️ 需壳支持PY资源 ♻️","url":"https://ghproxy.net/https://raw.githubusercontent.com/yydfys/yydf/main/py/py.json"}
]
}
