{
"spider": "./jar/fanty.jar;md5;c80207edebbe5019a688fd2eb653e005",
"lives":[{"name":"live","type":0,"url":"https://xhdwc.tk/tvlive.txt","playerType":1,"epg":"http://epg.112114.xyz/?ch={name}&date={date}","logo": "https://epg.112114.xyz/logo/{name}.png"}],
"wallpaper":"http://饭太硬.top/深色壁纸/api.php",
"sites":[
{"key":"drpy_js_豆瓣","name":"搜索 | 豆瓣[js]","type":3,"api":"./lib/drpy2.min.js","ext":"./js/drpy.js","searchable":1,"quickSearch":0,"changeable":0},
{"key":"drpy_js_磁力熊搜索","name":"搜索 | 磁力熊[js]","type":3,"api":"./lib/drpy2.min.js","ext":"./js/cilixiong.js","searchable":0,"quickSearch":0,"changeable":1},
{"key":"lf_js_search","name":"搜索 | 路飞[js]","type":3,"searchable":0,"changeable":1,"quickSearch":0,"filterable":0,"api":"./lib/lf_search3_min.js"},
{"key":"drpy_js_新片场","name":"新片 | 新片场[js]","type":3,"api":"./lib/drpy2.min.js","searchable":1,"quickSearch":1,"changeable":0,"ext":"./js/新片场.js"},
{"key":"csp_YGP","name":"新片 | 预告片[jar]","type":3,"api":"csp_YGP","searchable":1,"quickSearch":1,"changeable":0},
{"key":"csp_WoGG","name":"阿里 | 玩偶哥哥[jar]","type":3,"api":"csp_WoGG","searchable":1,"quickSearch":1,"changeable":1,"ext":"http://127.0.0.1:9978/file/tvfan/token.txt+4k|fhd|auto$$$http://tvfan.xxooo.cf/"},
{"key":"新6V","name":"磁力 | 新6V磁力[jar]","type":3,"api":"csp_SixV","searchable":1,"quickSearch":1,"changeable":0,"ext": "http://www.xb6v.com/"},
{"key":"csp_wogg_cli","name":"俊于 | 玩偶[T4]","type":4,"api":"http://home.jundie.top:9520/spider/csp_Wogg","searchable":1,"quickSearch":1,"filterable":1,"ext":"http://127.0.0.1:9978/file/tvfan/token.txt"},
{"key":"荐片","name":"俊于 | 荐片[T4]","type":4,"api":"http://home.jundie.top:9520/spider/csp_JP","searchable":1,"quickSearch":1,"filterable":1},
{"key":"lf_js_p2p","name":"路飞 | 磁力[js]","type":3,"searchable":1,"changeable":1,"quickSearch":1,"filterable":1,"api":"./lib/lf_p2p2_min.js"},
{"key":"lf_js_ikanbot","name":"路飞 | 点播[js]","type":3,"searchable":1,"changeable":1,"quickSearch":1,"filterable":1,"api":"./lib/lf_ikanbot_min.js"},
{"key":"lf_js_lf_live","name":"路飞 | 直播[js]","type":3,"api":"./lib/lf_live_min.js","style":{ "type":"oval"},"searchable":1,"changeable":0,"quickSearch":1,"filterable":1,"ext":"./js/lf_live.txt"},

{"key":"drpy_js_爱看机器人","name":"影视 | 爱看机器人新版[js]","type":3,"api":"./lib/drpy2.min.js","searchable":1,"quickSearch":1,"changeable":1,"ext":"./js/爱看机器人.js"},
{"key":"drpy_js_ikanbot2","name":"影视 | 爱看机器人2[js]","type":3,"api":"./lib/drpy2.min.js","searchable":1,"quickSearch":1,"changeable":1,"ext":"./js/ikanbot2.js"},
{"key":"drpy_js_ikanbot3","name":"影视 | 爱看机器人3[js]","type":3,"api":"./lib/drpy2.min.js","searchable":1,"quickSearch":1,"changeable":1,"ext":"./js/ikanbot3.js"},
{"key":"drpy_js_荐片","name":"影视 | 荐片[js]","type":3,"api":"./lib/drpy2.min.js","searchable":1,"quickSearch":1,"changeable":1,"ext":"./js/荐片.js"},
{"key":"drpy_js_磁力熊[磁]","name":"磁力 | 磁力熊[js]","type":3,"api":"./lib/drpy2.min.js","searchable":1,"quickSearch":1,"changeable":0,"ext":"./js/磁力熊[磁].js"},
{"key":"drpy_js_6V新版[磁]","name":"磁力 | 6V新版[js]","type":3,"api":"./lib/drpy2.min.js","searchable":1,"quickSearch":1,"changeable":0,"ext":"./js/6V新版[磁].js"},
{"key":"drpy_js_酷云77","name":"影视 | 酷云77[js]","type":3,"api":"./lib/drpy2.min.js","ext":"./js/酷云77.js"},
{"key":"drpy_js_快看","name":"影视 | 快看[js]","type":3,"api":"./lib/drpy2.min.js","ext":"./js/快看.js"},
{"key":"drpy_js_爱看","name":"影视 | 爱看[js]","type":3,"api":"./lib/drpy2.min.js","ext":"./js/爱看.js"},
{"key":"drpy_js_低端","name":"影视 | 低端[js]","type":3,"api":"./lib/drpy2.min.js","ext":"./js/ddys.js"},
{"key":"drpy_js_南瓜影视","name":"影视 | 南瓜影视[js]","type":3,"api":"./lib/drpy2.min.js","ext":"./js/南瓜影视.js"},
{"key":"drpy_js_Auete","name":"影视 | Auete[js]","type":3,"api":"./lib/drpy2.min.js","ext":"./js/Auete.js"},
{"key":"drpy_js_cokemv","name":"影视 | cokemv[js]","type":3,"api":"./lib/drpy2.min.js","ext":"./js/cokemv.js"},
{"key":"drpy_js_LIBVIO","name":"影视 | LIBVIO[js]","type":3,"api":"./lib/drpy2.min.js","ext":"./js/LIBVIO.js"},
{"key":"drpy_js_voflix","name":"影视 | voflix[js]","type":3,"api":"./lib/drpy2.min.js","ext":"./js/voflix.js"},
{"key":"drpy_js_乐猪TV","name":"影视 | 乐猪TV[js]","type":3,"api":"./lib/drpy2.min.js","ext":"./js/乐猪TV.js"},
{"key":"drpy_js_两个BT","name":"影视 | 两个BT[js]","type":3,"api":"./lib/drpy2.min.js","ext":"./js/两个BT.js"},
{"key":"drpy_js_量子影视","name":"影视 | 量子影视[js]","type":3,"api":"./lib/drpy2.min.js","ext":"./js/量子影视.js"},
{"key":"drpy_js_农民","name":"影视 | 农民影视[js]","type":3,"api":"./lib/drpy2.min.js","ext":"./js/农民影视.js"},
{"key":"drpy_js_饭团影视","name":"影视 | 饭团影视[js]","type":3,"api":"./lib/drpy2.min.js","ext":"./js/饭团影视.js"},
{"key":"drpy_js_双十电影","name":"影视 | 双十电影[js]","type":3,"api":"./lib/drpy2.min.js","ext":"./js/双十电影.js"},
{"key":"drpy_js_蓝光影院","name":"影视 | 蓝光影院[js]","type":3,"api":"./lib/drpy2.min.js","ext":"./js/蓝光影院.js"},
{"key":"drpy_js_TVB云播","name":"影视 | TVB云播[js]","type":3,"api":"./lib/drpy2.min.js","ext":"./js/TVB云播.js"},
{"key":"drpy_js_在线之家","name":"影视 | 在线之家[js]","type":3,"api":"./lib/drpy2.min.js","ext":"./js/在线之家.js"},

{"key":"drpy_js_热播库","name":"影视 | 热播库[js]","type":3,"api":"./lib/drpy2.min.js","ext":"./js/热播库.js"},
{"key":"drpy_js_9U电影","name":"影视 | 9U电影[js]","type":3,"api":"./lib/drpy2.min.js","ext":"./js/9U电影.js"},
{"key":"drpy_js_城市电影","name":"影视 | 城市电影[js]","type":3,"api":"./lib/drpy2.min.js","ext":"./js/城市电影.js"},
{"key":"drpy_js_达达龟","name":"影视 | 达达龟[js]","type":3,"api":"./lib/drpy2.min.js","ext":"./js/达达龟.js"},
{"key":"drpy_js_扛把子影院","name":"影视 | 扛把子影院[js]","type":3,"api":"./lib/drpy2.min.js","ext":"./js/扛把子影院.js"},
{"key":"drpy_js_大师兄影视","name":"影视 | 大师兄影视[js]","type":3,"api":"./lib/drpy2.min.js","ext":"./js/大师兄影视.js"},
{"key":"drpy_js_起飞影院","name":"影视 | 起飞影院[js]","type":3,"api":"./lib/drpy2.min.js","ext":"./js/起飞影院.js"},
{"key":"drpy_js_蛋蛋剧","name":"影视 | 蛋蛋剧[js]","type":3,"api":"./lib/drpy2.min.js","ext":"./js/蛋蛋剧.js"},
{"key":"drpy_js_大豆","name":"影视 | 大豆[js]","type":3,"api":"./lib/drpy2.min.js","ext":"./js/大豆.js"},
{"key":"drpy_js_看韩剧","name":"影视 | 看韩剧[js]","type":3,"api":"./lib/drpy2.min.js","ext":"./js/看韩剧.js"},

{"key":"drpy_js_555电影[V2]","name":"影视 | 555电影[V2]","type":3,"api":"./lib/drpy2.min.js","ext":"./js/555电影[V2].js"},
{"key":"drpy_js_69美剧[V2]","name":"影视 | 69美剧[V2]","type":3,"api":"./lib/drpy2.min.js","ext":"./js/69美剧[V2].js"},
{"key":"drpy_js_F7好看剧[V2]","name":"影视 | F7好看剧[V2]","type":3,"api":"./lib/drpy2.min.js","ext":"./js/F7好看剧[V2].js"},
{"key":"drpy_js_UM电影[V2]","name":"影视 | UM电影[V2]","type":3,"api":"./lib/drpy2.min.js","ext":"./js/UM电影[V2].js"},
{"key":"drpy_js_爱迪[V2]","name":"影视 | 爱迪[V2]","type":3,"api":"./lib/drpy2.min.js","ext":"./js/爱迪[V2].js"},
{"key":"drpy_js_创艺影视[V2]","name":"影视 | 创艺影视[V2]","type":3,"api":"./lib/drpy2.min.js","ext":"./js/创艺影视[V2].js"},
{"key":"drpy_js_咕噜[V2]","name":"影视 | 咕噜[V2]","type":3,"api":"./lib/drpy2.min.js","ext":"./js/咕噜[V2].js"},
{"key":"drpy_js_花猪影视[V2]","name":"影视 | 花猪影视[V2]","type":3,"api":"./lib/drpy2.min.js","ext":"./js/花猪影视[V2].js"},
{"key":"drpy_js_看看剧[V2]","name":"影视 | 看看剧[V2]","type":3,"api":"./lib/drpy2.min.js","ext":"./js/看看剧[V2].js"},
{"key":"drpy_js_萌蛋蛋[V2]","name":"影视 | 萌蛋蛋[V2]","type":3,"api":"./lib/drpy2.min.js","ext":"./js/萌蛋蛋[V2].js"},
{"key":"drpy_js_速看100[V2]","name":"影视 | 速看100[V2]","type":3,"api":"./lib/drpy2.min.js","ext":"./js/速看100[V2].js"},
{"key":"drpy_js_鸭鸭[V2]","name":"影视 | 鸭鸭[V2]","type":3,"api":"./lib/drpy2.min.js","ext":"./js/鸭鸭[V2].js"},
{"key":"drpy_js_影探[V2]","name":"影视 | 影探[V2]","type":3,"api":"./lib/drpy2.min.js","ext":"./js/影探[V2].js"},

{"key":"drpy_js_360影视","name":"弹幕 | 360[js]","type":3,"api":"./lib/drpy2.min.js","ext":"./js/360影视.js"},
{"key":"drpy_js_百忙无果","name":"弹幕 | 芒果[js]","type":3,"api":"./lib/drpy2.min.js","ext":"./js/百忙无果.js"},
{"key":"drpy_js_腾云驾雾","name":"弹幕 | 腾讯[js]","type":3,"api":"./lib/drpy2.min.js","ext":"./js/腾云驾雾.js"},
{"key":"drpy_js_奇珍异兽","name":"弹幕 | 爱奇艺[js]","type":3,"api":"./lib/drpy2.min.js","ext":"./js/奇珍异兽.js"},
{"key":"drpy_js_菜狗","name":"官源 | 搜狗[js]","type":3,"api":"./lib/drpy2.min.js","ext":"./js/菜狗.js"},
{"key":"drpy_js_优酷","name":"官源 | 优酷[js]","type":3,"api":"./lib/drpy2.min.js","ext":"./js/优酷.js"},

{"key":"drpy_js_4KHDR","name":"PG | 4KHDR[js]","type":3,"api":"./lib/drpy2.min.js","ext":"./js/4khdr.js","playerType":"1", "searchable":1, "quickSearch":1, "changeable":1},
{"key":"drpy_js_极影网","name":"PG | 极影网[js]","type":3,"api":"./lib/drpy2.min.js","ext":"./js/jiyingw.js","playerType":"1", "searchable":1, "quickSearch":1, "changeable":1},
{"key":"drpy_js_MP4US","name":"PG | MP4电影[js]","type":3,"api":"./lib/drpy2.min.js","ext":"./js/mp4us.js","playerType":"1", "searchable":1, "quickSearch":1, "changeable":1},
{"key":"drpy_js_电影港","name":"PG | 电影港[js]","type":3,"api":"./lib/drpy2.min.js","ext":"./js/dygang.js","playerType":"1", "searchable":1, "quickSearch":1, "changeable":1},
{"key":"drpy_js_kuba","name":"PG | 酷吧[js]","type":3,"api":"./lib/drpy2.min.js","ext":"./js/kuba.js", "quickSearch":1, "changeable":1,"timeout":60000},
{"key":"drpy_js_kkpans","name":"PG | kkpans[js]","type":3,"api":"./lib/drpy2.min.js","ext":"./js/kkpans.js", "quickSearch":1, "changeable":1,"timeout":60000},
{"key":"drpy_js_xb6v","name":"PG | 新版6v[js]","type":3,"api":"./lib/drpy2.min.js","ext":"./js/xb6v.js","playerType":"1", "searchable":1, "quickSearch":1, "changeable":1},
{"key":"drpy_js_美剧迷","name":"PG | 美剧迷[js]","type":3,"api":"./lib/drpy2.min.js","ext":"./js/meijumi.js", "quickSearch":1, "changeable":1,"timeout":60000},
{"key":"push_agent","name":"路飞 | 推送[js]","type":3,"searchable":0,"changeable":0,"quickSearch":0,"filterable":0,"api":"./lib/lf_pushagent_min.js","ext":"http://127.0.0.1:9978/file/tvfan/token.txt"},
{"key": "push_quark","name": "PG | 夸克推送[jar]","type": 3,"api": "csp_Quark","searchable":0,"quickSearch":0,"changeable":0,"ext": "http://127.0.0.1:9978/file/tvfan/quark.txt","jar":"./jar/fm.nogo.jar;md5;983457ae68637987e6359921972c4362"},
{"key":"北极狐","name":"影视 | 北极狐[jar]","type":3,"api":"csp_AppYsV2","searchable":1,"quickSearch":1,"filterable":1,"ext":"https://www.kuin.one/api.php/app/"},
{"key":"迷你库","name":"影视 | 迷你库[jar]","type":3,"api":"csp_AppYsV2","searchable":1,"quickSearch":1,"filterable":1,"ext":"http://www.miniku.cc/xgapp.php/v1/"},

{"key":"wogg","name":"影视 | 玩偶哥哥[cat]","type":3,"api":"./js/wogg_open.js","ext":"http://127.0.0.1:9978/file/tvfan/token.txt"},
{"key":"kunyu77","name":"影视 | 七七[cat]","type":3,"api":"./js/kunyu77_open.js"},
{"key":"czzy","name":"影视 | 厂长[cat]","type":3,"api":"./js/czzy_open.js"},
{"key":"libvio","name":"影视 | libvio[cat]","type":3,"api":"./js/libvio_open.js"},
{"key":"kkys","name":"影视 | 快看[cat]","type":3,"api":"./js/kkys_open.js"},
{"key":"ikanbot","name":"影视 | 爱看[cat]","type":3,"api":"./js/ikanbot_open.js"},
{"key":"ngys","name":"影视 | 南瓜[cat]","type":3,"api":"./js/ng_open.js"},
{"key":"duboku","name":"影视 | 独播库[cat]","type":3,"api":"./js/duboku_open.js"},
{"key":"subaibai","name":"影视 | 素白白[cat]","type":3,"api":"./js/subaibai_open.js"},
{"key":"drpy_js_zxzj_open","name":"影视 | 在线之家[cat]","type":3,"api":"./js/zxzj_open.js"},
{"key":"drpy_js_boosj_open","name":"少儿 | 童趣[cat]","type":3,"api":"./js/boosj_open.js"},
{"key":"drpy_js_tuxiaobei_open","name":"少儿 | 兔小贝[cat]","type":3,"api":"./js/tuxiaobei_open.js"},
{"key":"drpy_js_ubestkid_open","name":"少儿 | 贝乐虎[cat]","type":3,"api":"./js/ubestkid_open.js"},
{"key":"sharenice","name":"聚合 | 短视频[cat]","type":3,"api":"./js/sharenice_open.js"},
{"key":"mybili","name":"视频 | 哔哩合集[cat]","type":3,"api":"./js/mybili_open.js"},
{"key":"drpy_js_cntv_open","name":"电视 | 视聚场[cat]","type":3,"api":"./js/cntv_open.js"},
{"key":"drpy_js_dj0898_open","name":"音频 | 世纪DJ[cat]","type":3,"api":"./js/dj0898_open.js"},
{"key":"kuqimv","name":"MV | 酷奇[cat]","type":3,"api":"./js/kuqimv_open.js"},
{"key":"230ts","name":"听书 | 听书[cat]","type":3,"api":"./js/230ts_open.js"},

{"key":"csp_YiSo","name":"阿里 | 易搜[jar]","type":3,"api":"csp_YiSo","searchable":1,"quickSearch":1,"changeable":0,"ext":"http://127.0.0.1:9978/file/tvfan/token.txt+4k|fhd|auto"},
{"key":"csp_Zhaozy","name":"阿里 | 找资源[jar]","type":3,"api":"csp_Zhaozy","searchable":1,"quickSearch":1,"changeable":0,"ext":"http://127.0.0.1:9978/file/tvfan/token.txt+4k|fhd|auto$$$fanfan$$$qqq111"},
{"key":"csp_PanSou","name":"阿里 | 盘搜[jar]","type":3,"api":"csp_PanSou","searchable":1,"quickSearch":1,"changeable":0,"ext":"http://127.0.0.1:9978/file/tvfan/token.txt+4k|fhd|auto"},
{"key":"csp_UpYun","name":"阿里 | Up搜[jar]","type":3,"api":"csp_UpYun","searchable":1,"quickSearch":1,"changeable":0,"ext":"http://127.0.0.1:9978/file/tvfan/token.txt+4k|fhd|auto"},
{"key":"csp_PanSearch","name":"阿里 | 盘Se[jar]","type":3,"api":"csp_PanSearch","searchable":1,"quickSearch":1,"changeable":0,"ext":"http://127.0.0.1:9978/file/tvfan/token.txt+4k|fhd|auto"},
{"key":"csp_七夜","name":"阿里 | 七夜[jar]","type":3,"api":"csp_Dovx","searchable":1,"quickSearch":1,"changeable":0,"ext":"http://127.0.0.1:9978/file/tvfan/token.txt+4k|fhd|auto"},

{"key":"drpy_js_童趣","name":"少儿 | 童趣[js]","type":3,"api":"./lib/drpy2.min.js","changeable":0,"style":{"type":"rect","ratio":1.597},"ext":"./js/童趣.js"},
{"key":"drpy_js_兔小贝","name":"少儿 | 兔小贝[js]","type":3,"api":"./lib/drpy2.min.js","style":{"type":"rect","ratio":1.597},"changeable":0,"ext":"./js/兔小贝.js"},
{"key":"drpy_js_有声绘本网","name":"少儿 | 有声绘本[js]","type":3,"api":"./lib/drpy2.min.js","changeable":0,"style":{"type":"rect","ratio":1},"ext":"./js/有声绘本网.js"},
{"key":"drpy_js_我的哔哩","name":"弹幕 | 哔哩合集[js]","type":3,"api":"./lib/drpy2.min.js","style":{"type":"rect","ratio":1.597},"changeable":0,"ext":"./js/我的哔哩.js"},
{"key":"drpy_js_哔哩直播","name":"弹幕 | 哔哩直播[js]","type":3,"api":"./lib/drpy2.min.js","style":{"type":"rect","ratio":1.597},"changeable":0,"ext":"./js/哔哩直播.js"},
{"key":"drpy_js_斗鱼直播","name":"直播 | 斗鱼[js]","type":3,"api":"./lib/drpy2.min.js","style":{"type":"rect","ratio":1.597},"changeable":0,"ext":"./js/斗鱼直播.js"},
{"key":"drpy_js_虎牙直播","name":"直播 | 虎牙[js]","type":3,"api":"./lib/drpy2.min.js","style":{"type":"rect","ratio":1.597},"changeable":0,"ext":"./js/虎牙直播.js"},
{"key":"drpy_js_JustLive","name":"直播 | JustLive[js]","type":3,"api":"./lib/drpy2.min.js","style":{"type":"rect","ratio":1.597},"changeable":0,"ext":"./js/JustLive.js"},
{"key":"drpy_js_310直播","name":"体育 | 310直播[js]","type":3,"api":"./lib/drpy2.min.js","changeable":0,"style":{"type":"rect","ratio":1},"ext":"./js/310直播.js"},
{"key":"drpy_js_88看球","name":"体育 | 88看球[js]","type":3,"api":"./lib/drpy2.min.js","changeable":0,"style":{"type":"rect","ratio":1},"ext":"./js/88看球.js"},
{"key":"drpy_js_JRKAN直播","name":"体育 | JRKAN直播[js]","type":3,"api":"./lib/drpy.min.js","changeable":0,"style":{"type":"rect","ratio":1},"ext":"./js/JRKAN直播.js"},
{"key":"drpy_js_抓饭体育","name":"体育 | 抓饭体育[js]","type":3,"api":"./lib/drpy.min.js","changeable":0,"style":{"type":"rect","ratio":1},"ext":"./js/抓饭体育.js"},
{"key":"drpy_js_好趣网","name":"电视 | 好趣网[js]","type":3,"api":"./lib/drpy2.min.js","style":{"type":"rect","ratio":1.333},"changeable":0,"ext":"./js/好趣网.js"},
{"key":"drpy_js_直播大全","name":"电视 | 直播大全[js]","type":3,"api":"./lib/live2cms.js","style":{ "type":"oval"},"changeable":0,"ext":"./js/live2mv_data.json"},
{"key":"MV_vod","name":"MV | 卡拉OK","type":1,"api":"https://tvbox-mv--leosam2048.repl.co/mv/vod","changeable":0,"style":{"type":"oval"}},
{"key":"drpy_js_相声随身听","name":"相声 | 相声随身听[js]","type":3,"api":"./lib/drpy2.min.js","changeable":0,"ext":"./js/相声随身听.js"},
{"key":"drpy_js_评书随身听","name":"评书 | 评书随身听[js]","type":3,"api":"./lib/drpy2.min.js","changeable":0,"ext":"./js/评书随身听.js"},
{"key":"drpy_js_武享吧","name":"格斗 | 武享吧[js]","type":3,"api":"./lib/drpy2.min.js","changeable":0,"ext":"./js/武享吧.js"},
{"key":"drpy_js_Alist","name":"网盘 | Alist[js]","type":3,"api":"./lib/alist.min.js","changeable":0,"ext":"./js/alist.json"},

{"key":"drpy_js_58动漫","name":"动漫 | 58动漫[js]","type":3,"api":"./lib/drpy2.min.js","ext":"./js/58动漫.js"},
{"key":"drpy_js_AGE动漫","name":"动漫 | AGE动漫[js]","type":3,"api":"./lib/drpy2.min.js","ext":"./js/AGE动漫.js"},
{"key":"drpy_js_AnFuns","name":"动漫 | AnFuns[js]","type":3,"api":"./lib/drpy2.min.js","ext":"./js/AnFuns.js"},
{"key":"drpy_js_Anime1动畫","name":"动漫 | Anime1动畫[js]","type":3,"api":"./lib/drpy2.min.js","ext":"./js/Anime1动畫.js"},
{"key":"drpy_js_NT动漫","name":"动漫 | NT动漫[js]","type":3,"api":"./lib/drpy2.min.js","ext":"./js/NT动漫.js"},
{"key":"drpy_js_NyaFun","name":"动漫 | NyaFun[js]","type":3,"api":"./lib/drpy2.min.js","ext":"./js/NyaFun.js"},
{"key":"drpy_js_爱弹幕","name":"动漫 | 爱弹幕[js]","type":3,"api":"./lib/drpy2.min.js","ext":"./js/爱弹幕.js"},
{"key":"drpy_js_动漫岛","name":"动漫 | 动漫岛[js]","type":3,"api":"./lib/drpy2.min.js","ext":"./js/动漫岛.js"},
{"key":"drpy_js_路漫漫","name":"动漫 | 路漫漫[js]","type":3,"api":"./lib/drpy2.min.js","ext":"./js/路漫漫.js"},
{"key":"drpy_js_奇米动漫","name":"动漫 | 奇米动漫[js]","type":3,"api":"./lib/drpy2.min.js","ext":"./js/奇米动漫.js"},
{"key":"drpy_js_去看吧","name":"动漫 | 去看吧[js]","type":3,"api":"./lib/drpy2.min.js","ext":"./js/去看吧.js"},
{"key":"drpy_js_曲奇动漫","name":"动漫 | 曲奇动漫[js]","type":3,"api":"./lib/drpy2.min.js","ext":"./js/曲奇动漫.js"},
{"key":"drpy_js_异世界动漫漫","name":"动漫 | 异世界动漫[js]","type":3,"api":"./lib/drpy2.min.js","ext":"./js/异世界动漫.js"},
{"key":"drpy_js_怡萱动漫","name":"动漫 | 怡萱动漫[js]","type":3,"api":"./lib/drpy2.min.js","ext":"./js/怡萱动漫.js"},

{"key":"drpy_js_DJ音乐","name":"音频 | DJ音乐[js]","type":3,"api":"./lib/drpy2.min.js","changeable":0,"style":{"type":"rect","ratio":1},"ext":"./js/DJ音乐.js"},
{"key":"drpy_js_啦啦DJ","name":"音频 | 啦啦DJ[js]","type":3,"api":"./lib/drpy2.min.js","changeable":0,"style":{"type":"rect","ratio":1},"ext":"./js/啦啦DJ.js"},
{"key":"drpy_js_清风DJ","name":"音频 | 清风DJ[js]","type":3,"api":"./lib/drpy2.min.js","changeable":0,"style":{"type":"rect","ratio":1},"ext":"./js/清风DJ.js"},
{"key":"drpy_js_种子音乐","name":"音频 | 种子音乐[js]","type":3,"api":"./lib/drpy2.min.js","changeable":0,"style":{"type":"rect","ratio":1},"ext":"./js/种子音乐.js"},
{"key":"drpy_js_广播迷FM","name":"广播 | 广播迷FM[js]","type":3,"api":"./lib/drpy2.min.js","changeable":0,"ext":"./js/广播迷FM.js"},
{"key":"drpy_js_蜻蜓FM","name":"广播 | 蜻蜓FM[js]","type":3,"api":"./lib/drpy2.min.js","changeable":0,"ext":"./js/蜻蜓FM.js"},
{"key":"drpy_js_i275听书","name":"听书 | i275听书[js]","type":3,"api":"./lib/drpy2.min.js","changeable":0,"style":{"type":"rect","ratio":1},"ext":"./js/i275听书.js"},
{"key":"drpy_js_爱上你听书网","name":"听书 | 爱上你听书[js]","type":3,"api":"./lib/drpy2.min.js","changeable":0,"style":{"type":"rect","ratio":1},"ext":"./js/爱上你听书网.js"},
{"key":"drpy_js_博看听书","name":"听书 | 博看听书[js]","type":3,"api":"./lib/drpy2.min.js","changeable":0,"style":{"type":"rect","ratio":1},"ext":"./js/博看听书.js"},
{"key":"drpy_js_海洋听书","name":"听书 | 海洋听书[js]","type":3,"api":"./lib/drpy2.min.js","changeable":0,"style":{"type":"rect","ratio":1},"ext":"./js/海洋听书.js"},
{"key":"drpy_js_六月听书","name":"听书 | 六月听书[js]","type":3,"api":"./lib/drpy2.min.js","changeable":0,"style":{"type":"rect","ratio":1},"ext":"./js/六月听书.js"},
{"key":"drpy_js_听书网","name":"听书 | 听书网[js]","type":3,"api":"./lib/drpy2.min.js","changeable":0,"style":{"type":"rect","ratio":1},"ext":"./js/听书网.js"},
{"key":"drpy_js_喜马拉雅","name":"听书 | 喜马拉雅[js]","type":3,"api":"./lib/drpy2.min.js","changeable":0,"style":{"type":"rect","ratio":1},"ext":"./js/喜马拉雅.js"},
{"key":"drpy_js_有声小说","name":"听书 | 有声小说[js]","type":3,"api":"./lib/drpy2.min.js","changeable":0,"style":{"type":"rect","ratio":1},"ext":"./js/有声小说吧.js"},
{"key":"drpy_js_中华听书网","name":"听书 | 中华听书[js]","type":3,"api":"./lib/drpy2.min.js","changeable":0,"style":{"type":"rect","ratio":1},"ext":"./js/中华听书网.js"},
{"key":"drpy_js_播客","name":"聚合 | 播客[js]","type":3,"api":"./lib/drpy2.min.js","ext":"./js/播客.js"},
{"key":"drpy_js_短视频","name":"聚合 | 短视频[js]","type":3,"api":"./lib/drpy2.min.js","changeable":0,"ext":"./js/短视频.js"},
{"key":"drpy_js_酷6网","name":"聚合 | 酷6网[js]","type":3,"api":"./lib/drpy2.min.js","changeable":0,"ext":"./js/酷6网.js"},
{"key":"drpy_js_网易公版影像","name":"聚合 | 网易公版[js]","type":3,"api":"./lib/drpy2.min.js","changeable":0,"style":{"type":"rect","ratio":1.597},"ext":"./js/网易公版影像.js"},
{"key":"drpy_js_MV263","name":"MV | 263[js]","type":3,"api":"./lib/drpy2.min.js","changeable":0,"style":{"type":"rect","ratio":1},"ext":"./js/MV263.js"},
{"key":"drpy_js_A8音乐","name":"MV | A8音乐[js]","type":3,"api":"./lib/drpy2.min.js","changeable":0,"style":{"type":"rect","ratio":1},"ext":"./js/A8音乐.js"},
{"key":"drpy_js_爱车MV","name":"MV | 爱车MV[js]","type":3,"api":"./lib/drpy2.min.js","changeable":0,"style":{"type":"rect","ratio":1},"ext":"./js/爱车MV.js"},
{"key":"drpy_js_酷狗MV","name":"MV | 酷狗[js]","type":3,"api":"./lib/drpy2.min.js","changeable":0,"style":{"type":"rect","ratio":1},"ext":"./js/酷狗MV.js"},
{"key":"drpy_js_酷奇MV","name":"MV | 酷奇[js]","type":3,"api":"./lib/drpy2.min.js","changeable":0,"style":{"type":"rect","ratio":1},"ext":"./js/酷奇MV.js"},
{"key":"drpy_js_苹果DJ","name":"MV | 苹果DJ[js]","type":3,"api":"./lib/drpy2.min.js","changeable":0,"style":{"type":"rect","ratio":1},"ext":"./js/苹果DJ.js"},
{"key":"drpy_js_音悦网","name":"MV | 音悦网[js]","type":3,"api":"./lib/drpy2.min.js","changeable":0,"style":{"type":"rect","ratio":1},"ext":"./js/音悦网.js"},

{"key":"drpy_js_007影视","name":"影视 | 007影视[js]","type":3,"api":"./lib/drpy2.min.js","ext":"./js/007影视.js"},
{"key":"drpy_js_l0l","name":"影视 | l0l[js]","type":3,"api":"./lib/drpy2.min.js","ext":"./js/l0l.js"},
{"key":"drpy_js_139影视","name":"影视 | 139影视[js]","type":3,"api":"./lib/drpy2.min.js","ext":"./js/139影视.js"},
{"key":"drpy_js_188影视","name":"影视 | 188影视[js]","type":3,"api":"./lib/drpy2.min.js","ext":"./js/188影视.js"},
{"key":"drpy_js_348电影网","name":"影视 | 348电影网[js]","type":3,"api":"./lib/drpy2.min.js","ext":"./js/348电影网.js"},
{"key":"drpy_js_4K电影网","name":"影视 | 4K电影网[js]","type":3,"api":"./lib/drpy2.min.js","ext":"./js/4K电影网.js"},
{"key":"drpy_js_539影视","name":"影视 | 539影视[js]","type":3,"api":"./lib/drpy2.min.js","ext":"./js/539影视.js"},
{"key":"drpy_js_7喜影院","name":"影视 | 7喜影院[js]","type":3,"api":"./lib/drpy2.min.js","ext":"./js/7喜影院.js"},
{"key":"drpy_js_8号影院","name":"影视 | 8号影院[js]","type":3,"api":"./lib/drpy2.min.js","ext":"./js/8号影院.js"},
{"key":"drpy_js_91free","name":"影视 | 91free[js]","type":3,"api":"./lib/drpy2.min.js","ext":"./js/91free.js"},
{"key":"drpy_js_B站影视","name":"影视 | B站影视[js]","type":3,"api":"./lib/drpy2.min.js","ext":"./js/B站影视.js"},
{"key":"drpy_js_Fun4K","name":"影视 | Fun4K[js]","type":3,"api":"./lib/drpy2.min.js","ext":"./js/Fun4K.js"},
{"key":"drpy_js_JangoIndex","name":"影视 | JangoIndex[js]","type":3,"api":"./lib/drpy2.min.js","ext":"./js/JangoIndex.js"},
{"key":"drpy_js_KOK影视","name":"影视 | KOK影视[js]","type":3,"api":"./lib/drpy2.min.js","ext":"./js/KOK影视.js"},
{"key":"drpy_js_Icio影视","name":"影视 | Icio影视[js]","type":3,"api":"./lib/drpy2.min.js","ext":"./js/Icio影视.js"},
{"key":"drpy_js_Nike影视","name":"影视 | Nike影视[js]","type":3,"api":"./lib/drpy2.min.js","ext":"./js/Nike影视.js"},
{"key":"drpy_js_NY影院","name":"影视 | NY影院[js]","type":3,"api":"./lib/drpy2.min.js","ext":"./js/NY影院.js"},
{"key":"drpy_js_爱迪影视","name":"影视 | 爱迪影视[js]","type":3,"api":"./lib/drpy2.min.js","ext":"./js/爱迪影视.js"},
{"key":"drpy_js_爱看影院","name":"影视 | 爱看影院[js]","type":3,"api":"./lib/drpy2.min.js","ext":"./js/爱看影院.js"},
{"key":"drpy_js_八蛋影视","name":"影视 | 八蛋影视[js]","type":3,"api":"./lib/drpy2.min.js","ext":"./js/八蛋影视.js"},
{"key":"drpy_js_北川影视","name":"影视 | 北川影视[js]","type":3,"api":"./lib/drpy2.min.js","ext":"./js/北川影视.js"},
{"key":"drpy_js_被窝电影","name":"影视 | 被窝电影[js]","type":3,"api":"./lib/drpy2.min.js","ext":"./js/被窝电影.js"},
{"key":"drpy_js_哔哩兔","name":"影视 | 哔哩兔[js]","type":3,"api":"./lib/drpy2.min.js","ext":"./js/哔哩兔.js"},
{"key":"drpy_js_哔哩影视","name":"影视 | 哔哩影视[js]","type":3,"api":"./lib/drpy2.min.js","ext":"./js/哔哩影视.js"},
{"key":"drpy_js_厂长资源","name":"影视 | 厂长资源[js]","type":3,"api":"./lib/drpy2.min.js","ext":"./js/厂长资源.js"},
{"key":"drpy_js_尘落影视","name":"影视 | 尘落影视[js]","type":3,"api":"./lib/drpy2.min.js","ext":"./js/尘落影视.js"},
{"key":"drpy_js_楚门影院","name":"影视 | 楚门影院[js]","type":3,"api":"./lib/drpy2.min.js","ext":"./js/楚门影院.js"},
{"key":"drpy_js_创艺影视","name":"影视 | 创艺影视[js]","type":3,"api":"./lib/drpy2.min.js","ext":"./js/创艺影视.js"},
{"key":"drpy_js_大米星球","name":"影视 | 大米星球[js]","type":3,"api":"./lib/drpy2.min.js","ext":"./js/大米星球.js"},
{"key":"drpy_js_电影先生","name":"影视 | 电影先生[js]","type":3,"api":"./lib/drpy2.min.js","ext":"./js/电影先生.js"},
{"key":"drpy_js_飞兔影视","name":"影视 | 飞兔影视[js]","type":3,"api":"./lib/drpy2.min.js","ext":"./js/飞兔影视.js"},
{"key":"drpy_js_干饭影视","name":"影视 | 干饭影视[js]","type":3,"api":"./lib/drpy2.min.js","ext":"./js/干饭影视.js"},
{"key":"drpy_js_光棍影院","name":"影视 | 光棍影院[js]","type":3,"api":"./lib/drpy2.min.js","ext":"./js/光棍影院.js"},
{"key":"drpy_js_海兔影院","name":"影视 | 海兔影院[js]","type":3,"api":"./lib/drpy2.min.js","ext":"./js/海兔影院.js"},
{"key":"drpy_js_花猫TV","name":"影视 | 花猫TV[js]","type":3,"api":"./lib/drpy2.min.js","ext":"./js/花猫TV.js"},
{"key":"drpy_js_花屋影院","name":"影视 | 花屋影院[js]","type":3,"api":"./lib/drpy2.min.js","ext":"./js/花屋影院.js"},
{"key":"drpy_js_剧迷su","name":"影视 | 剧迷su[js]","type":3,"api":"./lib/drpy2.min.js","ext":"./js/剧迷su.js"},
{"key":"drpy_js_开眼视频","name":"影视 | 开眼视频[js]","type":3,"api":"./lib/drpy2.min.js","ext":"./js/开眼视频.js"},
{"key":"drpy_js_看了么","name":"影视 | 看了么[js]","type":3,"api":"./lib/drpy2.min.js","ext":"./js/看了么.js"},
{"key":"drpy_js_看一看影视","name":"影视 | 看一看影视[js]","type":3,"api":"./lib/drpy2.min.js","ext":"./js/看一看影视.js"},
{"key":"drpy_js_酷客影院","name":"影视 | 酷客影院[js]","type":3,"api":"./lib/drpy2.min.js","ext":"./js/酷客影院.js"},
{"key":"drpy_js_兰花影院","name":"影视 | 兰花影院[js]","type":3,"api":"./lib/drpy2.min.js","ext":"./js/兰花影院.js"},
{"key":"drpy_js_乐鱼影视","name":"影视 | 乐鱼影视[js]","type":3,"api":"./lib/drpy2.min.js","ext":"./js/乐鱼影视.js"},
{"key":"drpy_js_零度影视","name":"影视 | 零度影视[js]","type":3,"api":"./lib/drpy2.min.js","ext":"./js/零度影视.js"},
{"key":"drpy_js_六度TV","name":"影视 | 六度TV[js]","type":3,"api":"./lib/drpy2.min.js","ext":"./js/六度TV.js"},
{"key":"drpy_js_麦豆com","name":"影视 | 麦豆com[js]","type":3,"api":"./lib/drpy2.min.js","ext":"./js/麦豆com.js"},
{"key":"drpy_js_麦豆网","name":"影视 | 麦豆网[js]","type":3,"api":"./lib/drpy2.min.js","ext":"./js/麦豆.js"},
{"key":"drpy_js_美剧网","name":"影视 | 美剧网[js]","type":3,"api":"./lib/drpy2.min.js","ext":"./js/美剧网.js"},
{"key":"drpy_js_美视网","name":"影视 | 美视网[js]","type":3,"api":"./lib/drpy2.min.js","ext":"./js/美视网.js"},
{"key":"drpy_js_米爱影视","name":"影视 | 米爱影视[js]","type":3,"api":"./lib/drpy2.min.js","ext":"./js/米爱影视.js"},
{"key":"drpy_js_免费看","name":"影视 | 免费看[js]","type":3,"api":"./lib/drpy2.min.js","ext":"./js/免费看.js"},
{"key":"drpy_js_蘑菇","name":"影视 | 蘑菇[js]","type":3,"api":"./lib/drpy2.min.js","ext":"./js/蘑菇.js"},
{"key":"drpy_js_奈飞中文","name":"影视 | 奈飞中文[js]","type":3,"api":"./lib/drpy2.min.js","ext":"./js/奈飞中文.js"},
{"key":"drpy_js_欧帝影院","name":"影视 | 欧帝影院[js]","type":3,"api":"./lib/drpy2.min.js","ext":"./js/欧帝影院.js"},
{"key":"drpy_js_胖虎","name":"影视 | 胖虎[js]","type":3,"api":"./lib/drpy2.min.js","ext":"./js/胖虎.js"},
{"key":"drpy_js_皮皮鸭","name":"影视 | 皮皮鸭[js]","type":3,"api":"./lib/drpy2.min.js","ext":"./js/皮皮鸭.js"},
{"key":"drpy_js_朴樱影视","name":"影视 | 朴樱影视[js]","type":3,"api":"./lib/drpy2.min.js","ext":"./js/朴樱影视.js"},
{"key":"drpy_js_七年影视","name":"影视 | 七年影视[js]","type":3,"api":"./lib/drpy2.min.js","ext":"./js/七年影视.js"},
{"key":"drpy_js_柒之社","name":"影视 | 柒之社[js]","type":3,"api":"./lib/drpy2.min.js","ext":"./js/柒之社.js"},
{"key":"drpy_js_秋霞影院","name":"影视 | 秋霞影院[js]","type":3,"api":"./lib/drpy2.min.js","ext":"./js/秋霞.js"},
{"key":"drpy_js_热播之家","name":"影视 | 热播之家[js]","type":3,"api":"./lib/drpy2.min.js","ext":"./js/热播之家.js"},
{"key":"drpy_js_人人影视","name":"影视 | 人人影视[js]","type":3,"api":"./lib/drpy2.min.js","ext":"./js/人人影视.js"},
{"key":"drpy_js_骚火电影","name":"影视 | 骚火电影[js]","type":3,"api":"./lib/drpy2.min.js","ext":"./js/骚火电影.js"},
{"key":"drpy_js_时光影视","name":"影视 | 时光影视[js]","type":3,"api":"./lib/drpy2.min.js","ext":"./js/时光影视.js"},
{"key":"drpy_js_首播影院","name":"影视 | 首播影院[js]","type":3,"api":"./lib/drpy2.min.js","ext":"./js/首播影院.js"},
{"key":"drpy_js_思古影视","name":"影视 | 思古影视","type":3,"api":"./lib/drpy2.min.js","ext":"./js/思古影视.js"},
{"key":"drpy_js_嘶哩嘶哩","name":"影视 | 嘶哩嘶哩[js]","type":3,"api":"./lib/drpy2.min.js","ext":"./js/嘶哩嘶哩.js"},
{"key":"drpy_js_私人影院","name":"影视 | 私人影院[js]","type":3,"api":"./lib/drpy2.min.js","ext":"./js/私人影院.js"},
{"key":"drpy_js_素白白","name":"影视 | 素白白[js]","type":3,"api":"./lib/drpy2.min.js","ext":"./js/素白白.js"},
{"key":"drpy_js_天空影视","name":"影视 | 天空影视[js]","type":3,"api":"./lib/drpy2.min.js","ext":"./js/天空影视.js"},
{"key":"drpy_js_万能影视","name":"影视 | 万能影视[js]","type":3,"api":"./lib/drpy2.min.js","ext":"./js/万能影视.js"},
{"key":"drpy_js_网飞.TV","name":"影视 | 网飞.TV[js]","type":3,"api":"./lib/drpy2.min.js","ext":"./js/网飞.TV.js"},
{"key":"drpy_js_往往影视","name":"影视 | 往往影视[js]","type":3,"api":"./lib/drpy2.min.js","ext":"./js/往往影视.js"},
{"key":"drpy_js_我爱电影","name":"影视 | 我爱电影[js]","type":3,"api":"./lib/drpy2.min.js","ext":"./js/我爱电影网.js"},
{"key":"drpy_js_我爱跟剧","name":"影视 | 我爱跟剧[js]","type":3,"api":"./lib/drpy2.min.js","ext":"./js/我爱跟剧.js"},
{"key":"drpy_js_稀饭影视","name":"影视 | 稀饭影视[js]","type":3,"api":"./lib/drpy2.min.js","ext":"./js/稀饭影视.js"},
{"key":"drpy_js_西瓜影院","name":"影视 | 西瓜影院[js]","type":3,"api":"./lib/drpy2.min.js","ext":"./js/西瓜影院.js"},
{"key":"drpy_js_蜥蜴影视","name":"影视 | 蜥蜴影视[js]","type":3,"api":"./lib/drpy2.min.js","ext":"./js/蜥蜴影视.js"},
{"key":"drpy_js_小白菜儿","name":"影视 | 小白菜儿[js]","type":3,"api":"./lib/drpy2.min.js","ext":"./js/小白菜电影.js"},
{"key":"drpy_js_小狗影院","name":"影视 | 小狗影院[js]","type":3,"api":"./lib/drpy2.min.js","ext":"./js/小狗影院.js"},
{"key":"drpy_js_新视觉影视","name":"影视 | 新视觉影视[js]","type":3,"api":"./lib/drpy2.min.js","ext":"./js/新视觉影视.js"},
{"key":"drpy_js_星辰影院","name":"影视 | 星辰影院[js]","type":3,"api":"./lib/drpy2.min.js","ext":"./js/星辰.js"},
{"key":"drpy_js_星空影视","name":"影视 | 星空影视[js]","type":3,"api":"./lib/drpy2.min.js","ext":"./js/星空影视.js"},
{"key":"drpy_js_兄弟影视","name":"影视 | 兄弟影视[js]","type":3,"api":"./lib/drpy2.min.js","ext":"./js/兄弟影视.js"},
{"key":"drpy_js_玄天","name":"影视 | 玄天[js]","type":3,"api":"./lib/drpy2.min.js","ext":"./js/玄天.js"},
{"key":"drpy_js_影视工场","name":"影视 | 影视工场[js]","type":3,"api":"./lib/drpy2.min.js","ext":"./js/影视工场.js"},
{"key":"drpy_js_影视之家","name":"影视 | 影视之家[js]","type":3,"api":"./lib/drpy2.min.js","ext":"./js/影视之家.js"},
{"key":"drpy_js_映迷影院","name":"影视 | 映迷影院[js]","type":3,"api":"./lib/drpy2.min.js","ext":"./js/映迷影院.js"},
{"key":"drpy_js_云镜影视","name":"影视 | 云镜影视[js]","type":3,"api":"./lib/drpy2.min.js","ext":"./js/云镜影视.js"},
{"key":"drpy_js_中国人","name":"影视 | 中国人[js]","type":3,"api":"./lib/drpy2.min.js","ext":"./js/中国人.js"},
{"key":"drpy_js_gaze","name":"影视 | 注视影视[js]","type":3,"api":"./lib/drpy2.min.js","ext":"./js/gaze.js"},
{"key":"drpy_js_追剧迷","name":"影视 | 追剧迷[js]","type":3,"api":"./lib/drpy2.min.js","ext":"./js/追剧迷.js"},
{"key":"drpy_js_孜然影视","name":"影视 | 孜然影视[js]","type":3,"api":"./lib/drpy2.min.js","ext":"./js/孜然影视.js"},
{"key":"drpy_js_子子影视","name":"影视 | 子子影视[js]","type":3,"api":"./lib/drpy2.min.js","ext":"./js/子子影视.js"},

{"key":"drpy_js_555影视[飞]","name":"起飞 | 555影视[js]","type":3,"api":"./lib/drpy2.min.js","ext":"./js/555影视[飞].js"},
{"key":"drpy_js_if101[飞]","name":"起飞 | if101[js]","type":3,"api":"./lib/drpy2.min.js","ext":"./js/if101[飞].js"},
{"key":"drpy_js_KUBO影视[飞]","name":"起飞 | KUBO影视[js]","type":3,"api":"./lib/drpy2.min.js","ext":"./js/KUBO影视[飞].js"},
{"key":"drpy_js_爱壹帆[飞]","name":"起飞 | 爱壹帆[js]","type":3,"api":"./lib/drpy2.min.js","ext":"./js/爱壹帆[飞].js"},
{"key":"drpy_js_独播库[飞]","name":"起飞 | 独播库[js]","type":3,"api":"./lib/drpy2.min.js","ext":"./js/独播库[飞].js"},
{"key":"drpy_js_吼吼[飞]","name":"起飞 | 吼吼[js]","type":3,"api":"./lib/drpy2.min.js","ext":"./js/吼吼[飞].js"},
{"key":"drpy_js_欧乐影院[飞]","name":"起飞 | 欧乐影院[js]","type":3,"api":"./lib/drpy2.min.js","ext":"./js/欧乐影院[飞].js"},
{"key":"drpy_js_唐人街影视[飞]","name":"起飞 | 唐人街影视[js]","type":3,"api":"./lib/drpy2.min.js","ext":"./js/唐人街影视[飞].js"},
{"key":"drpy_js_小宝影院[飞]","name":"起飞 | 小宝影院[js]","type":3,"api":"./lib/drpy2.min.js","ext":"./js/小宝影院[飞].js"},

{"key":"bb","name":"配置接口完全免费","type":3,"api":"./lib/drpy2.min.js","ext":"./js/drpy.js"},
{"key":"cc","name":"请勿相信视频中任何广告","type":3,"api":"./lib/drpy2.min.js","ext":"./js/drpy.js"}
],
"parses":[
{"name":"Json聚合","type":3,"url":"Demo"},
{"name":"Web聚合","type":3,"url":"Web"},
{"name":"虾米","type":0,"url":"https://jx.xmflv.com/?url=","ext":{"flag":["qq","腾讯","qiyi","爱奇艺","奇艺","youku","优酷","sohu","搜狐","letv","乐视","mgtv","芒果","imgo","rx","ltnb","bilibili","1905","xigua"]}},
{"name":"小新","type":1,"url":"http://xiaoxin.1080p.fun/home/api?type=ys&uid=91198&key=bhntuwyAJLMTUY1478&url="},
{"name":"饭","type": 1,"url": "http://jx.wogg.link:63/jiexi/饭特析.php?url="},
{"name":"2449","type":1,"url":"http://110.42.2.247:880/analysis/json/?uid=2449&my=acfgikquvzFGJRW459&url="},
{"name":"91","url":"http://91fanli.top/m3u8/?url=","type":0,"ext":{"flag":["qiyi","imgo","爱奇艺","奇艺","qq","腾讯","youku","优酷","pptv","PPTV","letv","乐视","leshi","bilibili","哔哩哔哩","哔哩","mgtv","芒果","sohu","xigua","fun","风行"],"header":{"User-Agent":"Mozilla/5.0"}},"header":{"User-Agent":"Mozilla/5.0"}},
{"name":"解析la","url":"https://api.jiexi.la/?url=","type":0,"ext":{"flag":["qiyi","imgo","爱奇艺","奇艺","qq","腾讯","youku","优酷","pptv","PPTV","letv","乐视","leshi","bilibili","哔哩哔哩","哔哩","mgtv","芒果","sohu","xigua","fun","风行"],"header":{"User-Agent":"Mozilla/5.0"}},"header":{"User-Agent":"Mozilla/5.0"}},
{"name":"PM","url":"https://www.playm3u8.cn/jiexi.php?url=","type":0,"ext":{"flag":["qiyi","imgo","爱奇艺","奇艺","qq","腾讯","youku","优酷","pptv","PPTV","letv","乐视","leshi","bilibili","哔哩哔哩","哔哩","mgtv","芒果","sohu","xigua","fun","风行"],"header":{"User-Agent":"Mozilla/5.0"}},"header":{"User-Agent":"Mozilla/5.0"}},
{"name": "ccabc","type": 1,"url": "https://jx.ccabc.cc/xc/?key=5567332json&url="},
{"name":"杰森","type":0,"url":"https://jx.jsonplayer.com/player/?url="}, 
{"name":"365","type":0,"url":"https://chaxun.truechat365.com/?url=","ext":{"flag":["qq","腾讯","qiyi","iqiyi","爱奇艺","奇艺","youku","优酷","mgtv","芒果","letv","乐视","pptv","PPTV","sohu","bilibili","哔哩哔哩","哔哩"]}},
{"name":"爱酷解析","type":0,"url":"https://jx.zhanlangbu.com/?url="},
{"name":"爱酷","type":1,"url":"http://jxapi.wutao7.top/XL/?url="},
{"name":"UM","type":1,"url":"https://b.umkan.cc/API.php?url=","ext":{"flag":["qq","腾讯","企鹅","IQiYi","qiyi","imgo","爱奇艺","奇艺","youku","YouKu","优酷","sohu","SoHu","搜狐","letv","LeShi","乐视","imgo","mgtv","MangGuo","芒果","SLYS4k","BYGA","luanzi","AliS","dxzy","bilibili","QEYSS","xigua","西瓜视频","腾讯视频","奇艺视频","优酷视频","芒果视频","乐视视频"]}},
{"name":"星辰云解析","type":1,"url":"http://xn--wnup5g.xn--z7x900a.love:63/Art0425/analysis.php?v="},
{"name":"菜妮丝","type":0,"url":"https://jx.cainisi.cf/?v="},
{"name":"盘古","url":"https://www.pangujiexi.cc/jiexi.php?url=","type":0,"ext":{"flag":["qiyi","imgo","爱奇艺","奇艺","qq","腾讯","youku","优酷","pptv","PPTV","letv","乐视","leshi","bilibili","哔哩哔哩","哔哩","mgtv","芒果","sohu","xigua","fun","风行"],"header":{"User-Agent":"Mozilla/5.0"}},"header":{"User-Agent":"Mozilla/5.0"}},
{"name":"全民","url":"http://api.wpsseo.cn/?v=","type":0,"ext":{"flag":["qiyi","imgo","爱奇艺","奇艺","qq","腾讯","youku","优酷","pptv","PPTV","letv","乐视","leshi","bilibili","哔哩哔哩","哔哩","mgtv","芒果","sohu","xigua","fun","风行"],"header":{"User-Agent":"Mozilla/5.0"}},"header":{"User-Agent":"Mozilla/5.0"}},
{"name":"m3u8tv","type":0,"url":"https://jx.m3u8.tv/jiexi/?url="},
{"name":"8090","url":"https://www.8090.la/8090/?url=","type":0,"ext":{"flag":["qiyi","imgo","爱奇艺","奇艺","qq","腾讯","youku","优酷","pptv","PPTV","letv","乐视","leshi","bilibili","哔哩哔哩","哔哩","mgtv","芒果","sohu","xigua","fun","风行"],"header":{"User-Agent":"Mozilla/5.0"}},"header":{"User-Agent":"Mozilla/5.0"}},
{"name":"夜幕","type":0,"url":"https://www.yemu.xyz/?url=","ext":{"flag":["qq","腾讯","qiyi","iqiyi","爱奇艺","奇艺","youku","优酷","mgtv","芒果","letv","乐视","pptv","PPTV","sohu","bilibili","哔哩哔哩","哔哩"]}},
{"name":"麒麟","type":0,"url":"https://www.cygqw.com/jiexi/jiekou-2/?url="},
{"name":"zui","type":0,"url":"https://jx.zui.cm/?url=","ext":{"flag":["ltnb"]}},
{"name":"风起陇西","type":0,"url":"https://hxys.tv/bfq/?url="},
{"name":"风起兖州","type":0,"url":"http://jx.gbxy.net.cn/?url="},
{"name":"m2090","url":"https://m2090.com/?url=","type":0,"ext":{"flag":["qiyi","imgo","爱奇艺","奇艺","qq","腾讯","youku","优酷","pptv","PPTV","letv","乐视","leshi","bilibili","哔哩哔哩","哔哩","mgtv","芒果","sohu","xigua","fun","风行"],"header":{"User-Agent":"Mozilla/5.0"}},"header":{"User-Agent":"Mozilla/5.0"}},
{"name":"1717云","url":"https://www.1717yun.com/jx/ty.php?url=","type":0,"ext":{"flag":["qiyi","imgo","爱奇艺","奇艺","qq","腾讯","youku","优酷","pptv","PPTV","letv","乐视","leshi","bilibili","哔哩哔哩","哔哩","mgtv","芒果","sohu","xigua","fun","风行"],"header":{"User-Agent":"Mozilla/5.0"}},"header":{"User-Agent":"Mozilla/5.0"}},
{"name":"云星解析","type":1,"url":"https://chaloli.cn/api/?key=63bad951f0ada1d236062b7a3632f81e&url="},
{"name":"ok","type":0,"url":"https://okjx.cc/?url="},
{"name":"不累","type":0,"url":"https://blbfq.f3322.net/player/analysis.php?v=","ext":{"flag":["qiyi","qq","letv","sohu","youku","mgtv","bilibili","wasu","xigua","1905"]}},
{"name":"cod","type":0,"url":"https://ksksl.codjx.com/?url="},
{"name":"byg解析","type":0,"url":"https://byg.ziqj5.shop/?url="},
{"name":"26db","type":0,"url":"http://vip.26db.cn/g/?url="},
{"name":"看看","type":0,"url":"https://jx.m3u8.pw/?url="},
{"name":"FreeOK","type":0,"url":"https://play.86516.tk/OKPlayer/?url="},
{"name":"free","type":0,"url":"https://h5.freejson.xyz/player/?url="}
],
"rules":[{"name":"lz","hosts":["vip.lz","hd.lz"],"regex":["#EXT-X-DISCONTINUITY\\r*\\n*#EXTINF:6.433333,[\\s\\S]*?#EXT-X-DISCONTINUITY","#EXTINF.*?\\s+.*?1o.*?\\.ts\\s+"]},{"name":"ff","hosts":["vip.ffzy","hd.ffzy"],"regex":["#EXT-X-DISCONTINUITY\\r*\\n*#EXTINF:6.666667,[\\s\\S]*?#EXT-X-DISCONTINUITY","#EXTINF.*?\\s+.*?1o.*?\\.ts\\s+"]},{"name":"bf","hosts":["bfzy","s5.bfzycdn"],"regex":["#EXT-X-DISCONTINUITY\\r*\\n*#EXTINF:3,[\\s\\S]*?#EXT-X-DISCONTINUITY","#EXTINF.*?\\s+.*?1o.*?\\.ts\\s+"]},{"name":"hs","hosts":["huoshan.com"],"regex":["item_id="]},{"name":"dy","hosts":["douyin.com"],"regex":["is_play_url="]},{"name":"cl","hosts":["magnet"],"regex":["更多","社區","xuu","最新","最新","直播","更新","社区","有趣","有趣","英皇体育","全中文AV在线","澳门皇冠赌场","哥哥快来","美女荷官","裸聊","新片首发","UUE29"]}],
"flags":["youku","优酷","优 酷","优酷视频", "qq","腾讯","腾 讯","腾讯视频", "iqiyi", "qiyi","奇艺","爱奇艺","爱 奇 艺", "m1905", "xigua", "letv","leshi","乐视","乐 视", "sohu","搜狐","搜 狐","搜狐视频", "tudou", "pptv", "mgtv","芒果","imgo","芒果TV","芒 果 T V", "qiqi","kuying-qq","bilibili","哔 哩","哔 哩 哔 哩"],
"ads":["wan.51img1.com","iqiyi.hbuioo.com","vip.ffzyad.com","https://lf1-cdn-tos.bytegoofy.com/obj/tos-cn-i-dy/455ccf9e8ae744378118e4bd289288dd"]
}
