{
	"spider": "https://agit.ai/cyl518/yl/raw/branch/master/pytv23-6-13.jar",
	"wallpaper": "https://tool.weetai.cn/api",
	"lives": [{
		    "group": "redirect",
		    "channels": [{
			    "name": "live",
			    "urls": ["proxy://do=live&type=txt&ext=aHR0cHM6Ly9hZ2l0LmFpL1lvdXJzbWlsZTcvVFZCb3gvcmF3L2JyYW5jaC9tYXN0ZXIvbGl2ZS50eHQ="]
		    }]
	    }],

	"sites":[

{
      "key": "js_农民",
      "name": "(胖鸭➤主线路)",
      "type": 3,
      "api": "https://jihulab.com/duomv/duo/-/raw/main/js/drpymin.js",
      "searchable": 1,
      "quickSearch": 1,
      "filterable": 1,
      "ext": "https://jihulab.com/duomv/duo/-/raw/main/js/nongmin.js",
    "jar":"https://jihulab.com/duomv/duo/-/raw/main/custom_spider.jar"},
    
//{"key": "csp_农民","name": "(胖鸭➤主线路)","type": 3,"api": "csp_XBPQ","searchable":1,"quickSearch":1,"filterable":1,"ext":"https://raw.iqiq.io/XiaoYiChaHang/tvbox/main/xBPQ/农民影视.json","jar":"https://raw.iqiq.io/XiaoYiChaHang/tvbox/main/JAR/XiaoYiChaHang.jar"},
{"key":"drpy_js_花猫TV","name":"(胖鸭➤主线路1)","type":3,"api":"https://ghproxy.com/https://raw.githubusercontent.com/hjdhnx/dr_py/main/libs/drpy2.min.js","ext":"https://ghproxy.com/https://raw.githubusercontent.com/hjdhnx/dr_py/main/js/花猫TV.js","jar":"https://ghproxy.com/https://raw.githubusercontent.com/FongMi/CatVodSpider/main/jar/custom_spider.jar"},
{"key": "dr_乐猪TV","name": "(胖鸭➤主线路2)","type": 3,"api": "https://gitee.com/xisohi/dr_py/raw/main/libs/drpy2.min.js","searchable": 2,"quickSearch": 0,"filterable": 1,"ext": "https://agit.ai/cyl518/yl/raw/branch/master/乐猪影视1.json","jar":"https://gitee.com/xisohi/xhysyuan/raw/master/Yoursmile.jar"},
{"key":"drpy_js_思古影视","name":"(胖鸭➤主线路3)","type":3,"api":"https://ghproxy.com/raw.githubusercontent.com/gaotianliuyun/gao/master/lib/drpy2.min.js","ext":"https://ghproxy.com/raw.githubusercontent.com/gaotianliuyun/gao/master/js/思古影视.js"},
{"key":"drpy_js_尘落影视","name":"(胖鸭➤主线路4)","type":3,"api":"https://ghproxy.com/https://raw.githubusercontent.com/gaotianliuyun/gao/master/lib/drpy2.min.js","ext":"https://ghproxy.com/https://raw.githubusercontent.com/gaotianliuyun/gao/master/js/尘落影视.js","jar":"https://ghproxy.com/https://raw.githubusercontent.com/gaotianliuyun/gao/master/jar/fanty.jar"},
{"key":"drpy_js_饭团电影","name":"(胖鸭➤主线路5)","type":3,"api":"https://ghproxy.com/https://raw.githubusercontent.com/hjdhnx/dr_py/main/libs/drpy2.min.js","ext":"https://ghproxy.com/https://raw.githubusercontent.com/hjdhnx/dr_py/main/js/饭团影视.js","jar":"https://ghproxy.com/https://raw.githubusercontent.com/FongMi/CatVodSpider/main/jar/custom_spider.jar"},
{"key":"drpy_js_达达龟","name":"(胖鸭➤主线路6)","type":3,"api":"https://ghproxy.com/https://raw.githubusercontent.com/gaotianliuyun/gao/master/lib/drpy2.min.js","ext":"https://ghproxy.com/https://raw.githubusercontent.com/gaotianliuyun/gao/master/js/达达龟.js","jar":"https://ghproxy.com/https://raw.githubusercontent.com/gaotianliuyun/gao/master/jar/fanty.jar"},
{"key":"drpy_js_ikanbot2","name":"(胖鸭➤主线路7)","type":3,"api":"https://ghproxy.com/https://raw.githubusercontent.com/gaotianliuyun/gao/master/lib/drpy2.min.js","searchable":1,"quickSearch":1,"changeable":1,"ext":"https://ghproxy.com/https://raw.githubusercontent.com/gaotianliuyun/gao/master/js/ikanbot2.js","jar":"https://ghproxy.com/https://raw.githubusercontent.com/gaotianliuyun/gao/master/jar/fanty.jar"}, 
{"key":"drpy_js_饭团影视","name":"(胖鸭➤主线路8)","type":3,"api":"https://ghproxy.com/https://raw.githubusercontent.com/gaotianliuyun/gao/master/lib/drpy2.min.js","ext":"https://ghproxy.com/https://raw.githubusercontent.com/gaotianliuyun/gao/master/js/饭团影视.js","jar":"https://ghproxy.com/https://raw.githubusercontent.com/gaotianliuyun/gao/master/jar/fanty.jar"},
{
      "key": "dr_看了么",
      "name": "(胖鸭➤主线路9)",
      "type": 3,
      "api": "https://gitee.com/xisohi/dr_py/raw/main/libs/drpy2.min.js",
      "searchable": 2,
      "quickSearch": 0,
      "filterable": 1,
      "ext": "https://gitee.com/xisohi/dr_py/raw/main/js/看了么.js",
      "jar": "https://gitee.com/xisohi/dr_py/raw/main/libs/jar/custom_spider.jar"
    }, 


    {
      "key": "莱米",
      "name": "(胖鸭➤主线路10)",
      "type": 3,
      "api": "csp_XBPQ",
      "playerType": "1",
      "jar":"http://xhww.fun:63/小米/小暴脾气7.jar",
      "ext": {
        "站名": "来米影视",
        "主页url": "https://www.laimi.me",
        "副标题": "class=\"module-item-text\">&&</div",
        "导演": "导演：&&</div",
        "主演": "主演：&&</div",
        "简介": "<p>&&</p>",
        "线路数组": "class=\"module-tab-item tab-item&&</div>",
        "线路标题": "<span>&&</small>",
        "播放标题": "<span>&&</span>",
        "搜索url": "/rss.xml?wd={wd}",
        "搜索模式": "1",
        "搜索二次截取": "class=\"module-items&&id=\"footer",
        "搜索数组": "<h3><a&&</h3",
        "搜索图片": "data-src=\"&&\"",
        "搜索标题": "title=\"&&\"",
        "搜索链接": "href=\"&&\"",
        "请求头": "User-Agent$Mozilla/5.0 (iPhone; CPU iPhone OS 15_2 like Mac OS X) AppleWebKit/605.1.15 (KHTML, like Gecko) Version/14.0 Mobile/15E148 Safari/604.1",
        "搜索链接前缀": "https://www.laimi.me/",
        "分类": "电影$1#电视剧$2#动漫$3#综艺$4",
        "分类url": "https://www.laimi.me/vodshow/{cateId}-{area}-------{catePg}---{year}.html;;u0v",
        "跳转播放链接": "https://data.m3u8.in/?url=+link_pre*url\":\"&&\"+&from=+\"from\"*\"&&\"",
        "二次跳转播放链接": "https://data.m3u8.in/api.php?url=+const Url*\"&&\"+&sign=+const Sign*\"&&\"+&form=+const From*\"&&\"",
        "三次跳转播放链接": "\"url\"*\"&&\""
      }
    },


    {
      "key": "一龙",
      "name": "(胖鸭➤主线路11)",
      "type": 3,
      "api": "csp_XBPQ",
      "playerType": "1",
      "jar":"http://xhww.fun:63/小米/小暴脾气7.jar",
      "ext": {
        "站名": "一龙影视",
        "主页url": "http://www.yilonghd.com/",
        "嗅探词": ".m3u8#.mp4#video_mp4#feiyunNB.mp4#.mp4#cdn.123pan.cn#huoshanvod.com#v.123pan.cn#auth_key#app-ali-cdn.fqfilm.com",
        "简介": "<div class=\"stui-pannel_bd\"&&</div>",
        "导演": "导演：&&</p>",
        "主演": "主演：&&</p>",
        "影片类型": "类型：&&立即播放",
        "影片状态": "更新：&&</p>",
        "影片年代": "年份：&&</a>",
        "影片地区": "地区：&&</a>",
        "数组": "vodlist__thumb&&</a>",
        "图片": "data-original=\"&&\"",
        "标题": "title=\"&&\"",
        "副标题": "ic-text text-right\" style=\"\">&&</span>",
        "链接": "href=\"&&\"",
        "搜索url": "https://www.cupfox.app/s/{wd}",
        "搜索模式": "1",
        "搜索二次截取": "type=\"application/json\">&&</script>",
        "搜索数组": "{\"te&&}[包含:一龙高清]",
        "搜索图片": "https://s1.ax1x.com/2023/07/13/pChRNsP.jpg",
        "搜索标题": "xt\":\"&&\"",
        "搜索副标题": "一龙高清",
        "搜索链接": "\"url\":\"&&\"",
        "线路数组": "data-toggle=&&</li>[不包含:无尽线路#备用][替换:极速>>无广告有4K#奇热>>无广告1080P#量子>>广告1#非凡>>广告2#自建>>等修复][排序:无广告有4K>无广告1080P>广告1>广告2>等修复]",
        "线路标题": ">&&</a>",
        "播放数组": "stui-content__playlist clearfix&&</ul>",
        "播放标题": ">&&<",
        "播放列表": "<a&&/a>",
        "分类url": "http://www.yilonghd.com/show/id-{cateId}/area/{area}/by/{by}/class/{class}/lang/{lang}/page/{catePg}/year/{year}.html;;a",
        "分类": "电影$1#电视剧$2#综艺$3#动漫$4#纪录片$5"
      }
    },
    {
      "key": "奇优",
      "name": "(胖鸭➤主线路12)",
      "type": 3,
      "api": "csp_XBPQ",
      "playerType": "1",
      "ext": "http://xhww.fun:63/小米/源/奇优.json"
    },
 
 {
     "key":"csp_WoGG",
     "name":"(胖鸭➤云4K)",
     "type":3,"api":"csp_WoGG",
     "searchable":1,
     "quickSearch":1,
     "filterable":1,
     "changeable":0,
     "ext":"./token.txt",
     "jar":"http://xhww.fun:63/小米/小暴脾气6.jar"
     },


{"key":"影探","name":"(胖鸭❶4K)","type":3,"api":"csp_AppYsV2","searchable":1,"quickSearch":1,"filterable":1,"ext":"http://big.lfytyl.com/api.php/app/","jar":"https://agit.ai/Yoursmile7/TVBox/raw/branch/master/Yoursmile.jar"},

{"key":"北极狐", "name": "(胖鸭❷4K)", "type": 3, "api": "csp_AppYsV2", "searchable": 1, "quickSearch": 1, "filterable": 1, "playerType": "2", "ext": "https://www.kuin.one/api.php/app/","jar":"http://52bsj.vip:81/api/v3/file/get/119809/0329.jar?sign=X74NXtsF7xr1JgPXZky_lgR56WDsUVYzWj1I4gNRo7c%3D%3A0"},
{"key":"布雷蓝光","name":"(胖鸭❸4K)","type":3,"api":"csp_AppYsV2","m3u8ads": "hd.youyhn.com","searchable":1,"quickSearch":1,"filterable":1,"ext":"http://117.175.212.198:8088/api.php/app/","jar":"http://52bsj.vip:81/api/v3/file/get/119809/0329.jar?sign=X74NXtsF7xr1JgPXZky_lgR56WDsUVYzWj1I4gNRo7c%3D%3A0"}, 
{
            "key": "ky", 
            "name": "测试4@4k", 
            "type": 3, 
            "api": "csp_AppYsV2", 
            "searchable": 1, 
            "quickSearch": 1, 
            "filterable": 1, 
            "ext": "http://ys.realdou.cn/api.php/app/",
            "jar":"https://jihulab.com/ymz1231/jar/-/raw/main/ymz5.jar",
            "categories": ["4K电影","4K电视剧","电影", "电视剧", "综艺", "动漫"]
        },

//{"key":"落叶","name":"(胖鸭➤4K)","type":3,"api":"csp_AppYsV2","searchable":1,"quickSearch":1,"filterable":1,"ext":"http://xn--yeta099v.online:66/api.php/app/","jar":"https://agit.ai/Yoursmile7/TVBox/raw/branch/master/Yoursmile.jar"},

 {
      "key": "yunyun",
      "name": "️(胖鸭➤4K)",
      "type": 3,
      "api": "csp_XBPQ",
      "searchable": 1,
      "quickSearch": 1,
      "filterable": 0,
      "ext": "http://xhww.fun:63/小米/源/爱肥猫.json",
      "jar":"http://xhww.fun:63/小米/小暴脾气6.jar"
    },

{"key": "bitu","name": "(胖鸭➤线路一)","type": "3","api": "csp_xBPQ","searchable": "1","quickSearch": "1","filterable": "1","ext": "https://agit.ai/cyl518/yl/raw/branch/master/哔哩兔.json"},
{"key":"多米","name":"(胖鸭➤线路三)","type":3,"api":"csp_AppYsV2","searchable":1,"quickSearch":1,"filterable":1,"ext":"http://v.dmdh.top/api.php/app/","jar":"https://agit.ai/Yoursmile7/TVBox/raw/branch/master/Yoursmile.jar"},

{"key":"爱迪","name":"(胖鸭➤线路五)","type":3,"api":"csp_AppYsV2","searchable":1,"quickSearch":1,"filterable":1,"ext":"https://aidiapp.xyz/xgapp.php/v2/","jar":"https://agit.ai/Yoursmile7/TVBox/raw/branch/master/Yoursmile.jar"},
{"key":"鸭鸭","name":"(胖鸭➤线路六)","type":3,"api":"csp_AppYsV2","searchable":1,"quickSearch":1,"filterable":1,"ext":"https://yayayaaapp.ynf.icu/api.php/app/","jar":"https://agit.ai/Yoursmile7/TVBox/raw/branch/master/Yoursmile.jar"},
{"key":"csp_AppMr","name":"(胖鸭➤线路七)","type":3,"api":"csp_AppMr","m3u8ads": "hd.youyhn.com","searchable":1,"quickSearch":1,"filterable":1,"jar":"http://52bsj.vip:81/api/v3/file/get/119809/0329.jar?sign=X74NXtsF7xr1JgPXZky_lgR56WDsUVYzWj1I4gNRo7c%3D%3A0"},//明明

//{"key": "饭团","name": "(胖鸭➤线路九)","type": 3,"api": "csp_xBPQ","filterable": 1,"quickSearch": 1,"searchable": 1,"playerType": "2","ext": "https://agit.ai/cyl518/yl/raw/branch/master/原饭团.json"},

{"key":"csp_xBPQ_ 饭团影院","name":"(胖鸭➤线路十)","type":3,"api":"csp_xBPQ","searchable":1,"quickSearch":1,"filterable":0,"ext":"https://agit.ai/cyl518/yl/raw/branch/master/饭团.json"},
{"key":"快看","name":"(胖鸭➤线路十一)","type":3,"api":"csp_Kuaikan","searchable":1,"quickSearch":1,"filterable":1},//快看影视

{"key":"csp_Xinsj","name":"(胖鸭➤线路十二)","type":3,"api":"csp_Xinsj","searchable":1,"quickSearch":1,"filterable":1,"ext":"https://www.6080yy3.com/","jar":"https://agit.ai/Yoursmile7/TVBox/raw/branch/master/Yoursmile.jar"},//新视觉
{"key":"csp_Dy1010","name":"(胖鸭➤线路十三","type":3,"api":"csp_Dy1010","searchable":1,"quickSearch":1,"filterable":1,"jar":"https://agit.ai/Yoursmile7/TVBox/raw/branch/master/Yoursmile.jar"},//双十
{"key":"csp_Nkdy","name":"(胖鸭➤线路十四)","type":3,"api":"csp_Nkdy","searchable":1,"quickSearch":1,"filterable":1},//南柯
{"key":"csp_Lgyy","name":"(胖鸭➤线路十五)","type":3,"api":"csp_Lgyy","searchable":1,"quickSearch":1,"filterable":1,"ext":"https://www.lgyy.vip","jar":"https://agit.ai/Yoursmile7/TVBox/raw/branch/master/Yoursmile.jar" },//蓝光影院
{"key":"csp_xBPQ_零零七影视","name":"(胖鸭➤线路十六)","type":3,"api":"csp_xBPQ","searchable":1,"quickSearch ":1,"filterable":0,"ext":"https://agit.ai/cyl518/yl/raw/branch/master/007.json"},

{"key":"csp_xpath_dadagui","name":"(胖鸭➤线路十七)","type":3,"api":"csp_XPathMacFilter","searchable":1,"quickSearch":1,"filterable":1,"ext":"https://agit.ai/cyl518/yl/raw/branch/master/达达龟.json"},
{"key":"csp_xBPQ_胖虎","name":"(胖鸭➤线路十八)","type":3,"api":"csp_xBPQ","searchable":1,"quickSearch":1,"filterable":0,"ext":"https://agit.ai/cyl518/yl/raw/branch/master/ph.json"},
{"key":"csp_Ysgc","name":"(胖鸭➤线路十九)","type":3,"api":"csp_Ysgc","searchable":1,"quickSearch":1,"filterable":1,"ext":"https://www.ysgc.vip","jar":"https://agit.ai/Yoursmile7/TVBox/raw/branch/master/Yoursmile.jar"},
{"key":"csp_SP33","name":"(胖鸭➤线路廿)","type":3,"api":"csp_SP33","searchable":1,"quickSearch":1,"filterable":1,"switchable":0,"jar":"https://raw.fgit.ml/tuji-2015/miao/main/TVBox/jar/fan.txt"},
{"key":"csp_77","name":"(胖鸭➤线路廿一)","type":3,"api":"csp_Kunyu77","searchable":1,"quickSearch":1,"filterable":1,"jar":"https://agit.ai/Yoursmile7/TVBox/raw/branch/master/Yoursmile.jar"},

{"key":"YiSo","name":"【搜盘一】","type":3,"api":"csp_YiSo","searchable":1,"quickSearch":1,"filterable":0,"changeable":0,"ext": "./token.txt"},
{"key":"Zhaozy","name":"【搜盘二】","type":3,"api":"csp_Zhaozy","searchable":1,"quickSearch":1,"filterable":0,"changeable":0,"ext": "./token.txt"},
{"key":"PanSou","name":"【搜盘三】","type":3,"api":"csp_PanSou","searchable":1,"quickSearch":1,"filterable":0,"changeable":0,"ext": "./token.txt"},
{"key":"UpYun","name":"【搜盘四】","type":3,"api":"csp_UpYun","searchable":1,"quickSearch":1,"filterable":0,"changeable":0,"ext": "./token.txt"},
{"key":"PanSearch","name":"【搜盘五】","type":3,"api":"csp_PanSearch","searchable":1,"quickSearch":1,"filterable":0,"changeable":0,"ext": "./token.txt"},
{"key":"push_agent","name":"【推送】","type":3,"api":"csp_PushAgent","searchable":0,"quickSearch":0,"filterable":0,"ext":"./token.txt"}],

"parses": 
     [{
		"name": "解析聚合",
		"type": 3,
		"url": "Demo"
	}, 
    {"name":"Json并发","type":2,"url":"Parallel"},
    {"name":"Json轮询","type":2,"url":"Sequence"},

     {"name":"4k专用",
     "type":1,
     "url":"https://jx.tvcms.top/api/?key=0e6ba5eac2b38a9f02c3ebea29ab96eb&url=",
     "ext":
     {"flag":["TD"],
     "header":{
         "User-Agent":"Dart/2.14 (dart:io)"}
     }},
    
    {
        "name":"默认💕",
        "url": "http://27.124.4.42:4567/jhjson/ceshi.php?url="
     },

     {
        "name":"飞飞",
        "type": 1, 
        "url": "http://tvbox.aleoe.cc/fyjx.php?url="
     },

    {
        "name":"FY4K",
        "type":1,
        "url":"https://json.key521.cn/api/?key=df27d9ca9ec97e22c47f8565a50aa6f5&url=",
        "ext":{"flag":["FY","qiyi","qq","letv","sohu","youku","mgtv","bilibili","wasu","xigua","1905"]}
        },
        
    {
		"name": "解析线路1",
		"type": 1,
		"url": "http://jx.fuqizhishi.com:63/接口地址www.肥猫.love/肥猫专用.php?url="
	},
    {
		"name": "芒果",
        "type": "1",
		"url": "http://mi.sxdh.org/mgtv/qq.php?url="
	},

      {
		"name": "解析线路2",
		"type": 1,
		"url": "http://110.42.2.247:880/analysis/json/?uid=2100&my=afimnpqrvBHJKOQS47&mgtv=app&url=",
		"ext": {
			"flag":["qq","腾讯","企鹅","IQiYi","qiyi","爱奇艺","奇艺","youku","YouKu","优酷","sohu","SoHu","搜狐","letv","LeShi","乐视","imgo","mgtv","MangGuo","芒果","SLYS4k","BYGA","luanzi","AliS","dxzy","bilibili","QEYSS","xigua","西瓜视频","腾讯视频","奇艺视频","优酷视频","芒果视频","乐视视频"]
		}},
    {
        "name":"解析线路3",
        "type": 1,"url":"http://lanlan.ckflv.cn/?url="
        },
    {
		"name": "解析线路4",
		"type": 1,
		"url": "http://118.112.240.209:808/api/?key=BbsGXy34SmW0njx3M9&url="
	},
    {
		"name": "解析线路5",
		"type": 1,
		"url": "http://110.42.2.247:880/analysis/json/?uid=2373&my=fgimDLMOQTUWYZ0568&url="
	},
  
	 {
      "name": "解析线路6",
      "type": 1,
      "url": "http://json.84jia.com/home/api?type=ys&uid=335253&key=fjklpqsyCDGMNQRWX8&url="
    }, {
		"name": "解析线路7",
		"type": 1,
		"url": "https://bfq.bulei.cc/player/analysis.php?v=",
		"ext": {
			"flag": ["qq", "腾讯", "qiyi", "爱奇艺", "奇艺", "youku", "优酷", "mgtv", "芒果", "letv", "乐视", "pptv", "PPTV", "sohu", "bilibili", "哔哩哔哩", "哔哩"],
            "header":{"User-Agent":"okhttp/4.1.0"}
		}    
	}, {
      "name": "解析线路8",
      "type": 1,
      "url": "http://jx.fuqizhishi.com:63/接口地址www.肥猫.love/肥猫专用.php?url="
    }, {
		"name": "解析线路9",
		"type": 0,
		"url": "https://jx.bozrc.com:4433/player/?url=",
		"ext": {
			"flag": ["qq","腾讯","企鹅","IQiYi","qiyi","爱奇艺","奇艺","youku","YouKu","优酷","sohu","SoHu","搜狐","letv","LeShi","乐视","mgtv","MangGuo","芒果","CL4K","renrenmi","ltnb","bilibili","1905","xigua"]
		}    
	}, {
		"name": "解析线路10",
		"type": 0,
		"url": "https://h5.freejson.xyz/player/?url=",
		"ext": {
			"flag": ["qq", "腾讯", "qiyi", "爱奇艺", "奇艺", "youku", "优酷", "mgtv", "芒果", "letv", "乐视", "pptv", "PPTV", "sohu", "bilibili", "哔哩哔哩", "哔哩"],
            "header":{"User-Agent":"okhttp/4.1.0"}
		}    
        
	}, {
 "name": "解析线路11",
            "url": "https://vip.bljiex.com/?v=",
            "type": 0,
            "ext": {
                "flag": [
                    "qiyi",
                    "imgo",
                    "爱奇艺",
                    "奇艺",
                    "qq",
                    "腾讯",
                    "youku",
                    "优酷",
                    "pptv",
                    "PPTV",
                    "letv",
                    "乐视",
                    "leshi",
                    "bilibili",
                    "哔哩哔哩",
                    "哔哩",
                    "mgtv",
                    "芒果",
                    "sohu",
                    "xigua",
                    "fun",
                    "风行"
                ],
                "header": {
                    "User-Agent": "Mozilla/5.0"
                }}
            },
            
	  {
	    "name": "解析线路12", 
	    "type": 1, 
	    "url": "https://xjx.tvcms.top/api/?key=ca6ca13c1e6e866f350f4b744441541d&url=", 
	    "ext": { "flag": [ "TD", "JHA", "JHB" ] }
	},{
        "name": "解析线路13",
            "url": "https://svip.bljiex.cc/?v=",
            "type": 0,
            "ext": {
                "flag": [
                    "qiyi",
                    "imgo",
                    "爱奇艺",
                    "奇艺",
                    "qq",
                    "腾讯",
                    "youku",
                    "优酷",
                    "pptv",
                    "PPTV",
                    "letv",
                    "乐视",
                    "leshi",
                    "bilibili",
                    "哔哩哔哩",
                    "哔哩",
                    "mgtv",
                    "芒果",
                    "sohu",
                    "xigua",
                    "fun",
                    "风行"
                ],
            "header": {
                "User-Agent": "Mozilla/5.0"
             }}}   
    ],
    


    "rules": [
    {"host": "*","rule": ["default.365yg.com"]},
    {"host": "dyxs20.com","rule": [".m3u8"]},
    {"host": "www.agemys.cc","rule": ["cdn-tos","obj/tos-cn"]},
    {"host": "zjmiao.com","rule": ["play.videomiao.vip/API.php","time="]},
    {"host": "www.sharenice.net","rule": ["http.*?/play.{0,3}\\?[^url]{2,8}=.*"]},
    {"host": "www.sharenice.net","rule": ["qianpailive.com","vid="]},
    {"host": "*","rule": ["douyin.com/aweme","video_id="]},
    {"host": "*","rule": ["huoshan.com","/item/video/"]},
    {"host": "*","rule": ["http((?!http).){12,}?\\.(m3u8|mp4|flv|avi|mkv|rm|wmv|mpg|m4a)\\?.*"]},
    {"host": "*","rule": ["http((?!http).){12,}\\.(m3u8|mp4|flv|avi|mkv|rm|wmv|mpg|m4a)"]}],
   "flags": ["youku","qq","iqiyi","qiyi","letv","sohu","tudou","pptv","mgtv","wasu","bilibili","csm3u8"],
   "ijk": [
   {"group":"软解码","options":[{"category":4,"name":"opensles","value":"0"},{"category":4,"name":"overlay-format","value":"842225234"},{"category":4,"name":"framedrop","value":"1"},{"category":4,"name":"soundtouch","value":"1"},{"category":4,"name":"start-on-prepared","value":"1"},{"category":1,"name":"http-detect-rangeupport","value":"0"},{"category":1,"name":"fflags","value":"fastseek"},{"category":2,"name":"skip_loop_filter","value":"48"},{"category":4,"name":"reconnect","value":"1"},{"category":4,"name":"enable-accurateeek","value":"0"},{"category":4,"name":"mediacodec","value":"0"},{"category":4,"name":"mediacodec-auto-rotate","value":"0"},{"category":4,"name":"mediacodec-handle-resolution-change","value":"0"},{"category":4,"name":"mediacodec-hevc","value":"0"},{"category":1,"name":"dns_cache_timeout","value":"600000000"}]},
   {"group":"硬解码","options":[{"category":4,"name":"opensles","value":"0"},{"category":4,"name":"overlay-format","value":"842225234"},{"category":4,"name":"framedrop","value":"1"},{"category":4,"name":"soundtouch","value":"1"},{"category":4,"name":"start-on-prepared","value":"1"},{"category":1,"name":"http-detect-rangeupport","value":"0"},{"category":1,"name":"fflags","value":"fastseek"},{"category":2,"name":"skip_loop_filter","value":"48"},{"category":4,"name":"reconnect","value":"1"},{"category":4,"name":"enable-accurateeek","value":"0"},{"category":4,"name":"mediacodec","value":"1"},{"category":4,"name":"mediacodec-auto-rotate","value":"1"},{"category":4,"name":"mediacodec-handle-resolution-change","value":"1"},{"category":4,"name":"mediacodec-hevc","value":"1"},{"category":1,"name":"dns_cache_timeout","value":"600000000"}]}],
   "ads": ["mimg.0c1q0l.cn","www.googletagmanager.com","www.google-analytics.com","mc.usihnbcq.cn","mg.g1mm3d.cn","mscs.svaeuzh.cn","cnzz.hhttm.top","tp.vinuxhome.com","cnzz.mmstat.com","www.baihuillq.com","s23.cnzz.com","z3.cnzz.com","c.cnzz.com","stj.v1vo.top","z12.cnzz.com","img.mosflower.cn","tips.gamevvip.com","ehwe.yhdtns.com","xdn.cqqc3.com","www.jixunkyy.cn","sp.chemacid.cn","hm.baidu.com","s9.cnzz.com","z6.cnzz.com","um.cavuc.com","mav.mavuz.com","wofwk.aoidf3.com","z5.cnzz.com","xc.hubeijieshikj.cn","tj.tianwenhu.com","xg.gars57.cn","k.jinxiuzhilv.com","cdn.bootcss.com","ppl.xunzhuo123.com","xomk.jiangjunmh.top","img.xunzhuo123.com","z1.cnzz.com","s13.cnzz.com","xg.huataisangao.cn","z7.cnzz.com","xg.huataisangao.cn","z2.cnzz.com","s96.cnzz.com","q11.cnzz.com","thy.dacedsfa.cn","xg.whsbpw.cn","s19.cnzz.com","z8.cnzz.com","s4.cnzz.com","f5w.as12df.top","ae01.alicdn.com","www.92424.cn","k.wudejia.com","vivovip.mmszxc.top","qiu.xixiqiu.com","cdnjs.hnfenxun.com","cms.qdwght.com"]}