{
	"sites": [{
		"key": "py_kunyu77",
		"name": "酷云77",
		"type": 3,
		"api": "py_kunyu77",
		"searchable": 0,
		"quickSearch": 0,
		"filterable": 1,
		"ext": "https://raw.githubusercontent.com/UndCover/PyramidStore/main/plugin/py_kunyu77.py"
	}, {
		"key": "py_bilibili",
		"name": "哔哩",
		"type": 3,
		"api": "py_bilibili",
		"searchable": 0,
		"quickSearch": 0,
		"filterable": 1,
		"ext": "https://raw.githubusercontent.com/UndCover/PyramidStore/main/plugin/py_bilibili.py"
	}, {
		"key": "py_bilivd",
		"name": "B站(带搜索)",
		"type": 3,
		"api": "py_bilivd",
		"searchable": 1,
		"quickSearch": 1,
		"filterable": 1,
		"ext": "https://raw.githubusercontent.com/UndCover/PyramidStore/main/plugin/py_bilivd.py"
	},{
		"key": "py_3qu",
		"name": "3QU",
		"type": 3,
		"api": "py_3qu",
		"searchable": 1,
		"quickSearch": 1,
		"filterable": 1,
		"ext": "https://raw.githubusercontent.com/UndCover/PyramidStore/main/plugin/py_3qu.py"
	},{
		"key": "py_cctv",
		"name": "央视",
		"type": 3,
		"api": "py_cctv",
		"searchable": 0,
		"quickSearch": 0,
		"filterable": 1,
		"ext": "https://raw.githubusercontent.com/UndCover/PyramidStore/main/plugin/py_cctv.py"
	},{
		"key": "py_cctv_full",
		"name": "央视大全",
		"type": 3,
		"api": "py_cctv_full",
		"searchable": 0,
		"quickSearch": 0,
		"filterable": 1,
		"ext": "https://raw.githubusercontent.com/UndCover/PyramidStore/main/plugin/py_cctv_full.py"
	},{
		"key": "py_czspp",
		"name": "厂长",
		"type": 3,
		"api": "py_czspp",
		"searchable": 1,
		"quickSearch": 1,
		"filterable": 1,
		"ext": "https://raw.githubusercontent.com/UndCover/PyramidStore/main/plugin/py_czspp.py"
	},{
		"key": "py_cyys",
		"name": "创艺",
		"type": 3,
		"api": "py_cyys",
		"searchable": 1,
		"quickSearch": 1,
		"filterable": 1,
		"ext": "https://raw.githubusercontent.com/UndCover/PyramidStore/main/plugin/py_cyys.py"
	},{
		"key": "py_zxzj",
		"name": "在线之家",
		"type": 3,
		"api": "py_zxzj",
		"searchable": 1,
		"quickSearch": 1,
		"filterable": 1,
		"ext": "https://raw.githubusercontent.com/UndCover/PyramidStore/main/plugin/py_zxzj.py"
	},{
		"key": "py_voflix",
		"name": "Voflix",
		"type": 3,
		"api": "py_voflix",
		"searchable": 1,
		"quickSearch": 1,
		"filterable": 1,
		"ext": "https://raw.githubusercontent.com/UndCover/PyramidStore/main/plugin/py_voflix.py"
	}, {
		"key": "py_bilimd",
		"name": "B站影视",
		"type": 3,
		"api": "py_bilimd",
		"searchable": 1,
		"quickSearch": 1,
		"filterable": 1,
		"ext": "https://raw.githubusercontent.com/UndCover/PyramidStore/main/plugin/py_bilimd.py"
	}, {
		"key": "py_gimytv",
		"name": "剧迷",
		"type": 3,
		"api": "py_gimytv",
		"searchable": 1,
		"quickSearch": 1,
		"filterable": 1,
		"ext": "https://raw.githubusercontent.com/UndCover/PyramidStore/main/plugin/py_gimytv.py"
	}, {
		"key": "py_genmov",
		"name": "跟剧",
		"type": 3,
		"api": "py_genmov",
		"searchable": 1,
		"quickSearch": 1,
		"filterable": 1,
		"ext": "https://raw.githubusercontent.com/UndCover/PyramidStore/main/plugin/py_genmov.py"
	}, {
		"key": "py_huya",
		"name": "虎牙",
		"type": 3,
		"api": "py_huya",
		"searchable": 0,
		"quickSearch": 0,
		"filterable": 1,
		"ext": "https://raw.githubusercontent.com/UndCover/PyramidStore/main/plugin/py_huya.py"
	}, {
		"key": "py_douyu",
		"name": "斗鱼",
		"type": 3,
		"api": "py_douyu",
		"searchable": 0,
		"quickSearch": 0,
		"filterable": 1,
		"ext": "https://raw.githubusercontent.com/UndCover/PyramidStore/main/plugin/py_douyu.py"
	}, {
		"key": "py_cokemv",
		"name": "COKE",
		"type": 3,
		"api": "py_cokemv",
		"searchable": 1,
		"quickSearch": 1,
		"filterable": 1,
		"ext": "https://raw.githubusercontent.com/UndCover/PyramidStore/main/plugin/py_cokemv.py"
	}, {
		"key": "py_xmaomi",
		"name": "猫咪",
		"type": 3,
		"api": "py_xmaomi",
		"searchable": 1,
		"quickSearch": 1,
		"filterable": 1,
		"ext": "https://raw.githubusercontent.com/UndCover/PyramidStore/main/plugin/py_xmaomi.py"
	}, {
		"key": "py_gitcafe",
		"name": "小纸条",
		"type": 3,
		"api": "py_gitcafe",
		"searchable": 1,
		"quickSearch": 1,
		"filterable": 0,
		"ext": "https://raw.githubusercontent.com/UndCover/PyramidStore/main/plugin/py_gitcafe.py"
	}, {
		"key": "py_yiso",
		"name": "易搜",
		"type": 3,
		"api": "py_yiso",
		"searchable": 1,
		"quickSearch": 1,
		"filterable": 0,
		"ext": "https://raw.githubusercontent.com/UndCover/PyramidStore/main/plugin/py_yiso.py"
	}, {
		"key": "py_zhaozy",
		"name": "找资源",
		"type": 3,
		"api": "py_zhaozy",
		"searchable": 1,
		"quickSearch": 1,
		"filterable": 0,
		"ext": "https://raw.githubusercontent.com/UndCover/PyramidStore/main/plugin/py_zhaozy.py"
	}, {
		"key": "py_alist",
		"name": "Alist",
		"type": 3,
		"api": "py_alist",
		"searchable": 1,
		"quickSearch": 1,
		"filterable": 0,
		"ext": "https://raw.githubusercontent.com/UndCover/PyramidStore/main/plugin/py_alist.py"
	}, {
		"key": "py_pansou",
		"name": "盘搜",
		"type": 3,
		"api": "py_pansou",
		"searchable": 1,
		"quickSearch": 1,
		"filterable": 0,
		"ext": "https://raw.githubusercontent.com/UndCover/PyramidStore/main/plugin/py_pansou.py"
	}, {
		"key": "push_agent",
		"name": "阿里",
		"type": 3,
		"api": "py_ali",
		"searchable": 0,
		"quickSearch": 0,
		"filterable": 0,
		"ext": "https://raw.githubusercontent.com/UndCover/PyramidStore/main/plugin/py_ali.py"
	}],
	"parses": [{
		"name": "默认选项",
		"type": 3,
		"url": "Demo"
	}, {
		"name": "01",
		"type": 1,
		"url": "http://81.71.48.249:4456/jsonc/longxia.php?url=",
		"ext": {
			"flag": ["qq", "qiyi", "mgtv", "youku", "letv", "sohu", "xigua", "1905"],
			"header": {
				"User-Agent": "Dart/2.14 (dart:io)"
			}
		}
	}, {
		"name": "网络搜集02",
		"type": 1,
		"url": "https://json.pangujiexi.com/json.php?url=",
		"ext": {
			"flag": ["youku", "优酷", "qq", "腾讯", "qiyi", "爱奇艺", "奇艺"]
		}
	}, {
		"name": "网络搜集03",
		"type": 1,
		"url": "https://vip.aiaine.com/api/?key=8FN8gNAySnvJiMllxZ&url=",
		"ext": {
			"flag": ["Itnb", "wuduzy"]
		}
	}, {
		"name": "网络搜集04",
		"type": 1,
		"url": "http://api.vip123kan.vip/?url=",
		"ext": {
			"flag": ["youku", "优酷", "mgtv", "芒果", "qq", "腾讯", "qiyi", "爱奇艺", "qq", "xigua", "奇艺"]
		}
	}, {
		"name": "网络搜集05",
		"type": 1,
		"url": "https://a.dxzj88.com/jxrrm/jiami.php?url=",
		"ext": {
			"flag": ["qq", "腾讯", "qiyi", "爱奇艺", "奇艺", "youku", "优酷", "sohu", "芒果", "mgtv", "xigua", "wuduzy", "bilibili", "pptv", "leduo", "Clk4", "哔哩", "renrenmi", "ltnb", "rx"]
		}
	}, {
		"name": "网络搜集06",
		"type": 1,
		"url": "https://sz.dxzj88.com/jxrjrm/jiaomi.php?url=",
		"ext": {
			"flag": ["qq", "腾讯", "qiyi", "爱奇艺", "奇艺", "youku", "优酷", "sohu", "芒果", "mgtv", "xigua", "wuduzy", "bilibili", "pptv", "leduo", "Clk4", "哔哩", "renrenmi", "ltnb", "rx"]
		}
	}, {
		"name": "网络搜集07",
		"type": 1,
		"url": "https://vip.aiaine.com/api/?key=8FN8gNAySnvJiMllxZ&url=",
		"ext": {
			"flag": ["ltnb"]
		}
	}, {
		"name": "网络搜集08",
		"type": 1,
		"url": "https://svip.rongxingvr.top/api/?key=niBgMGXVdCQhsmeEBK&url=",
		"ext": {
			"flag": ["youku", "qq", "mgtv", "bilibili", "wasu", "xigua", "renrenmi", "优酷", "芒果"]
		}
	}, {
		"name": "网络搜集10",
		"type": 1,
		"url": "https://json.5lp.net/json.php?url=",
		"ext": {
			"flag": ["qq", "腾讯", "qiyi", "爱奇艺", "奇艺", "youku", "优酷", "mgtv", "芒果", "renrenmi", "Itnb"]
		}
	}],
	"lives": [{
		"group": "redirect",
		"channels": [{
			"name": "live",
			"urls": ["proxy://do=live&type=txt&ext=aHR0cDovL3R2Lmp0aG4uY24vbGl2ZXMvbGl2ZV9wbHVzLnR4dA=="]
		}]
	}],
	"flags": ["youku", "qq", "iqiyi", "qiyi", "letv", "sohu", "letv", "tudou", "pptv", "mgtv", "wasu", "bilibili", "leduo", "fq3", "fq4", "xueren", "duoduo", "duoduozy", "miaoparty", "miaoparty2", "miaoparty3", "renrenmi", "优酷", "芒果", "腾讯", "爱奇艺", "奇艺", "ltnb", "rx", "CL4K", "xfyun", "wuduzy"],
	"ijk": [{
		"group": "软解码",
		"options": [{
			"category": 4,
			"name": "opensles",
			"value": "0"
		}, {
			"category": 4,
			"name": "overlay-format",
			"value": "842225234"
		}, {
			"category": 4,
			"name": "framedrop",
			"value": "1"
		}, {
			"category": 4,
			"name": "soundtouch",
			"value": "1"
		}, {
			"category": 4,
			"name": "start-on-prepared",
			"value": "1"
		}, {
			"category": 1,
			"name": "http-detect-range-support",
			"value": "0"
		}, {
			"category": 1,
			"name": "fflags",
			"value": "fastseek"
		}, {
			"category": 2,
			"name": "skip_loop_filter",
			"value": "48"
		}, {
			"category": 4,
			"name": "reconnect",
			"value": "1"
		}, {
			"category": 4,
			"name": "enable-accurate-seek",
			"value": "0"
		}, {
			"category": 4,
			"name": "mediacodec",
			"value": "0"
		}, {
			"category": 4,
			"name": "mediacodec-auto-rotate",
			"value": "0"
		}, {
			"category": 4,
			"name": "mediacodec-handle-resolution-change",
			"value": "0"
		}, {
			"category": 4,
			"name": "mediacodec-hevc",
			"value": "0"
		}, {
			"category": 1,
			"name": "dns_cache_timeout",
			"value": "600000000"
		}]
	}, {
		"group": "硬解码",
		"options": [{
			"category": 4,
			"name": "opensles",
			"value": "0"
		}, {
			"category": 4,
			"name": "overlay-format",
			"value": "842225234"
		}, {
			"category": 4,
			"name": "framedrop",
			"value": "1"
		}, {
			"category": 4,
			"name": "soundtouch",
			"value": "1"
		}, {
			"category": 4,
			"name": "start-on-prepared",
			"value": "1"
		}, {
			"category": 1,
			"name": "http-detect-range-support",
			"value": "0"
		}, {
			"category": 1,
			"name": "fflags",
			"value": "fastseek"
		}, {
			"category": 2,
			"name": "skip_loop_filter",
			"value": "48"
		}, {
			"category": 4,
			"name": "reconnect",
			"value": "1"
		}, {
			"category": 4,
			"name": "enable-accurate-seek",
			"value": "0"
		}, {
			"category": 4,
			"name": "mediacodec",
			"value": "1"
		}, {
			"category": 4,
			"name": "mediacodec-auto-rotate",
			"value": "1"
		}, {
			"category": 4,
			"name": "mediacodec-handle-resolution-change",
			"value": "1"
		}, {
			"category": 4,
			"name": "mediacodec-hevc",
			"value": "1"
		}, {
			"category": 1,
			"name": "dns_cache_timeout",
			"value": "600000000"
		}]
	}],
	"ads": ["mimg.0c1q0l.cn", "www.googletagmanager.com", "www.google-analytics.com", "mc.usihnbcq.cn", "mg.g1mm3d.cn", "mscs.svaeuzh.cn", "cnzz.hhttm.top", "tp.vinuxhome.com", "cnzz.mmstat.com", "www.baihuillq.com", "s23.cnzz.com", "z3.cnzz.com", "c.cnzz.com", "stj.v1vo.top", "z12.cnzz.com", "img.mosflower.cn", "tips.gamevvip.com", "ehwe.yhdtns.com", "xdn.cqqc3.com", "www.jixunkyy.cn", "sp.chemacid.cn", "hm.baidu.com", "s9.cnzz.com", "z6.cnzz.com", "um.cavuc.com", "mav.mavuz.com", "wofwk.aoidf3.com", "z5.cnzz.com", "xc.hubeijieshikj.cn", "tj.tianwenhu.com", "xg.gars57.cn", "k.jinxiuzhilv.com", "cdn.bootcss.com", "ppl.xunzhuo123.com", "xomk.jiangjunmh.top", "img.xunzhuo123.com", "z1.cnzz.com", "s13.cnzz.com", "xg.huataisangao.cn", "z7.cnzz.com", "xg.huataisangao.cn", "z2.cnzz.com", "s96.cnzz.com", "q11.cnzz.com", "thy.dacedsfa.cn", "xg.whsbpw.cn", "s19.cnzz.com", "z8.cnzz.com", "s4.cnzz.com", "f5w.as12df.top", "ae01.alicdn.com", "www.92424.cn", "k.wudejia.com", "vivovip.mmszxc.top", "qiu.xixiqiu.com", "cdnjs.hnfenxun.com", "cms.qdwght.com"],
	"wallpaper": "https://picsum.photos/1080",
	"spider": ""
}
