{
"站名":"小刀电影",
"请求头": "User-Agent$Mozilla/5.0 (iPad; CPU OS 10_3_1 like Mac OS X) AppleWebKit/603.1.30 (KHTML, like Gecko) Version/10.0 Mobile/14E304 Safari/602.1",
"主页url":"https://www.xdys.cc",
"嗅探词":".m3u8#?fid=#mp4#.mp4#data.aliyundrive.net#tos-#huoshanvod.com#/video/",
"数组二次截取":"<ul class=\"mo-cols-rows&&</ul",
"数组":"class=\"mo-paxs-5px mo-pamd-10px&&</li",
"标题":".html\">&&</a",
"导演":"导演:&nbsp;</span>&&</a",
"主演":"主演:&nbsp;</span>&&</a",
"搜索模式":"1",
"搜索url":"https://www.xdys.cc/index.php/ajax/suggest?mid=1&wd={wd}&limit=500",
"搜索二次截取":"\"list\":[&&]",
"搜索数组":"{&&}",
"搜索标题":"\"name\":\"&&\"",
"搜索图片":"\"pic\":\"&&\"",
"搜索链接":"https://www.xdys.cc/voddetail/+\"id\":&&,+html",
"播放数组":"<ul class=\"mo-movs-item mo-sort-boxs&&</ul",
"线路数组":"class=\"mo-movs-btns mo-mrxs-5px&&</a",
"线路标题":"</i>&&<span",
"过滤词":"https://alip.ggbilibili.com/watch?url=#?url=",
//"跳转播放链接":"解析+vod_class*url\":\"&&\"[不包含:https://alip.ggbilibili.com/watch?url=]",
//"跳转解析":"默认$https://jx.777jiexi.com/player/?url=#XDYG$https://play.8c4.cn/xdys?url=#XDFY$https://play.8c4.cn/xdys?url=#XDAK#空#XDAL$https://alip.ggbilibili.com/watch?url=",
//"强制解析":"0",
"副标题":"mo-coxs-center\">&&</span>",
"分类":"电影$1#电视剧$2#综艺$3#动漫$4",
"分类url":"https://www.xdys.cc/vodshow/{cateId}-{area}-------{catePg}---{year}.html;;k"
    
}