{
    "urls" : [

        
//🌙影视优选仓①

//---------------------------------------------------------------------------------------------------------  

{"url" : "https://ghproxy.net/https://raw.githubusercontent.com/yf20230412/master/main/TvBox/JS/99.json" ,"name" : " 🍔风言锋语|影视"} ,

{"url": "https://ghproxy.net/https://raw.githubusercontent.com/yf20230412/master/main/TvBox/JS/33.json","name": " 🍟风言锋语|少儿"}, 
       
{"url": "https://ghproxy.net/https://raw.githubusercontent.com/yf20230412/master/main/TvBox/JS/55.json","name": " 🐝风言锋语|阿里4K"},  

//{"url": "https://ghproxy.net/https://raw.githubusercontent.com/yf20230412/master/main/TvBox/JS/88.json","name": "🔞风言锋语|18+"}, 



//🌙影视主力仓② 
//---------------------------------------------------------------------------------------------------------

{"url":"http://rihou.cc:88/荷城茶秀","name": "🍵荷城茶秀(有跑马灯)"},
        
{"url": "https://weixine.net/ysc.json","name":"🚚运输车(有跑马灯)"},
        
{"url": "https://agit.ai/66666/mao/raw/branch/master/00/000.m3u8","name": "🍩分享者（跑马灯）"},
        
{"url" : "http://我不是.肥猫.love:63/接口禁止贩卖" ,"name" : " 🐼肥猫Panda"} ,
        
{"url" : "http://饭太硬.top/tv" ,"name" : " 🍚饭太硬"} ,  
       
{"url": "https://tvbox.cainisi.cf","name": "🍄菜尼丝"},

{"url": "http://xhww.fun:63/小米/DEMO.json","name": "🌾小米"},   
       

//🌙影视备用仓③

//---------------------------------------------------------------------------------------------------------

{"url": "http://yydsys.top/duo","name": " 👨‍👨‍👧‍👧应用多多家庭版"},

{"url" : "https://jihulab.com/ygbh1/box/-/raw/main/月光宝盒" ,"name" : "🌙月光宝盒家庭版 "} ,

{"url" : "http://tv.nxog.top/m/111.php?ou=%E6%AC%A7%E6%AD%8C&mz=index2&xl=&jar=index2" ,"name" :"🎡欧歌线路"} ,

{"url": "http://itvbox.cc/tvbox/云星日记/1.m3u8","name":" 🌤云星日记"},          

{"url":"https://ghproxy.net/https://raw.githubusercontent.com/gaotianliuyun/gao/master/js.json","name": "🏔高天流云"}, 
        
{"url": "http://yydsys.top/duo/ali","name": " 🛒阿里精品（需要输入Token）"},     

{"url": "https://pastebin.com/raw/5NHaxyGR","name": " 👨‍🦲道长线路 "},   

{"url": "https://ghproxy.net/https://raw.githubusercontent.com/yydfys/yydf/main/yydf.json","name": " 🍵业余" }, 
        
{"url": "https://ghproxy.net/https://raw.githubusercontent.com/yydfys/yydf/main/duocang.json","name": " 😈心魔" }, 
        
{"url": "http://8.210.232.168/xc.json","name": "✨星辰" }, 
        
{"url": "https://la.kstore.space/download/2863/01.txt","name": " 🦗潇洒"}, 
        
{"url": "http://52bsj.vip:98/wuai","name": "🦐吾爱线路"}, 

//🌙影视网络仓④
//---------------------------------------------------------------------------------------------------------
        
{"url": "https://agit.ai/kvymin/TV/raw/branch/master/Box.json","name": " 🦁kvymin线路"},  

{"url":"https://agit.ai/cyl518/yl/raw/branch/master/ml.json","name": "🦆胖鸭线路"},      

{"url": "https://agit.ai/Yoursmile7/TVBox/raw/branch/master/XC.json","name": " 🦀南风线路"}, 

{"url": "https://gh.t4tv.hz.cz/newtang.bmp","name": " 🐿唐三线路"},    

{"url": "https://ghproxy.net/https://raw.githubusercontent.com/chengxueli818913/maoTV/main/44.txt","name": "  🐟佰欣园线路"},
         
{"url": "https://ghproxy.net/https://raw.githubusercontent.com/lm317379829/PyramidStore/main/py.json","name": " 🍺霜辉月明"},       
              
{"url":"https://jihulab.com/ymz1231/xymz/-/raw/main/ymxx","name": "🌃夜猫子（跑马灯）"}    

],

"vip": [{"url": "","name": "默认"}]

}
