    {
    
    "作者":"荷城茶秀",
    
    "站名":"徕米影视",
    
    "主页url":"https://www.laimi.me/",
    
    "简介":"【荷城茶秀】提醒您请勿相信影片中的广告，以免上当受骗！欢迎加入QQ交流群：869277279，公众号：日后魔改，获取更多影视资源。+<p&&</p>",
    
    "影片状态":"集数：&&</div>",
    
    "影片类型":"module-info-tag\">&&立即播放",
    
    "线路数组":"data-dropdown-value=&&</div>[排序:天翼云>无限云]",
    
    "过滤词": "data.m3u8.in",
    
    "线路标题":"荷城茶秀接口-+<span>&&</small>[替换:</span><small>>>🌸共]+集🌸",
    
    "分类url":"https://www.laimi.me/vodshow/{cateId}-{area}-{by}-{class}-{lang}----{catePg}---{year}.html;;k",
    
    "跳转播放链接": "https://data.m3u8.in/play.php?url=+link_pre*url\":\"&&\"+&from=+\"from\"*\"&&\"",
    
    "嗅探词": ".mp4?#&dis_t#vkey=#.m3u8",
        
    "分类":"电影$1#电视剧$2#动漫$3#综艺$4#少儿$5",
    
    "筛选":{
    "1":[
    {"key":"class","name":"剧情","value":[
    {"n":"全部剧情","v":""},
    {"n":"动作","v":"动作"},
    {"n":"科幻","v":"科幻"},
    {"n":"喜剧","v":"喜剧"},
    {"n":"爱情","v":"爱情"},
    {"n":"犯罪","v":"犯罪"},
    {"n":"灾难","v":"灾难"},
    {"n":"枪战","v":"枪战"},
    {"n":"惊悚","v":"惊悚"},
    {"n":"恐怖","v":"恐怖"},
    {"n":"冒险","v":"冒险"},
    {"n":"悬疑","v":"悬疑"},
    {"n":"武侠","v":"武侠"},
    {"n":"战争","v":"战争"},
    {"n":"奇幻","v":"奇幻"},
    {"n":"警匪","v":"警匪"},
    {"n":"魔幻","v":"魔幻"},
    {"n":"记录","v":"记录"},
    {"n":"剧情","v":"剧情"}
    ]
    },
    {"key":"area","name":"地区","value":[
    {"n":"全部地区","v":""},
    {"n":"大陆","v":"大陆"},
    {"n":"日韩","v":"日韩"},
    {"n":"欧美","v":"欧美"},
    {"n":"港台","v":"港台"},
    {"n":"泰国","v":"泰国"},
    {"n":"印度","v":"印度"},
    {"n":"其它","v":"其它"}
    ]
    },
    {"key":"lang","name":"语言","value":[
    {"n":"全部语言","v":""},
    {"n":"国语","v":"国语"},
    {"n":"英语","v":"英语"},
    {"n":"粤语","v":"粤语"},
    {"n":"闽南语","v":"闽南语"},
    {"n":"韩语","v":"韩语"},
    {"n":"日语","v":"日语"},
    {"n":"法语","v":"法语"},
    {"n":"德语","v":"德语"},
    {"n":"其它","v":"其它"}
    ]
    },
    {"key":"year","name":"时间","value":[
    {"n":"全部时间","v":""},
    {"n":"2023","v":"2023"},
    {"n":"2022","v":"2022"},
    {"n":"2021","v":"2021"},
    {"n":"2020","v":"2020"},
    {"n":"2019","v":"2019"},
    {"n":"2018","v":"2018"},
    {"n":"2017","v":"2017"},
    {"n":"2016","v":"2016"},
    {"n":"2015","v":"2015"},
    {"n":"2014","v":"2014"},
    {"n":"2013","v":"2013"},
    {"n":"2012","v":"2012"},
    {"n":"2011","v":"2011"},
    {"n":"2010","v":"2010"}
    ]
    },
    {"key":"by","name":"排序","value":[
    {"n":"全部排序","v":""},
    {"n":"时间排序","v":"time"},
    {"n":"人气排序","v":"hits"},
    {"n":"评分排序","v":"score"}
    ]
    }
    ],
    "2":[
    {"key":"class","name":"剧情","value":[
    {"n":"全部剧情","v":""},
    {"n":"古装","v":"古装"},
    {"n":"都市","v":"都市"},
    {"n":"青春","v":"青春"},
    {"n":"偶像","v":"偶像"},
    {"n":"爱情","v":"爱情"},
    {"n":"言情","v":"言情"},
    {"n":"喜剧","v":"喜剧"},
    {"n":"家庭","v":"家庭"},
    {"n":"警匪","v":"警匪"},
    {"n":"军事","v":"军事"},
    {"n":"武侠","v":"武侠"},
    {"n":"悬疑","v":"悬疑"},
    {"n":"历史","v":"历史"},
    {"n":"农村","v":"农村"},
    {"n":"神话","v":"神话"},
    {"n":"科幻","v":"科幻"},
    {"n":"少儿","v":"少儿"},
    {"n":"搞笑","v":"搞笑"},
    {"n":"谍战","v":"谍战"},
    {"n":"战争","v":"战争"},
    {"n":"年代","v":"年代"},
    {"n":"犯罪","v":"犯罪"},
    {"n":"恐怖","v":"恐怖"},
    {"n":"惊悚","v":"惊悚"},
    {"n":"剧情","v":"剧情"},
    {"n":"奇幻","v":"奇幻"}
    ]
    },
    {"key":"area","name":"地区","value":[
    {"n":"全部地区","v":""},
    {"n":"大陆","v":"大陆"},
    {"n":"日韩","v":"日韩"},
    {"n":"欧美","v":"欧美"},
    {"n":"港台","v":"港台"},
    {"n":"泰国","v":"泰国"},
    {"n":"印度","v":"印度"},
    {"n":"其它","v":"其它"}
    ]
    },
    {"key":"lang","name":"语言","value":[
    {"n":"全部语言","v":""},
    {"n":"国语","v":"国语"},
    {"n":"英语","v":"英语"},
    {"n":"粤语","v":"粤语"},
    {"n":"闽南语","v":"闽南语"},
    {"n":"韩语","v":"韩语"},
    {"n":"日语","v":"日语"},
    {"n":"其它","v":"其它"}
    ]
    },
    {"key":"year","name":"时间","value":[
    {"n":"全部时间","v":""},
    {"n":"2023","v":"2023"},
    {"n":"2022","v":"2022"},
    {"n":"2021","v":"2021"},
    {"n":"2020","v":"2020"},
    {"n":"2019","v":"2019"},
    {"n":"2018","v":"2018"},
    {"n":"2017","v":"2017"},
    {"n":"2016","v":"2016"},
    {"n":"2015","v":"2015"},
    {"n":"2014","v":"2014"},
    {"n":"2013","v":"2013"},
    {"n":"2012","v":"2012"},
    {"n":"2011","v":"2011"},
    {"n":"2010","v":"2010"}
    ]
    },
    {"key":"by","name":"排序","value":[
    {"n":"全部排序","v":""},
    {"n":"时间排序","v":"time"},
    {"n":"人气排序","v":"hits"},
    {"n":"评分排序","v":"score"}
    ]
    }
    ],
    "3":[
    {"key":"class","name":"剧情","value":[
    {"n":"全部剧情","v":""},
    {"n":"剧场版","v":"剧场版"},
    {"n":"漫改","v":"漫改"},
    {"n":"奇幻","v":"奇幻"},
    {"n":"动作","v":"动作"},
    {"n":"热血","v":"热血"},
    {"n":"科幻","v":"科幻"},
    {"n":"动画","v":"动画"},
    {"n":"搞笑","v":"搞笑"},
    {"n":"同性","v":"同性"},
    {"n":"冒险","v":"冒险"},
    {"n":"校园","v":"校园"},
    {"n":"机战","v":"机战"},
    {"n":"运动","v":"运动"},
    {"n":"战争","v":"战争"},
    {"n":"少年","v":"少年"},
    {"n":"推理","v":"推理"},
    {"n":"少女","v":"少女"},
    {"n":"社会","v":"社会"},
    {"n":"原创","v":"原创"},
    {"n":"亲子","v":"亲子"},
    {"n":"益智","v":"益智"},
    {"n":"励志","v":"励志"},
    {"n":"泡面","v":"泡面"},
    {"n":"其他","v":"其他"}
    ]
    },
    {"key":"area","name":"地区","value":[
    {"n":"全部地区","v":""},
    {"n":"大陆","v":"大陆"},
    {"n":"日本","v":"日本"},
    {"n":"美国","v":"美国"},
    {"n":"其它","v":"其它"}
    ]
    },
    {"key":"lang","name":"语言","value":[
    {"n":"全部语言","v":""},
    {"n":"国语","v":"国语"},
    {"n":"英语","v":"英语"},
    {"n":"粤语","v":"粤语"},
    {"n":"闽南语","v":"闽南语"},
    {"n":"韩语","v":"韩语"},
    {"n":"日语","v":"日语"},
    {"n":"其它","v":"其它"}
    ]
    },
    {"key":"year","name":"时间","value":[
    {"n":"全部时间","v":""},
    {"n":"2023","v":"2023"},
    {"n":"2022","v":"2022"},
    {"n":"2021","v":"2021"},
    {"n":"2020","v":"2020"},
    {"n":"2019","v":"2019"},
    {"n":"2018","v":"2018"},
    {"n":"2017","v":"2017"},
    {"n":"2016","v":"2016"},
    {"n":"2015","v":"2015"},
    {"n":"2014","v":"2014"},
    {"n":"2013","v":"2013"},
    {"n":"2012","v":"2012"},
    {"n":"2011","v":"2011"},
    {"n":"2010","v":"2010"}
    ]
    },
    {"key":"by","name":"排序","value":[
    {"n":"全部排序","v":""},
    {"n":"时间排序","v":"time"},
    {"n":"人气排序","v":"hits"},
    {"n":"评分排序","v":"score"}
    ]
    }
    ],
    "4":[
    {"key":"class","name":"剧情","value":[
    {"n":"全部剧情","v":""},
    {"n":"真人秀","v":"真人秀"},
    {"n":"访谈","v":"访谈"},
    {"n":"情感","v":"情感"},
    {"n":"选秀","v":"选秀"},
    {"n":"旅游","v":"旅游"},
    {"n":"美食","v":"美食"},
    {"n":"口秀","v":"口秀"},
    {"n":"曲艺","v":"曲艺"},
    {"n":"搞笑","v":"搞笑"},
    {"n":"游戏","v":"游戏"},
    {"n":"歌舞","v":"歌舞"},
    {"n":"生活","v":"生活"},
    {"n":"音乐","v":"音乐"},
    {"n":"时尚","v":"时尚"},
    {"n":"益智","v":"益智"},
    {"n":"职场","v":"职场"},
    {"n":"少儿","v":"少儿"},
    {"n":"纪实","v":"纪实"},
    {"n":"盛会","v":"盛会"}
    ]
    },
    {"key":"area","name":"地区","value":[
    {"n":"全部地区","v":""},
    {"n":"大陆","v":"大陆"},
    {"n":"日韩","v":"日韩"},
    {"n":"欧美","v":"欧美"},
    {"n":"港台","v":"港台"},
    {"n":"泰国","v":"泰国"},
    {"n":"印度","v":"印度"},
    {"n":"其它","v":"其它"}
    ]
    },
    {"key":"lang","name":"语言","value":[
    {"n":"全部语言","v":""},
    {"n":"国语","v":"国语"},
    {"n":"英语","v":"英语"},
    {"n":"粤语","v":"粤语"},
    {"n":"闽南语","v":"闽南语"},
    {"n":"韩语","v":"韩语"},
    {"n":"日语","v":"日语"},
    {"n":"其它","v":"其它"}
    ]
    },
    {"key":"year","name":"时间","value":[
    {"n":"全部时间","v":""},
    {"n":"2023","v":"2023"},
    {"n":"2022","v":"2022"},
    {"n":"2021","v":"2021"},
    {"n":"2020","v":"2020"},
    {"n":"2019","v":"2019"},
    {"n":"2018","v":"2018"},
    {"n":"2017","v":"2017"},
    {"n":"2016","v":"2016"},
    {"n":"2015","v":"2015"},
    {"n":"2014","v":"2014"},
    {"n":"2013","v":"2013"},
    {"n":"2012","v":"2012"},
    {"n":"2011","v":"2011"},
    {"n":"2010","v":"2010"}
    ]
    },
    {"key":"by","name":"排序","value":[
    {"n":"全部排序","v":""},
    {"n":"时间排序","v":"time"},
    {"n":"人气排序","v":"hits"},
    {"n":"评分排序","v":"score"}
    ]
    }
    ],
    "5":[
    {"key":"class","name":"剧情","value":[
    {"n":"全部剧情","v":""},
    {"n":"网红","v":"网红"},
    {"n":"最新","v":"最新"},
    {"n":"热门","v":"热门"}
    ]
    },
    {"key":"area","name":"地区","value":[
    {"n":"全部地区","v":""},
    {"n":"大陆","v":"大陆"},
    {"n":"日韩","v":"日韩"},
    {"n":"欧美","v":"欧美"},
    {"n":"港台","v":"港台"},
    {"n":"泰国","v":"泰国"},
    {"n":"印度","v":"印度"},
    {"n":"其它","v":"其它"}
    ]
    },
    {"key":"lang","name":"语言","value":[
    {"n":"全部语言","v":""},
    {"n":"国语","v":"国语"},
    {"n":"英语","v":"英语"},
    {"n":"粤语","v":"粤语"},
    {"n":"闽南语","v":"闽南语"},
    {"n":"韩语","v":"韩语"},
    {"n":"日语","v":"日语"},
    {"n":"其它","v":"其它"}
    ]
    },
    {"key":"year","name":"时间","value":[
    {"n":"全部时间","v":""},
    {"n":"2023","v":"2023"},
    {"n":"2022","v":"2022"},
    {"n":"2021","v":"2021"},
    {"n":"2020","v":"2020"},
    {"n":"2019","v":"2019"},
    {"n":"2018","v":"2018"},
    {"n":"2017","v":"2017"},
    {"n":"2016","v":"2016"},
    {"n":"2015","v":"2015"},
    {"n":"2014","v":"2014"},
    {"n":"2013","v":"2013"},
    {"n":"2012","v":"2012"},
    {"n":"2011","v":"2011"},
    {"n":"2010","v":"2010"}
    ]
    },
    {"key":"by","name":"排序","value":[
    {"n":"全部排序","v":""},
    {"n":"时间排序","v":"time"},
    {"n":"人气排序","v":"hits"},
    {"n":"评分排序","v":"score"}
    ]
    }
    ]
    }
    }