    {
    
    "作者":"荷城茶秀",
    
    "站名":"毛毛子影视",
    
    "主页url":"http://ys.qtw.asia/",
    
    "简介":"【荷城茶秀】提醒您请勿相信影片中的广告，以免上当受骗！欢迎加入QQ交流群：869277279，公众号：日后魔改，获取更多影视资源。+剧情简介&&</em>",
    
    "导演":"导演：&&</div>",
    
    "主演":"主演：&&</div>",
    
    "影片状态":"集数：&&</div>",
    
    "影片类型":"video-info-aux scroll-content\">&&立即播放",
    
    "数组":"hl-item-thumb hl-lazy\"&&</a>",
    
    "副标题":"hl-lc-1 remarks\"&&</span>",
    
    "线路数组":"iconfont hl-icon-shipin\"></i>&nbsp&&/a>[排序:优][不包含:飞速]",
    
    "线路标题":"&&<[替换:毛毛子视频>>4K线路#;>>🌸荷城茶秀接口🌸]",
    
    "线路二次截取":"<div class=\"hl-plays-from hl-tabs swiper-wrapper clearfix\"&&</div>",
    
    "分类url":"http://ys.qtw.asia/index.php/vod/show/area/{area}/by/{by}/class/{class}/id/{cateId}/lang/{lang}/page/{catePg}/year/{year}.html;;ak",
    
    "分类":"4K$6#电影$1#电视剧$2#综艺$3#动漫$4#短剧$7"}