    {
    
    "作者":"荷城茶秀",
    
    "站名":"亿视影院",
    
    "主页url":"http://lanyi.yy365.vip/",
    
    "简介":"【荷城茶秀】提醒您请勿相信影片中的广告，以免上当受骗！欢迎加入QQ交流群：869277279，公众号：日后魔改，获取更多影视资源。+",
    
    "影片类型":"module-info-tag\">&&</div></div></div></div>",
    
    "线路数组":"module-tab-item tab-item&&</small>[不包含:狐狸]",
    
    "线路标题":"荷城茶秀接口-+<span>&&[替换:</span><small>>>🌸共]+集🌸",
    
    "分类url":"http://lanyi.yy365.vip/index.php/vod/show/area/{area}/by/{by}/class/{class}/id/{cateId}/lang/{lang}/page/{catePg}/year/{year}.html;;ak",
    
    "分类":"电影$1#电视剧$2#综艺$3#动漫$4#体育$5#短剧$21"}