{

	
//定义Jar地址
	
"spider": "https://ghproxy.net/https://raw.githubusercontent.com/yf20230412/master/main/TvBox/Java/fan0825.jar;md5;c80207edebbe5019a688fd2eb653e005" , 

//壁纸地址

"wallpaper": "http://www.kf666888.cn/api/tvbox/img" , 

//公告说明
"warningText": "风言锋语提示您：如遇不能播放或者卡，学会换源，接口长期维护，切勿贩卖" , 
	
//定义直播源地址,clan://TVBox/live.txt需要转换成Base 64编码,粘贴到txt&ext后面, 

"lives":[
	{
	   "name":"live",
		"type":0,
		"url":"https://download.kstore.space/download/4645/Tvbox/612.txt",
		"epg":"http://epg.51zmt.top:8000/api/diyp/?ch={name}&date={date}",
		"logo":"https://epg.112114.xyz/logo/{name}.png"
	},
	{
		"group":"redirect",
    "channels":[{
    "name":"redirect",
    "urls":["proxy://do=live&type=txt&ext=aHR0cHM6Ly9kb3dubG9hZC5rc3RvcmUuc3BhY2UvZG93bmxvYWQvNDY0NS9UdmJveC82MTIudHh0"]
    }]
	}
        ],
    
//首页列表,定义首页源的各种网站

	
"sites":[

	
{ "key": "新片热播","name": "💒┃新片┃热播","type": 1,"api": "https://api.iku.cool/api.php/provide/vod/?ac=list","searchable": 1,"quickSearch": 1,"filterable": 0,"categories": ["连续剧","动漫"]},

{"key": "豆瓣","name": "🔍┃豆瓣┃主页","type": 3,"api": "https://ghproxy.net/https://raw.githubusercontent.com/yf20230412/master/main/TvBox/douban/drpy1.min.js","ext": "https://ghproxy.net/https://raw.githubusercontent.com/yf20230412/master/main/TvBox/douban/drpy.js","searchable": 0,"quickSearch": 0,"filterable": 0},

//++++++++++++++++++++++++++
{"key":"美少女","name":"美少女","type":0,"api":"https://www.msnii.com/api/xml.php","searchable":1,"quickSearch":1,"filterable":1},

{"key":"哥哥妹妹","name":"哥哥妹妹","type":0,"api":"http://www.ggmmzy.com:9999/inc/xml","searchable":0,"quickSearch":0,"filterable":0},

{"key":"CK资源","name":"CK资源","type":1,"api":"http://www.feifei67.com/api.php/provide/vod/","searchable":1,"quickSearch":1,"filterable":0},

{"key":"博天堂","name":"天堂","type":0,"api":"http://bttcj.com/inc/sapi.php","searchable":1,"quickSearch":1,"filterable":0},

{"key":"白嫖资源","name":"白嫖","type":0,"api":"https://www.kxgav.com/api/xml.php","searchable":1,"quickSearch":1,"filterable":0},

{"key":"zp028","name":"zp028","type":0,"api":"http://mygzycj.com/sapi.php?ac=list","searchable":1,"quickSearch":1,"filterable":0},

{"key":"淫水机资源","name":"粥水","type":0,"api":"https://www.xrbsp.com/api/xml.php","searchable":1,"quickSearch":1,"filterable":0},

{"key":"小湿妹资源","name":"小湿妹资源","type":0,"api":"https://www.afasu.com/api/xml.php","searchable":1,"quickSearch":1,"filterable":0},

{"key":"香奶儿资源","name":"香奶儿","type":0,"api":"https://www.gdlsp.com/api/xml.php","searchable":1,"quickSearch":1,"filterable":0},

{"key":"大地采集","name":"大地av","type":0,"api":"https://dadiapi.com/apple_m3u8.php","playUrl":"https://play.dadiapi.com/watch?url=","searchable":1,"quickSearch":1,"filterable":0},

{"key":"zp157","name":"熊猫资源","type":0,"api":"http://jcspcj8.com/api?ac=list","searchable":1,"quickSearch":1,"filterable":0},
	
{"key":"zp116","name":"泡芙资源","type":0,"api":"http://zmcj88.com/api?ac=list","searchable":1,"quickSearch":1,"filterable":0},

{"key":"zp067","name":"环亚资源-无码","type":0,"api":"http://wmcj8.com/inc/sapi.php","searchable":1,"quickSearch":1,"filterable":0},

{"key":"美少女资源","name":"美少女资源","type":0,"api":"https://www.msnii.com/api/xml.php","searchable":1,"quickSearch":1,"filterable":0},

{"key":"玖玖资源","name":"玖玖资源","type":0,"api":"http://99zywcj.com/inc/sapi.php?ac=videolist","searchable":1,"quickSearch":1,"filterable":0},

{"key":"狼少年","name":"狼少年","type":0,"api":"http://cjmygzy.com/inc/sapi.php?ac=videolist","searchable":1,"quickSearch":1,"filterable":0},

{"key":"zp128","name":"鲨鱼影视","type":0,"api":"https://shayuapi.com/api.php/Seacms/vod/at/xml/","searchable":1,"quickSearch":1,"filterable":0},

{"key":"速度资源","name":"速度资源","type":0,"api":"http://www.ggmmzy.com:9999/inc/xml","searchable":1,"quickSearch":1,"filterable":0},

{"key":"KK写真资源","name":"KK写真资源-伦理","type":1,"api":"https://kkzy.me/api.php/provide/vod/","searchable":1,"quickSearch":1,"filterable":0},

{"key":"zp024","name":"BT天堂-伦理","type":0,"api":"http://bttcj.com/inc/sapi.php","searchable":1,"quickSearch":1,"filterable":0},

{"key":"zp011","name":"78乐播","type":0,"api":"https://lbapi9.com/api.php/provide/vod/at/xml/","searchable":1,"quickSearch":1,"filterable":0},

{"key":"zp059","name":"番号资源","type":0,"api":"http://fhapi9.com/api.php/provide/vod/at/xml","searchable":1,"quickSearch":1,"filterable":0},

{"key":"久久热在线","name":"久久热在线","type":0,"api":"https://www.caiji06.com/home/cjapi/cfbb/mc10/vod/xml","searchable":1,"quickSearch":1,"filterable":0},

{"key":"zp100","name":"乐播","type":0,"api":"https://lbapi9.com/api.php/provide/vod/at/xml/","searchable":1,"quickSearch":1,"filterable":0},

{"key":"zp123","name":"色猫资源（慢）","type":0,"api":"https://api.maozyapi.com/inc/api.php/provide/vod/at/xml/","searchable":1,"quickSearch":1,"filterable":0},

{"key": "cc","name": "请勿相信视频中任何广告","type": 3,"api": "csp_XPath","searchable": 0,"quickSearch": 0,"filterable": 0}

], 
    
//视频解析（很关键）

	
"parses": [

{"name": "Web聚合","type": 3,"url": "Web"},

{"name":"解析聚合","type":3,"url":"Demo"},
	
{"name": "精选1","type": 1,"url": "http://27.124.4.42:4567/jhjson/ceshi.php?url=","ext": {"flag": ["qq", "腾讯", "qiyi", "爱奇艺", "奇艺", "youku", "优酷", "mgtv", "芒果", "letv", "乐视", "pptv", "PPTV", "sohu", "bilibili", "哔哩哔哩", "哔哩"],"header":{"User-Agent":"okhttp/4.1.0"}}},

{"name":"精选2","type":1,"url":"http://110.42.2.247:880/analysis/json/?uid=2449&my=acfgikquvzFGJRW459&url="},	
	
{"name": "精选3","type": 1,"url": "http://110.42.2.247:880/analysis/json/?uid=2449&my=acfgikquvzFGJRW459&url="},

{"name": "精选4","type": 1,"url": "https://www.m3u8.tv.cache.janan.net:4433/json2020.php?uid=M3U8.TV&token=88888888&url=","ext": {"flag": ["qq", "腾讯", "qiyi", "爱奇艺", "奇艺", "youku", "优酷", "mgtv", "芒果", "letv", "乐视", "pptv", "PPTV", "sohu", "bilibili", "哔哩哔哩", "哔哩"],"header":{"User-Agent":"okhttp/4.1.0"}}},

{"name": "精选5","type": 0,"url": "https://www.yemu.xyz/?url=","ext": {"flag": ["qq", "腾讯", "qiyi", "爱奇艺", "奇艺", "youku", "优酷", "mgtv", "芒果", "letv", "乐视", "pptv", "PPTV", "sohu", "bilibili", "哔哩哔哩", "哔哩"],"header":{"User-Agent":"okhttp/4.1.0"}}},

{"name":"精选6","type":1,"url":"http://json.84jia.com/home/api?type=ys&uid=335253&key=fjklpqsyCDGMNQRWX8&url="},	
	
{"name":"精选7","type":1,"url":"https://json.key521.cn/api/?key=df27d9ca9ec97e22c47f8565a50aa6f5&url="},

{"name": "精选8","type": 0, "url": "https://jx.777jiexi.com/player/?url="},
       
{"name": "精选9","type": 0,"url": "https://jx.xmflv.com/?url="},

{"name": "精选10","url": "https://jx.bozrc.com:4433/player/?url=","showType": 1},

{"name": "精选11","type": 0,"url": "https://jx.xmflv.com/?url=","ext": {"flag": ["qq","腾讯","qiyi","爱奇艺","奇艺","youku","优酷","mgtv","芒果","imgo","letv","乐视","pptv","PPTV","sohu","bilibili","哔哩哔哩","哔哩"],"header": {"User-Agent": "okhttp/4.1.0"}}},

{"name": "精选12","type": 1,"url": "http://jx.fuqizhishi.com:63/接口地址www.肥猫.love/肥猫专用.php?url="},

{"name": "精选13","type": 1,"url": "http://110.42.2.247:880/analysis/json/?uid=2449&my=acfgikquvzFGJRW459&url="},

{"name": "精选14","type": 1,"url": "https://json.key521.cn/api/?key=df27d9ca9ec97e22c47f8565a50aa6f5&url="},

{"name": "精选15","type": 1,"url": "http://xiaoxin.1080p.fun/home/api?type=ys&uid=91198&key=bhntuwyAJLMTUY1478&url="},

{"name": "腾讯","type": 0,"url": "https://jx.777jiexi.com/player/?url="},

{"name": "爱奇艺","type": 1,"url": "https://api.json.icu/api/?key=7a20743c26a46ba6c7cad98fba493d0c&url="},

{"name": "芒果","type": 1,"url": "http://110.42.2.247:880/analysis/json/?uid=2255&my=bcdkloqxzEFGPRT168&format=json&url=","ext": {"flag": ["qq", "腾讯", "qiyi", "爱奇艺", "奇艺", "youku", "优酷", "mgtv", "芒果", "letv", "乐视", "pptv", "PPTV", "sohu", "bilibili", "哔哩哔哩", "哔哩"],"header":{"User-Agent":"okhttp/4.1.0"}}},


{"name": "优酷","type": 0,"url": "https://vip.lianfaka.com/vip/?url=","ext": {"flag": ["qq", "腾讯", "qiyi", "爱奇艺", "奇艺", "youku", "优酷", "mgtv", "芒果", "letv", "乐视", "pptv", "PPTV", "sohu", "bilibili", "哔哩哔哩", "哔哩"],"header":{"User-Agent":"okhttp/4.1.0"}}},


{"name": "360","type": 1,"url": "https://json.key521.cn/api/?key=df27d9ca9ec97e22c47f8565a50aa6f5&url=","ext": {"flag":["qq","腾讯","企鹅","IQiYi","qiyi","爱奇艺","奇艺","youku","YouKu","优酷","sohu","SoHu","搜狐","letv","LeShi","乐视","imgo","mgtv","MangGuo","芒果","SLYS4k","BYGA","luanzi","AliS","dxzy","bilibili","QEYSS","xigua","西瓜视频","腾讯视频","奇艺视频","优酷视频","芒果视频","乐视视频"]}},

{"name": "搜狗","type": 1,"url": "http://htp.behds.cn/json/520237app7/mlzjphp111.php?url=","ext": {"flag": ["qq", "腾讯", "qiyi", "爱奇艺", "奇艺", "youku", "优酷", "mgtv", "芒果", "letv", "乐视", "pptv", "PPTV", "sohu", "bilibili", "FY", "哔哩"],"header":{"User-Agent":"okhttp/4.1.0"}}}
	
],

//

  "doh": [
           {"name": "Google","url": "https://dns.google/dns-query","ips": ["8.8.4.4", "8.8.8.8"]},
           {"name": "Cloudflare","url": "https://cloudflare-dns.com/dns-query","ips": ["1.1.1.1","1.0.0.1","2606:4700:4700::1111","2606:4700:4700::1001"]},
           {"name": "AdGuard","url": "https://dns.adguard.com/dns-query","ips": ["94.140.14.140","94.140.14.141"]},
           {"name": "DNSWatch","url": "https://resolver2.dns.watch/dns-query","ips": ["84.200.69.80","84.200.70.40"]},
           {"name": "Quad9","url": "https://dns.quad9.net/dns-quer","ips": ["9.9.9.9","149.112.112.112"]}],
//规则
"rules":[
	
{"host":"*","rule":["default.365yg.com"]},
{"host":"dyxs20.com","rule":[".m3u8"]},
{"host":"www.agemys.cc","rule":["cdn-tos","obj/tos-cn"]},
{"host":"www.sharenice.net","rule":["http.*?/play.{0,3}\\?[^url]{2,8}=.*"]},
{"host":"www.sharenice.net","rule":["qianpailive.com","vid="]},
{"host":"*","rule":["douyin.com/aweme","video_id="]},
{"host":"*","rule":["huoshan.com","/item/video/"]},
{"host":"*","rule":["http((?!http).){12,}?\\.(m3u8|mp4|flv|avi|mkv|rm|wmv|mpg|m4a)\\?.*"]},
{"host":"*","rule":["http((?!http).){12,}\\.(m3u8|mp4|flv|avi|mkv|rm|wmv|mpg|m4a)"]},

{"name": "量子","hosts": ["vip.lz","hd.lz"],"regex": ["#EXT-X-DISCONTINUITY\\r*\\n*#EXTINF:6.433333,[\\s\\S]*?#EXT-X-DISCONTINUITY","#EXTINF.*?\\s+.*?1o.*?\\.ts\\s+"]},
{"name": "非凡","hosts": ["vip.ffzy","hd.ffzy"],"regex": ["#EXT-X-DISCONTINUITY\\r*\\n*#EXTINF:6.666667,[\\s\\S]*?#EXT-X-DISCONTINUITY","#EXTINF.*?\\s+.*?1o.*?\\.ts\\s+"]},	
{"name": "抖音","hosts": ["douyin.com"],"regex": ["is_play_url="]}
],
	
    

//识别分类代码，越详细越好

"flags":["youku","qq","iqiyi","imgo","xueren","m1905","qiyi","letv","sohu","tudou","pptv","dbm3u8","FY","fy", "FeiYun","feiyun","飞云","mgtv","wasu","bilibili","le","duoduozy","renrenmi","xigua","ltnb","rx","CL4K","xfyun","wuduzy","优酷","优 酷","优酷视频","西瓜",
	"乐视","芒果","腾讯", "腾 讯","腾讯视频","芒果TV","芒 果 T V","爱奇艺","奇艺","爱 奇 艺", "搜狐","搜 狐","搜狐视频","哔哩哔哩","哔哩"],

//解码器，保持不动

"ijk":[
{"group":"软解码","options":[
{"category":4,"name":"opensles","value":"0"},
{"category":4,"name":"overlay-format","value":"842225234"},
{"category":4,"name":"framedrop","value":"1"},
{"category":4,"name":"soundtouch","value":"1"},
{"category":4,"name":"start-on-prepared","value":"1"},
{"category":1,"name":"http-detect-range-support","value":"0"},
{"category":1,"name":"fflags","value":"fastseek"},
{"category":2,"name":"skip_loop_filter","value":"48"},
{"category":4,"name":"reconnect","value":"1"},
{"category":4,"name":"enable-accurate-seek","value":"0"},
{"category":4,"name":"mediacodec","value":"0"},
{"category":4,"name":"mediacodec-auto-rotate","value":"0"},
{"category":4,"name":"mediacodec-handle-resolution-change","value":"0"},
{"category":4,"name":"mediacodec-hevc","value":"0"},
{"category":1,"name":"dns_cache_timeout","value":"600000000"}
]},
{"group":"硬解码","options":[
{"category":4,"name":"opensles","value":"0"},
{"category":4,"name":"overlay-format","value":"842225234"},
{"category":4,"name":"framedrop","value":"1"},
{"category":4,"name":"soundtouch","value":"1"},
{"category":4,"name":"start-on-prepared","value":"1"},
{"category":1,"name":"http-detect-range-support","value":"0"},
{"category":1,"name":"fflags","value":"fastseek"},
{"category":2,"name":"skip_loop_filter","value":"48"},
{"category":4,"name":"reconnect","value":"1"},
{"category":4,"name":"enable-accurate-seek","value":"0"},
{"category":4,"name":"mediacodec","value":"1"},
{"category":4,"name":"mediacodec-auto-rotate","value":"1"},
{"category":4,"name":"mediacodec-handle-resolution-change","value":"1"},
{"category":4,"name":"mediacodec-hevc","value":"1"},
{"category":1,"name":"dns_cache_timeout","value":"600000000"}
]}
],

	


//屏蔽广告，保持不动
"ads":["wan.51img1.com","iqiyi.hbuioo.com","vip.ffzyad.com","https://lf1-cdn-tos.bytegoofy.com/obj/tos-cn-i-dy/455ccf9e8ae744378118e4bd289288dd",
"mimg.0c1q0l.cn","www.googletagmanager.com","www.google-analytics.com","mc.usihnbcq.cn","mg.g1mm3d.cn","mscs.svaeuzh.cn","cnzz.hhttm.top","tp.vinuxhome.com","cnzz.mmstat.com","www.baihuillq.com",
"s23.cnzz.com","z3.cnzz.com","c.cnzz.com","stj.v1vo.top","z12.cnzz.com","img.mosflower.cn","tips.gamevvip.com","ehwe.yhdtns.com","xdn.cqqc3.com","www.jixunkyy.cn","sp.chemacid.cn","hm.baidu.com",
"s9.cnzz.com","z6.cnzz.com","um.cavuc.com","mav.mavuz.com","wofwk.aoidf3.com","z5.cnzz.com","xc.hubeijieshikj.cn","tj.tianwenhu.com","xg.gars57.cn","k.jinxiuzhilv.com","cdn.bootcss.com","ppl.xunzhuo123.com",
"xomk.jiangjunmh.top","img.xunzhuo123.com","z1.cnzz.com","s13.cnzz.com","xg.huataisangao.cn","z7.cnzz.com","xg.huataisangao.cn","z2.cnzz.com","s96.cnzz.com","q11.cnzz.com","thy.dacedsfa.cn","xg.whsbpw.cn",
"s19.cnzz.com","z8.cnzz.com","s4.cnzz.com","f5w.as12df.top","ae01.alicdn.com","www.92424.cn","k.wudejia.com","vivovip.mmszxc.top","qiu.xixiqiu.com","cdnjs.hnfenxun.com","cms.qdwght.com"]}
