{"二次截取": "class=\"content-body\"&&class=\"content-lift\"",
        "数组": "<a&&</a>",
        "图片": "src=\"&&\"",
        "标题": "class=\"card-title\">&&</p>",
        "副标题": "class=\"item-speed\">&&</p>",
        "链接": "href=\"&&\"",
        "播放数组": "class=\"plyr-sidebar-list&&</div>",
        "嗅探词": "aliyundrive.net#cn-beijing-data",
        "搜索url": "https://app.syrme.top/video/search?q={wd}",
        "分类": "电影$电影#美剧$美剧#日剧$日剧#韩剧$韩剧#动漫$动漫#纪录$纪录",
        "分类url": "https://app.syrme.top/video/type/tag?type={cateId}&tag=&page={catePg}&size=18;;u0"
}