{
				"分类": "电影$1#电视剧$2#动漫$3#综艺$4",
				"请求头": "User-Agent$Mozilla/5.0 (iPhone; CPU iPhone OS 15_2 like Mac OS X) AppleWebKit/605.1.15 (KHTML, like Gecko) Version/14.0 Mobile/15E148 Safari/604.1",
				"分类url": "https://www.zjtu.cc/vodshow-{cateId}/area/{area}/page/{catePg}/year/{year}/",
				"图片代理": "0",
				"标题": "title=\"&&\"[不包含:川内相亲]",
				"嗅探词": ".m3u8#aliyundrive.net#.mp4",
				"图片": "data-original=\"&&\"",
				"链接": "href=\"&&\"",
				"副标题": "pack-prb hidden\">&&</span",
				"跳转播放链接": "https://www.zjtu.cc/addons/dp/player/dp.php?key=0&from=+\"from\":\"&&\"+&id=+\"id\":\"&&\"+&api=&url=+vod_class*url\":\"&&\"",
				"二次跳转播放链接": "\"url\"*\"&&\"",
				"搜索url": "https://www.cupfox.app/s/{wd}",
				"搜索模式": "1",
				"搜索二次截取": "type=\"application/json\">&&</script>",
				"搜索数组": "{\"te&&}[包含:追剧兔]",
				"搜索图片": "https://www.zjtu.tv/upload/site/20230508-1/79a74119cb1bb42dabce9ab30ad9686e.png",
				"搜索标题": "xt\":\"&&\"",
				"搜索副标题": "\"website\":\"&&\"",
				"搜索链接": "\"url\":\"&&\""
}