{
"主页url":"http://jxjyv.com",
"数组":"<div class=\"stui-vodlist__box\">&&</div>",
"图片":"data-original=\"&&\"",
"标题":"title=\"&&\"",
"链接":"href=\"&&\"",
//"嗅探词":".m3u8#m3u8#mp4",
"副标题":"<span class=\"pic-text text-right\">&&</span>",
"搜索url":"http://jxjyv.com/search.php;post;searchword={wd}",
"搜索模式":"1",
"搜索数组":"<a class=\"v-thumb stui-vodlist__thumb&&</a>",
"搜索图片":"data-original=\"&&\"",
"搜索标题":"title=\"&&\"",
"搜索链接":"href=\"&&\"",
"搜索副标题":"<span class=\"pic-text text-right\">&&</span>",
"搜索后缀":"/view/",
"线路数组":"<a data-toggle=\"tab\"&&/a>",
"线路标题":">&&<",
"播放数组":"<ul class=\"stui-content__playlist clearfix&&</ul>",
"影片年代":"年份：&&</p>",
"影片地区":"地区：&&<span",
"影片类型":"类型：&&</a>",
"导演":"导演：&&</p>",
"主演":"主演：&&</p>",
"简介":"简介：&&</a>",
"播放列表":"<a&&/a>",
"播放标题":">&&<",
"播放链接":"href=\"&&\"",
"免嗅":"0",
"分类url":"http://jxjyv.com/list/{cateId}_{catePg}.html?order={by}",
"分类":"电影$1#电视剧$2#动漫$3#综艺$4",
"筛选":
{
"1":[
{
"key":"by",
"name":"排序",
"value":[
{"n":"全部","v":""},
{"n":"时间","v":"time"},
{"n":"人气","v":"hits"},
{"n":"评分","v":"score"}
]
}
],
"2":[
{
"key":"by",
"name":"排序",
"value":[
{"n":"全部","v":""},
{"n":"时间","v":"time"},
{"n":"人气","v":"hits"},
{"n":"评分","v":"score"}
]
}
],
"3":[
{
"key":"by",
"name":"排序",
"value":[
{"n":"全部","v":""},
{"n":"时间","v":"time"},
{"n":"人气","v":"hits"},
{"n":"评分","v":"score"}
]
}
],
"4":[
{
"key":"by",
"name":"排序",
"value":[
{"n":"全部","v":""},
{"n":"时间","v":"time"},
{"n":"人气","v":"hits"},
{"n":"评分","v":"score"}
]
}
],
"6":[
{
"key":"by",
"name":"排序",
"value":[
{"n":"全部","v":""},
{"n":"时间","v":"time"},
{"n":"人气","v":"hits"},
{"n":"评分","v":"score"}
]
}
]
}
}