{
				"数组": "class=\"top&&</li",
				"嗅探词": ".m3u8#.mp4#download-cdn.123pan.cn",
				//"图片代理": "1",
				"请求头": "User-Agent$Mozilla/5.0 (iPhone; CPU iPhone OS 15_2 like Mac OS X) AppleWebKit/605.1.15 (KHTML, like Gecko) Version/14.0 Mobile/15E148 Safari/604.1#Cookie$ecPopup=1; Hm_lvt_c49134738e6f867fc88290d1bf6e887c=1691636163; PHPSESSID=a1amqr2djming08h2ijrtg4akr; Hm_lpvt_c49134738e6f867fc88290d1bf6e887c=1691636187;",
				
				"图片": "data-original=\" &&\"",
				"链接": "/v_+/project-&&.html+_1_1.html",
				"线路数组": "class='swiper-slide&&</a>[不包含:lzm3u8#ffm3u8]",
				"线路标题": "data-from=\"&&\"",
				"影片类型": "备注：&&</li>",
				"影片年代": "年份：</b>&&</li>",
				"影片地区": "地区：&&</li>",
				"导演": "<h2>&&</h2>",
				"主演": "演员：&&</li>",
				"简介": "简介：&&</li>",
				"播放数组": "<ul class='content-playlist&&</ul",
				"播放列表": "<a&&/a>",
				"跳转播放链接": "https://jx.2kj.org/jx.php?url=+link_pre*url\":\"&&\"", 
                "二次跳转播放链接": "Base64(\"url\"*\"&&\"[替换:\\*>>9#->>1#\\&>>5])", 
				//"跳转播放链接": "https://jx.2kj.org/jx.php?url=+link_pre*url\":\"&&\"",
				//"二次跳转播放链接": "<video id=\"video-id\"><source src=\"&&\"",
				"搜索url": "https://www.cupfox.app/s/{wd}",
				"搜索模式": "1",
				"搜索二次截取": "type=\"application/json\">&&</script>",
				"搜索数组": "{\"te&&}[包含:速搜TV]",
				"搜索图片": "https://s1.ax1x.com/2023/07/13/pChRQaD.jpg",
				"搜索标题": "xt\":\"&&\"",
				"搜索副标题": "\"website\":\"&&\"",
				"搜索链接": "https://www.sstv.fun/v_+\"url\":\"https://www.sstv.fun/project-&&.html\"+_1_1.html",
				"分类url": "https://www.sstv.fun/vodshow-{cateId}/area/{area}/by/{by}/page/{catePg}/year/{year}.html;;a",
				"分类": "电影$1#剧集$2#综艺$3#动漫$4#纪录$21"
			}