{
  "spider": "./uyv0t678c488189af47bb91dc108484d17431;md5;64fa98fbba7758f483e6e82dea311f77",
  "wallpaper": "http://xhww.fun:63/img.php",
  "sites": [
    {
      "key": "豆豆",
      "name": "豆瓣┃万里无云镜九州",
      "type": 3,
      "api": "csp_DouDou",
      "searchable": 0,
      "quickSearch": 0,
      "filterable": 0
    },
    {
      "key": "Bili",
      "name": "🅱哔哔┃最团圆夜是中秋",
      "type": 3,
      "api": "csp_Bili",
      "style": {
        "type": "rect",
        "ratio": 1.597
      },
      "searchable": 1,
      "quickSearch": 0,
      "changeable": 0,
      "ext": "./lib/bilibili.json"
    },
    {
      "key": "csp_WoGG",
      "name": "🎬玩偶┃双节🎉",
      "type": 3,
      "api": "csp_WoGG",
      "changeable": 0,
      "searchable": 1,
      "quickSearch": 1,
      "ext": "https://gist.githubusercontent.com/yf20230412/a6d9e20965e7c5aa9daa12075d662772/raw/token+4k|fhd|auto$$$http://tvfan.xxooo.cf/"
    },
    {
      "key": "saohuo",
      "name": "骚火┃直连",
      "type": 3,
      "searchable": 1,
      "quickSearch": 1,
      "playerType": "2",
      "jar": "./lib/2.txt;md5;fa797d3f25f35eb3fea9a369bc55620f",
      "api": "csp_XBPQ",
      "ext": {
        "分类url": "https://shdy3.com/list/{cateId}-{catePg}.html;;r1da",
        "分类": "电影$1#电视剧$2#韩剧$22#美剧$23#动漫$4",
        "ocr": "https://api.xhofe.top/ocr/b64/text",
        "数组二次截取": "class=\"v_list\">&&</ul>",
        "数组": "\"v_img\"&&/div>",
        "标题": "title=\"&&\"",
        "副标题": "v_note\"&&</div",
        "跳转播放链接": "<iframe*src=\"&&\"",
        "二次跳转播放链接": "https://hkjx.hhplayer.com/api.php;post;url=+var url*\"&&\"+&t=+var t*\"&&\"+&key=+var key*\"&&\"+&act=0+&play=1",
        "三次跳转播放链接": "\"url\"*\"&&\""
      }
    },
    {
      "key": "世界",
      "name": "世界┃APP",
      "type": 3,
      "api": "./lib/drpy2.min.js",
      "searchable": 1,
      "quickSearch": 1,
      "filterable": 1,
      "ext": "./lib/sj.js"
    },
    {
      "key": "Mino",
      "name": "👻Mino┃App",
      "type": 3,
      "api": "csp_Appto",
      "searchable": 1,
      "quickSearch": 1,
      "changeable": 1,
      "ext": "|mcjJlcmV6VXF4a2pwMUMzbG1JcUJ0THpscW9YaE5MaDd8aHR0cDovL2Ntcy5rdWJveXMudG9wL2FwcHRvL3Yx"
    },
    {
      "key": "追忆2",
      "name": "✌追忆┃App",
      "type": 3,
      "api": "csp_Appto",
      "searchable": 1,
      "quickSearch": 1,
      "changeable": 1,
      "ext": "|NZWNwN0ZXZE02WTRreHpXY2ZmNjJwY0RjWGlZN2ZmQWF8aHR0cDovLzIyMi4yMTEuNzMuMTU3OjExMjIvYXBwdG8vdjE"
    },
    {
      "key": "橘子",
      "name": "🍊橘子┃直连",
      "type": 3,
      "api": "csp_Appto",
      "searchable": 1,
      "quickSearch": 1,
      "changeable": 1,
      "ext": "pB8fV1o5fODylO5AtO8tvf0F1lRBzZhIb0ydyOYoUZ69DpfdeG0oDdRtFLkWxpHU9kWB67yp98N%2FQRMqmBFfDAyox2BUH5%2BexjgENSd4e28Pxi%2B5t01guq9FdjMXODf8IiUY1tJcNlEWeTAdGho%2BjA%3D%3D|BTmtwQlNQQ05OQXdYMktjZWNtd1lNakdKYkNQYjVZcll8aHR0cDovLzExOS4xMDEuMTQ4LjM6MjUyNS9hcHB0by92MQ"
    },
    {
      "key": "csp_77",
      "name": "七七┃APP",
      "type": 3,
      "api": "csp_Kunyu77",
      "searchable": 1,
      "quickSearch": 1,
      "changeable": 1
    },
    {
      "key": "探探",
      "name": "🏵影探┃APP",
      "type": 3,
      "playerType": "1",
      "api": "csp_YTVIP",
      "searchable": 1,
      "quickSearch": 1,
      "changeable": 1,
      "ext": "vip.lyyytv.cn"
    },
    {
      "key": "毛驴",
      "name": "毛驴┃App",
      "type": 3,
      "api": "csp_MLYS",
      "searchable": 1,
      "quickSearch": 1,
      "changeable": 1,
      "ext": "https://www.maolvys.com/"
    },
    {
      "key": "csp_Czsapp",
      "name": "🗯️厂长┃直连",
      "type": 3,
      "api": "csp_Czsapp",
      "playerType": 2,
      "searchable": 1,
      "changeable": 1,
      "quickSearch": 1,
      "ext": "https://www.cz01.org/",
      "filterable": 1
    },
    {
      "key": "Auete",
      "name": "奥特┃直连",
      "type": 3,
      "api": "csp_Auete",
      "searchable": 1,
      "quickSearch": 1,
      "changeable": 1
    },
    {
      "key": "csp_Nmys",
      "name": "农民┃直连",
      "type": 3,
      "api": "csp_Nmys",
      "searchable": 1,
      "quickSearch": 1,
      "changeable": 1,
      "ext": "./lib/nmys.json"
    },
    {
      "key": "csp_AppYsV2_YuMi",
      "name": "玉米┃APP",
      "type": 3,
      "api": "csp_AppYsV2",
      "playerType": 2,
      "playUrl": "parse:玉米",
      "searchable": 1,
      "quickSearch": 1,
      "filterable": 1,
      "ext": "http://ym.dytt996.com:3/api.php/app/",
      "categories": [
        "电影",
        "电视剧",
        "综艺",
        "动漫",
        "国产剧"
      ]
    },
    {
      "key": "贱贱",
      "name": "贱片┃磁力",
      "type": 3,
      "searchable": 1,
      "quickSearch": 1,
      "changeable": 1,
      "playerType": "1",
      "api": "./lib/drpy1.min.js",
      "ext": "./lib/jp.js"
    },
    {
      "key": "琪琪资源",
      "name": "官源┃切片",
      "type": 1,
      "api": "http://www.csykkj.club/api.php/provide/vod",
      "playerType": 2,
      "searchable": 1,
      "changeable": 1,
      "quickSearch": 1,
      "categories": [
        "连续剧",
        "电影",
        "综艺",
        "动漫"
      ]
    },
    {
      "key": "Xinsj",
      "name": "视觉┃直连",
      "type": 3,
      "api": "csp_Xinsj",
      "searchable": 1,
      "quickSearch": 1,
      "changeable": 1,
      "ext": "https://www.6080yy3.com"
    },
    {
      "key": "速映",
      "name": "速映┃BPQ",
      "type": 3,
      "api": "csp_XBPQ",
      "jar": "./lib/2.txt;md5;fa797d3f25f35eb3fea9a369bc55620f",
      "ext": {
        "站名": "速映影视",
        "主页url": "http://www.suying.life/",
        "分类": "电影$1#电视剧$2#综艺$3#动漫$4#纪录片$5#",
        "分类url": "http://www.suying.life/index.php/vod/show/id/{cateId}/page/{catePg}/year/{year}.html",
        "图片": "data-original=\"&&\"",
        "标题": "title=\"&&\"",
        "链接": "href=\"&&\"",
        "搜索模式": "1",
        "年代": "年份：&&</a>",
        "地区": "地区：&&</a>",
        "类型": "类型：&&</a>",
        "导演": "导演：&&</p>",
        "主演": "主演：&&</p>",
        "简介": "eight: 20px;\">&&</p>",
        "嗅探词": ".m3u8#.mp4#.flv#aliyundrive#alicloudccp",
        "播放链接": "href=\"&&\""
      }
    },
    {
      "key": "耐看",
      "name": "耐看┃BPQ",
      "type": 3,
      "changeable": 1,
      "jar": "./lib/2.txt;md5;fa797d3f25f35eb3fea9a369bc55620f",
      "api": "csp_XBPQ",
      "playerType": "1",
      "ext": {
        "影片类型": "<div class=\"module-blocklist\">&&</div>",
        "导演": "导演：&&</div>",
        "主演": "主演：&&</div>",
        "嗅探词": ".mp4#.m3u8",
        "过滤词": "aa.m3u8zy.fun",
        "简介": "video-info-item video-info-content vod_content\">&&</span>",
        "标题": "title=\"&&\"",
        "链接": "href=\"&&\"",
        "搜索图片": "http://xhww.fun:63/小米/4.jpeg",
        "线路数组": "module-tab-item tab-item&&</div>",
        "线路标题": "<span>&&</small>[替换:</span><small>>>共]+集",
        "请求头": "User-Agent$Mozilla/5.0 (Macintosh; Intel Mac OS X 10_7_0) AppleWebKit/535.11 (KHTML, like Gecko) Chrome/17.0.963.56 Safari/535.11",
        "分类": "动漫$4#国产剧$13#电视剧$2#电影$1#综艺$3",
        "分类url": "https://www.nkvod.com/show/{cateId}--{by}}------{catePg}---{year}.html"
      }
    },
    {
      "key": "子子",
      "name": "子子┃BPQ",
      "type": 3,
      "changeable": 1,
      "jar": "./lib/2.txt;md5;fa797d3f25f35eb3fea9a369bc55620f",
      "api": "csp_XBPQ",
      "playerType": "1",
      "ext": {
        "站名": "子子影视",
        "主页url": "https://www.ziziys.com",
        "免嗅": "1",
        "二次截取": "1&&-1+module-item-cover",
        "数组": "module-item-pic&&module-item-cover",
        "副标题": "class=\"module-item-text\">&&</div",
        "导演": "导演：&&</div",
        "主演": "主演：&&</div",
        "简介": "<p>&&</p>",
        "线路数组": "class=\"module-tab-item tab-item&&</div>",
        "线路标题": "<span>&&</small>[替换:</span><small>>>更新]+集",
        "播放标题": "<span>&&</span>",
        "播放数组": "class=\"module-blocklist scroll-box&&</div>",
        "搜索模式": "1",
        "搜索url": "https://www.ziziys.com/index.php/ajax/suggest?mid=1&wd={wd}&limit=500",
        "搜索二次截取": "\"list\":[&&]",
        "搜索数组": "{&&}",
        "搜索标题": "\"name\":\"&&\"",
        "搜索图片": "\"pic\":\"&&\"",
        "搜索链接": "https://www.ziziys.com/vdetail/+\"id\":&&,+html",
        "分类": "最新推荐$17#动作片$6#剧情片$7#喜剧片$8#爱情片$9#惊悚片$10#奇幻片$11#悬疑片$12#动漫片$23#恐怖片$24#日韩剧$15#国漫$20#日漫$21#欧美动漫$22#国产剧$13#美剧$14#日韩剧$15",
        "分类url": "https://www.ziziys.com/list/{cateId}-{catePg}.html;;val",
        "跳转播放链接": "vod_class*url\":\"&&\""
      }
    },
    {
      "key": "了猪",
      "name": "乐猪┃BPQ",
      "type": 3,
      "playerType": 2,
      "api": "csp_XBPQ",
      "changeable": 1,
      "jar": "./lib/2.txt;md5;fa797d3f25f35eb3fea9a369bc55620f",
      "ext": {
        "站名": "乐猪影视",
        "主页url": "http://www.lezhutv.com/",
        "请求头": "手机",
        "简介": "tbox_js\"&&</div>",
        "导演": "导演：&&</p>",
        "主演": "主演：&&</p>",
        "影片类型": "yac\"&&</p>",
        "数组": "vbox_t item-lazy\"&&</a>",
        "标题": "title=\"&&\"",
        "副标题": "<span>&&</span>",
        "图片": "data-original=\"&&\"",
        "链接": "href=\"&&\"",
        "搜索url": "/index.php?m=vod-search;post;wd={wd}",
        "搜索模式": "1",
        "搜索后缀": "/detail/",
        "搜索数组": "vbox_t item-lazy\"&&</a>",
        "搜索标题": "title=\"&&\"",
        "搜索副标题": "<span>&&</span>",
        "搜索图片": "data-original=\"&&\"",
        "搜索链接": "href=\"&&\"",
        "线路数组": "<h3>&&/h3>",
        "线路标题": "</i>1.&&<[替换:在线视频(支持手机)1>>玉米无广2K]",
        "播放数组": "list_block show\">&&</ul>",
        "播放标题": ">&&</a>",
        "播放列表": "<li>&&</li>",
        "分类": "电影$1#连续剧$2#综艺$3#动漫$4",
        "嗅探词": "v3.toutiaovod.com#.m3u8#.mp4#/tos/#.mp4",
        "分类url": "http://www.lezhutv.com/list/{cateId}_{catePg}_desc_{by}_{class}_{year}_{letter}_{area}_{lang}.html"
      }
    },
    {
      "key": "淘剧",
      "name": "淘剧┃BPQ",
      "type": 3,
      "api": "csp_XBPQ",
      "jar": "./lib/2.txt;md5;fa797d3f25f35eb3fea9a369bc55620f",
      "ext": {
        "主页url": "http://dyxz.tv",
        "数组": "<div class=\"stui-vodlist__box\">&&</div>",
        "图片": "data-original=\"&&\"",
        "标题": "title=\"&&\"",
        "链接": "href=\"&&\"",
        "嗅探词": "v3.toutiaovod.com#.m3u8#.mp4#/tos/",
        "副标题": "<span class=\"pic-text text-right\">&&</span>",
        "搜索url": "http://dyxz.tv/search.php;post;searchword={wd}",
        "搜索模式": "1",
        "搜索数组": "<a class=\"v-thumb stui-vodlist__thumb&&</a>",
        "搜索图片": "data-original=\"&&\"",
        "搜索标题": "title=\"&&\"",
        "搜索链接": "href=\"&&\"",
        "搜索副标题": "<span class=\"pic-text text-right\">&&</span>",
        "搜索后缀": "/view/",
        "线路数组": "<a data-toggle=\"tab\"&&/a>",
        "线路标题": ">&&<",
        "播放数组": "<ul class=\"stui-content__playlist clearfix&&</ul>",
        "影片年代": "年份：&&</p>",
        "影片地区": "地区：&&<span",
        "影片类型": "类型：&&</a>",
        "导演": "导演：&&</p>",
        "主演": "主演：&&</p>",
        "简介": "更新：&&</p>",
        "播放列表": "<a&&/a>",
        "播放标题": ">&&<",
        "播放链接": "href=\"&&\"",
        "免嗅": "0",
        "分类url": "http://dyxz.tv/list/{cateId}_{catePg}.html",
        "分类": "电影$1#电视剧$2#动漫$3#综艺$4"
      }
    },
    {
      "key": "嘉靓",
      "name": "嘉良┃影视",
      "type": 3,
      "api": "csp_AppYsV2",
      "playerType": 2,
      "searchable": 1,
      "quickSearch": 1,
      "filterable": 1,
      "ext": "http://cms.jialiangos.com/api.php/app/"
    },
    {
      "key": "348",
      "name": "348┃蓝光",
      "type": 3,
      "api": "csp_XBPQ",
      "jar": "./lib/2.txt;md5;fa797d3f25f35eb3fea9a369bc55620f",
      "ext": {
        "头部集合": "User-Agent$Mozilla/5.0 (Windows NT 10.0; Win64; x64) AppleWebKit/537.36 (KHTML, like Gecko) Chrome/92.0.4515.107 Safari/537.36#Referer$https://www.348z.pro/",
        "站名": "348电影网",
        "主页url": "https://www.348z.com",
        "免嗅": "1",
        "嗅探词": ".m3u8#cn-beijing-data.aliyundrive.net#.mp4#alicloudccp.com",
        "导演": "导演：</span>&&</p",
        "主演": "主演：</span>&&</p",
        "副标题": "class=\"pack-prb hidden\">&&</span>",
        "简介": "简介：</span>&&</p>",
        "数组": "class=\"aplus-exp ecimgbor&&</a>",
        "图片": "data-original=\"&&\"",
        "标题": "title=\"&&\"",
        "线路名二次截取": "<div class=\"cf swiper-wrapper\">&& <div id=\"tagContent",
        "线路数组": "<a class=\"channelname swiper-slide&&/a>",
        "线路标题": "&nbsp;&&<",
        "播放请求头": "User-Agent$Mozilla/5.0 (Windows NT 10.0; Win64; x64) AppleWebKit/537.36 (KHTML, like Gecko) Chrome/92.0.4515.107 Safari/537.36#Referer$https://www.348z.pro/",
        "播放数组": "class=\"content_playlist&&</ul>",
        "搜索url": "https://www.348z.com/vodsearch.html?wd={wd}",
        "搜索模式": "1",
        "搜索二次截取": "class=\"ec-search&&</ul",
        "搜索数组": "<a&&class=\"right cor3",
        "搜索图片": "data-original=\"&&\"",
        "搜索标题": "title=\"&&\"",
        "搜索副标题": "class=\"pack-prb\"&&</span",
        "搜索链接": "href=\"&&\"",
        "搜索链接前缀": "https://www.348z.com",
        "分类": "电影$1#电视剧$2#综艺$3#动漫$4",
        "分类url": "https://www.348z.com/vodshow/{area}/{class}/id/{cateId}/page/{catePg}/{year}.html;;m"
      }
    },
    {
      "key": "低端拼接",
      "name": "低端┃BPQ",
      "type": 3,
      "changeable": 1,
      "jar": "./lib/2.txt;md5;fa797d3f25f35eb3fea9a369bc55620f",
      "api": "csp_XBPQ",
      "playerType": "2",
      "ext": {
        "主页url": "https://ddys.fun",
        "数组": "class=\"stui-vodlist__thumb lazyload&&</a>",
        "图片": "data-original=\"&&\"",
        "标题": "title=\"&&\"",
        "链接": "href=\"&&\"",
        "副标题": "class=\"pic-text text-right\"><b>&&</span>",
        "搜索模式": "0",
        "嗅探词": ".m3u8#video_mp4#tos-#.mp4#cdn.123pan.cn#huoshanvod.com",
        "线路数组": " <div class=\"stui-pannel__head clearfix\">&&</div[排序:蓝光-Ymv>蓝光-put>蓝光-01>蓝光-02>极速-01>极速-02][不包含:蓝光-m3#极速-03#蓝光-01]",
        "线路标题": "<h3 class=\"iconfont icon-iconfontplay2\">&&</h3>",
        "播放列表": "<a&&/a>",
        "播放标题": ">&&<",
        "影片类型": "类型：&&</p>",
        "导演": "导演：&&</p>",
        "主演": "主演：&&</p>",
        "简介": "display: none;\">&&</span>",
        "分类": "电视剧$2#电影$1#综艺$3#动漫$4",
        "分类url": "https://ddys.fun//show/{cateId}--{area}------{catePg}---{year}.html;;au0",
        "跳转解析": "默认$空#极速-02$http://118.25.184.129:9668/?url=#极速-01$http://118.25.184.129:9668/?url=#蓝光-Ymv$http://110.42.3.71:5000/api/jiexi/common?Key=R9Ah232tBzRxK9oC9m&url=#蓝光-put$https://jiexi.ahailove.cn/qingjian.php?url=",
        "跳转播放链接": "解析+urlDecode(Base64(vod_class*url\":\"&&\"))",
        "二次跳转播放链接": "\"url\"*\"&&\""
      }
    },
    {
      "key": "直播转点播",
      "name": "电视┃直播",
      "type": 3,
      "api": "./lib/直播转点播2.js",
      "ext": "./lib/直播.json"
    },
    {
      "key": "速搜",
      "name": "速搜┃BPQ",
      "type": 3,
      "api": "csp_XBPQ",
      "playerType": "1",
      "jar": "./lib/2.jar;md5;d86999aba43144a25646757a06363b8f",
      "ext": {
        "数组": "class=\"top&&</li",
        "请求头": "AppleCoreMedia/1.0.0.17D50 (iPhone; U; CPU OS 13_3_2 like Mac OS X; zh_cn)",
        "嗅探词": ".m3u8#.mp4#download-cdn.123pan.cn",
        "图片": "data-original=\" &&\"",
        "链接": "/v_+/project-&&.html+_1_1.html",
        "线路数组": "class='swiper-slide&&</a>[不包含:lzm3u8#ffm3u8]",
        "线路标题": "data-from=\"&&\"",
        "影片类型": "备注：&&</li>",
        "影片年代": "年份：</b>&&</li>",
        "影片地区": "地区：&&</li>",
        "导演": "<h2>&&</h2>",
        "主演": "演员：&&</li>",
        "简介": "简介：&&</li>",
        "播放数组": "<ul class='content-playlist&&</ul",
        "播放列表": "<a&&/a>",
        "跳转播放链接": "https://web-pro2.cjjd18.com.2kj.org/jx.php?url=+link_pre*url\":\"&&\"",
        "二次跳转播放链接": "Base64(\"url\"*\"&&\"[替换:\\*>>9#->>1#\\&>>5])",
        "搜索url": "https://影搜.com/s/?wd={wd}",
        "搜索模式": "1",
        "搜索二次截取": "<div class=\"row\">&&<i class=\"posts-nav",
        "搜索数组": "<div class=\"card-body\">&&/i>[包含:速搜影院]",
        "搜索图片": "data-src=\"&&\"",
        "搜索标题": "<strong>&&</strong>",
        "搜索副标题": "速搜",
        "搜索链接": "https://www.sstv.pw/v_+<a href=\"https://www.sstv.pw/project-&&.html+_1_1.html",
        "分类url": "https://www.akj.ee/vodshow-{cateId}/area/{area}/by/{by}/page/{catePg}/year/{year}.html;;au0",
        "分类": "电影$1#剧集$2#综艺$3#动漫$4#纪录$21"
      }
    },
    {
      "key": "csp_DiDuan",
      "name": "低端┃外剧",
      "type": 3,
      "api": "csp_Ddrk",
      "searchable": 1,
      "quickSearch": 1,
      "changeable": 1
    },
    {
      "key": "黑狐",
      "name": "黑狐┃BPQ",
      "type": 3,
      "searchable": 1,
      "quickSearch": 1,
      "changeable": 1,
      "jar": "./lib/2.txt;md5;fa797d3f25f35eb3fea9a369bc55620f",
      "playerType": "2",
      "api": "csp_XBPQ",
      "ext": {
        "站名": "黑狐影院",
        "主页url": "http://fagmn.com",
        "数组": "class=\"stui-vodlist__box\"&&</a",
        "图片": "data-original=\"&&\"",
        "标题": "title=\"&&\"",
        "链接": "href=\"&&\"",
        "嗅探词": ".m3u8#v3.huoshanvod.com#v3-dy-o.zjcdn#sf16-sg.larksuitecdn.com#v.kd1.qq.com#.mp4",
        "过滤词": "/hls/#php",
        "副标题": "<span class=\"pic-text text-right\">&&</span>",
        "搜索url": "http://fagmn.com/search.php;post;searchword={wd}",
        "搜索模式": "1",
        "搜索数组": "<a class=\"v-thumb stui-vodlist__thumb&&</a>",
        "搜索图片": "data-original=\"&&\"",
        "搜索标题": "title=\"&&\"",
        "搜索链接": "href=\"&&\"",
        "搜索副标题": "<span class=\"pic-text text-right\">&&</span>",
        "搜索后缀": "/view/",
        "线路数组": "href=\"#down&&/a>[替换:奇异视频>>黑狐一线#优酷视频>>黑狐二线#搜狐视频>>黑狐三线#咪咕视频>>黑狐四线]",
        "线路标题": ">&&<",
        "播放数组": "class=\"stui-content__playlist clearfix&&</ul>",
        "状态": "地区：&&</p>",
        "导演": "导演：&&</p>",
        "主演": "主演：&&</p>",
        "简介": "简介：&&</div>",
        "播放列表": "<a&&/a>",
        "播放标题": ">&&<",
        "播放链接": "href=\"&&\"",
        "免嗅": "0",
        "分类": "电影$1#电视剧$2#动漫$3#综艺$4",
        "分类url": "http://fagmn.com/list/{cateId}_{catePg}.html?order=time"
      }
    },
    {
      "key": "龟龟",
      "name": "龟龟┃BPQ",
      "type": 3,
      "changeable": 1,
      "jar": "./lib/2.txt;md5;fa797d3f25f35eb3fea9a369bc55620f",
      "api": "csp_XBPQ",
      "playerType": "2",
      "ext": {
        "主页url": "http://www.dadagui.me/",
        "副标题": "pic-text text-right\">&&</b>",
        "搜索模式": "1",
        "搜索url": "https://www.dadagui.me/vodsearch/{wd}-------------.html",
        "图片": "data-original=\"&&\"",
        "嗅探词": "huoshanvod.com#.mp4#m3u8#.m3u8#/tos/",
        "影片类型": "<div class=\"module-info-tag\">&&立即播放",
        "导演": "导演：&&</div>",
        "主演": "主演：&&</div>",
        "分类": "电影$1#连续剧$2#综艺$3#动漫$4",
        "分类url": "http://www.dadagui.me/vodshow/{cateId}-{area}-{by}--{lang}----{catePg}---{year}.html"
      }
    },
    {
      "key": "看看",
      "name": "看看┃BPQ",
      "type": 3,
      "jar": "./lib/2.txt;md5;fa797d3f25f35eb3fea9a369bc55620f",
      "playerType": "1",
      "changeable": 1,
      "api": "csp_XBPQ",
      "ext": {
        "主页url": "https://kankanju.cc",
        "请求头": "Referer$https://kankanju.cc/#Cookie$filter_robot_cs=301#User-Agent$Mozilla/5.0 (iPad; CPU OS 10_3_1 like Mac OS X) AppleWebKit/603.1.30 (KHTML, like Gecko) Version/10.0 Mobile/14E304 Safari/602.1",
        "副标题": "pic-text text-right\">&&</b>",
        "嗅探词": ".m3u8#.mp4#tos#video_mp4#v3-dy-o.zjcdn.com",
        "搜索模式": "1",
        "搜索url": "https://kankanju.cc/type/id-.html?wd={wd}",
        "影片类型": "<div class=\"module-info-tag\">&&立即播放",
        "导演": "导演：&&</div>",
        "主演": "主演：&&</div>",
        "简介": "introduction-content\">&&</span>",
        "线路数组": "data-toggle=&&</li>",
        "线路标题": "\"tab\">&&</a>[不包含:线路1#线路2#线路3#][替换:FY线路>>无广告有4K#KKJ线路>>无告1080P#LZ线路>>广告1#FF线路>>广告2#YZ线路>>广告3]",
        "分类": "电影$dianying#连续剧$dianshiju#综艺$zongyi#动漫$dongman#纪录片$jilupian",
        "分类url": "https://kankanju.cc/vodshow/area/{area}/id/{cateId}/page/{catePg}/year/{year}.html"
      }
    },
    {
      "key": "双黄",
      "name": "双黄┃BPQ",
      "type": 3,
      "jar": "./lib/2.txt;md5;fa797d3f25f35eb3fea9a369bc55620f",
      "api": "csp_XBPQ",
      "ext": {
        "嗅探词": "v3.toutiaovod.com#v3-dy-o.zjcdn#.m3u8#/tos/#.mp4",
        "请求头": "手机#Referer$https://www.dandanju.cc/",
        "分类url": "https://www.dandanju.cc/show/{cateId}--------{catePg}---2023.html",
        "分类": "电影$1#剧集$2#动漫$4#综艺$4",
        "数组": " <li class=\"col-md-6 col-sm-4 col-xs-3&&</li",
        "搜索模式": "1",
        "搜索url": "https://www.dandanju.cc/search/{wd}----------1---.html",
        "搜索数组": "<li class=\"active clearfix&&</li"
      }
    },
    {
      "key": "莱米",
      "name": "莱米┃BPQ",
      "type": 3,
      "changeable": 1,
      "jar": "./lib/2.txt;md5;fa797d3f25f35eb3fea9a369bc55620f",
      "api": "csp_XBPQ",
      "playerType": "2",
      "ext": {
        "站名": "来米影视",
        "嗅探词": ".mp4?#&dis_t#vkey=#.m3u8",
        "过滤词": "data.m3u8.in",
        "主页url": "https://www.mervod.com/",
        "副标题": "class=\"module-item-text\">&&</div",
        "导演": "导演：&&</div",
        "主演": "主演：&&</div",
        "简介": "<p>&&</p>",
        "搜索url": "https://www.mervod.com/vodsearch/-------------.html?wd={wd}",
        "搜索模式": "1",
        "搜索标题": "title=\"&&\"",
        "搜索链接": "href=\"&&\"",
        "请求头": "User-Agent$Mozilla/5.0 (iPhone; CPU iPhone OS 15_2 like Mac OS X) AppleWebKit/605.1.15 (KHTML, like Gecko) Version/14.0 Mobile/15E148 Safari/604.1#Referer$https://www.mervod.com/",
        "搜索链接前缀": "https://www.mervod.com//",
        "分类": "电影$1#电视剧$2#动漫$3#综艺$4",
        "分类url": "https://www.mervod.com//vodshow/{cateId}-{area}-------{catePg}---{year}.html;;u0"
      }
    },
    {
      "key": "热播库",
      "name": "热播┃BPQ",
      "type": 3,
      "changeable": 1,
      "jar": "./lib/2.txt;md5;fa797d3f25f35eb3fea9a369bc55620f",
      "api": "csp_XBPQ",
      "playerType": "1",
      "ext": {
        "主页url": "https://rebozj.pro",
        "数组": "class=\"stui-vodlist__thumb lazyload&&</a>",
        "图片": "data-original=\"&&\"",
        "标题": "title=\"&&\"",
        "链接": "href=\"&&\"",
        "副标题": "class=\"pic-text text-right\"><b>&&</span>",
        "搜索模式": "1",
        "嗅探词": ".m3u8#video_mp4#tos-#.mp4#cdn.123pan.cn#huoshanvod.com",
        "搜索url": "https://rebozj.pro/type/id-.html?wd={wd}",
        "线路数组": "<h4 class=\"title&&/h4>",
        "线路标题": ">&&<",
        "播放列表": "<a&&/a>",
        "播放标题": ">&&<",
        "影片类型": "类型：&&</p>",
        "导演": "导演：&&</p>",
        "主演": "主演：&&</p>",
        "简介": "display: none;\">&&</span>",
        "分类": "电视剧$2#电影$1#综艺$3#动漫$4",
        "分类url": "https://rebozj.pro/show/{cateId}--{area}------{catePg}---{year}.html;;a",
        "跳转播放链接": "urlDecode(vod_class*url\":\"&&\")"
      }
    },
    {
      "key": "ok",
      "name": "Free┃BPQ",
      "type": 3,
      "api": "csp_XBPQ",
      "playerType": "1",
      "jar": "./lib/2.txt;md5;fa797d3f25f35eb3fea9a369bc55620f",
      "ext": {
        "分类url": "https://www.freeok.vip/vodshow/{cateId}-{area}-{by}-{class}-----{catePg}---{year}.html;;m",
        "分类": "电影&剧集&动漫&综艺",
        "分类值": "1&2&3&4",
        "嗅探词": "m3u8#.m3u8#.mp4#mp4",
        "搜索二次截取": "type=\"application/json\">&&</script>",
        "搜索模式": "1",
        "搜索url": "https://search.ymck.me/index.php?q={wd}",
        "搜索数组": "<b>&&</b>[包含:Freeok]",
        "搜索副标题": "<a>&&</a>",
        "搜索标题": "class='movie_name'>&&</a>",
        "搜索链接": "href=\"&&\"",
        "搜索图片": "http://xhww.fun:63/小米/2.jpg",
        "导演": "导演：&&</div>",
        "主演": "主演：&&</div>",
        "简介": "<p>&&</p>"
      }
    },
    {
      "key": "爱迪",
      "name": "爱迪┃外剧",
      "type": 3,
      "api": "csp_AppYsV2",
      "searchable": 1,
      "quickSearch": 1,
      "filterable": 1,
      "ext": "https://api123.adys.app/xgapp.php/v3/"
    },
    {
      "key": "dr_兔小贝",
      "name": "儿童┃启蒙",
      "type": 3,
      "style": {
        "type": "rect",
        "ratio": 1.597
      },
      "api": "./lib/drpy1.min.js",
      "ext": "./lib/兔小贝.js",
      "searchable": 0,
      "quickSearch": 0,
      "changeable": 0
    },
    {
      "key": "秒看资源",
      "name": "秒看┃切片",
      "type": 1,
      "api": "https://www.xy1080.net/api.php/provide/vod/",
      "searchable": 1,
      "quickSearch": 1,
      "categories": [
        "综艺",
        "电视剧",
        "电影",
        "动漫"
      ]
    },
    {
      "key": "索尼资源",
      "name": "索尼┃资源",
      "type": 1,
      "api": "https://suoniapi.com/api.php/provide/vod/from/snm3u8/",
      "categories": [
        "动作片",
        "喜剧片",
        "爱情片",
        "科幻片",
        "恐怖片",
        "剧情片",
        "战争片",
        "国产剧",
        "欧美剧",
        "韩剧",
        "日剧",
        "港剧",
        "台剧",
        "泰剧",
        "海外剧",
        "纪录片",
        "大陆综艺",
        "日韩综艺",
        "港台综艺",
        "欧美综艺",
        "国产动漫",
        "日韩动漫",
        "欧美动漫",
        "动画片",
        "港台动漫",
        "海外动漫",
        "演唱会",
        "体育赛事",
        "篮球",
        "足球",
        "预告片",
        "斯诺克",
        "影视解说"
      ],
      "searchable": 1,
      "quickSearch": 1
    },
    {
      "key": "YiSo",
      "name": "易搜┃搜索",
      "type": 3,
      "api": "csp_YiSo",
      "searchable": 1,
      "quickSearch": 1,
      "filterable": 0,
      "changeable": 0,
      "ext": "https://gist.githubusercontent.com/yf20230412/a6d9e20965e7c5aa9daa12075d662772/raw/token+4k|fhd|auto"
    },
    {
      "key": "Zhaozy",
      "name": "🎉资源┃搜索",
      "type": 3,
      "api": "csp_Zhaozy",
      "searchable": 1,
      "quickSearch": 1,
      "filterable": 0,
      "changeable": 0,
      "ext": "https://gist.githubusercontent.com/yf20230412/a6d9e20965e7c5aa9daa12075d662772/raw/token+4k|fhd|auto$$$wudidewo$$$wudi"
    },
    {
      "key": "PanSou",
      "name": "盘搜┃搜索",
      "type": 3,
      "api": "csp_PanSou",
      "searchable": 1,
      "quickSearch": 1,
      "filterable": 0,
      "changeable": 0,
      "ext": "https://gist.githubusercontent.com/yf20230412/a6d9e20965e7c5aa9daa12075d662772/raw/token+4k|fhd|auto"
    },
    {
      "key": "UpYun",
      "name": "Up搜┃搜索",
      "type": 3,
      "api": "csp_UpYun",
      "searchable": 1,
      "quickSearch": 1,
      "filterable": 0,
      "changeable": 0,
      "ext": "https://gist.githubusercontent.com/yf20230412/a6d9e20965e7c5aa9daa12075d662772/raw/token+4k|fhd|auto"
    },
    {
      "key": "push_agent",
      "name": "数据源于互联网搜索仅供测试┃切勿相信接口广告┃公众号：神秘的哥哥们┃请于24小时内删除测试内容",
      "type": 3,
      "api": "csp_Push",
      "searchable": 1,
      "quickSearch": 1,
      "filterable": 1,
      "ext": "http://kudian.51qwtt.xyz/uploads/itvbox/tvbox/tok.txt"
    }
  ],
  "parses": [
    {
      "name": "聚合1",
      "type": 3,
      "url": "Demo"
    },
    {
      "name": "聚合0",
      "type": 3,
      "url": "Web"
    },
    {
      "name": "稻香🌾",
      "type": 1,
      "url": "http://42.157.128.109:2323/CH/app/tv.php?url=",
      "ext": {
        "flag": [
          "mgtv",
          "qiyi",
          "imgo",
          "爱奇艺",
          "奇艺",
          "qq",
          "腾讯",
          "youku",
          "优酷",
          "pptv",
          "PPTV",
          "letv",
          "乐视",
          "leshi",
          "bilibili",
          "哔哩哔哩",
          "哔哩",
          "mgtv",
          "芒果",
          "芒果"
        ],
        "header": {
          "User-Agent": "okhttp/3.12.0"
        }
      }
    },
    {
      "name": "左岸🌾",
      "type": 1,
      "url": "https://api.tyun77.cn/api.php/provide/parseDicturl?url=",
      "ext": {
        "flag": [
          "爱奇艺",
          "奇艺",
          "qq",
          "腾讯",
          "youku",
          "优酷",
          "pptv",
          "PPTV",
          "letv",
          "乐视",
          "leshi",
          "bilibili",
          "哔哩哔哩",
          "哔哩",
          "mgtv",
          "芒果",
          "芒果"
        ],
        "header": {
          "User-Agent": "okhttp/3.12.0"
        }
      }
    },
    {
      "name": "比u比u🥭",
      "type": 1,
      "url": "https://jxjson.cf/json.php?url=",
      "ext": {
        "flag": [
          "qq",
          "mgtv",
          "YuMi-vip"
        ]
      }
    }
  ],
  "doh": [
    {
      "name": "Google",
      "url": "https://dns.google/dns-query",
      "ips": [
        "8.8.4.4",
        "8.8.8.8"
      ]
    },
    {
      "name": "Cloudflare",
      "url": "https://cloudflare-dns.com/dns-query",
      "ips": [
        "1.1.1.1",
        "1.0.0.1",
        "2606:4700:4700::1111",
        "2606:4700:4700::1001"
      ]
    },
    {
      "name": "AdGuard",
      "url": "https://dns.adguard.com/dns-query",
      "ips": [
        "94.140.14.140",
        "94.140.14.141"
      ]
    },
    {
      "name": "DNSWatch",
      "url": "https://resolver2.dns.watch/dns-query",
      "ips": [
        "84.200.69.80",
        "84.200.70.40"
      ]
    },
    {
      "name": "Quad9",
      "url": "https://dns.quad9.net/dns-quer",
      "ips": [
        "9.9.9.9",
        "149.112.112.112"
      ]
    }
  ],
  "rules": [
    {
      "name": "lz",
      "hosts": [
        "vip.lz",
        "hd.lz",
        "v.cdnlz"
      ],
      "regex": [
        "#EXT-X-DISCONTINUITY\\r*\\n*#EXTINF:6.433333,[\\s\\S]*?#EXT-X-DISCONTINUITY",
        "#EXTINF.*?\\s+.*?1o.*?\\.ts\\s+"
      ]
    },
    {
      "name": "ff",
      "hosts": [
        "vip.ffzy",
        "hd.ffzy"
      ],
      "regex": [
        "#EXT-X-DISCONTINUITY\\r*\\n*#EXTINF:6.666667,[\\s\\S]*?#EXT-X-DISCONTINUITY",
        "#EXTINF.*?\\s+.*?1o.*?\\.ts\\s+"
      ]
    },
    {
      "name": "bf",
      "hosts": [
        "bfzy",
        "s5.bfzycdn"
      ],
      "regex": [
        "#EXT-X-DISCONTINUITY\\r*\\n*#EXTINF:3,[\\s\\S]*?#EXT-X-DISCONTINUITY"
      ]
    },
    {
      "name": "hs",
      "hosts": [
        "huoshan.com"
      ],
      "regex": [
        "item_id="
      ]
    },
    {
      "name": "dy",
      "hosts": [
        "douyin.com"
      ],
      "regex": [
        "is_play_url="
      ]
    },
    {
      "name": "cl",
      "hosts": [
        "magnet"
      ],
      "regex": [
        "最 新",
        "直 播",
        "更 新"
      ]
    }
  ],
  "lives": [
    {
      "name": "live2",
      "type": 0,
      "url": "./lib/live.txt",
      "ua": "okhttp/3.12.13",
      "epg": "http://epg.112114.xyz/?ch={name}&date={date}",
      "logo": "https://epg.112114.xyz/logo/{name}.png"
    }
  ],
  "flags": [
    "YuMi-vip",
    "优酷视频",
    "youku",
    "优酷",
    "优 酷",
    "优酷视频",
    "qq",
    "腾讯",
    "腾 讯",
    "腾讯视频",
    "iqiyi",
    "qiyi",
    "奇艺",
    "爱奇艺",
    "爱 奇 艺",
    "m1905",
    "xigua",
    "letv",
    "leshi",
    "乐视",
    "乐 视",
    "sohu",
    "搜狐",
    "搜 狐",
    "搜狐视频",
    "tudou",
    "pptv",
    "mgtv",
    "芒果",
    "imgo",
    "芒果TV",
    "芒 果 T V",
    "bilibili",
    "哔 哩",
    "哔 哩 哔 哩"
  ],
  "ads": [
    "wan.51img1.com",
    "iqiyi.hbuioo.com",
    "vip.ffzyad.com",
    "https://lf1-cdn-tos.bytegoofy.com/obj/tos-cn-i-dy/455ccf9e8ae744378118e4bd289288dd"
  ]
}