    {
 "主页url": "http://www.dadagui.me/",
				"副标题": "pic-text text-right\">&&</b>",
				"搜索模式": "1",
				"搜索url": "https://www.dadagui.me/vodsearch/{wd}-------------.html",
				"图片": "data-original=\"&&\"",
				"嗅探词": "huoshanvod.com#mp4#m3u8#.m3u8#.mp4#video_mp4#feiyunNB.mp4#.mp4#cdn.123pan.cn#huoshanvod.com#v.123pan.cn#auth_key#app-ali-cdn.fqfilm.com",
				"影片类型": "<div class=\"module-info-tag\">&&立即播放",
				"导演": "导演：&&</div>",
				"主演": "主演：&&</div>",
				"简介": "运输车提醒您请勿相信影片中的广告，以免上当受骗。+introduction-content\">&&</span>",
				"线路标题": "\"tab\">&&</a>",
				"线路数组": "[替换:非云>>高清无广告][排序:高清无广告][不包含:无尽云播]",
				"分类": "电影$1#连续剧$2#综艺$3#动漫$4",
				"跳转解析": "默认$空#高清无广告$https://www.dadagui.me/webcloud/?vid=#1080P无广$https://www.dadagui.me/webcloud/?vid=",
				"跳转播放链接": "解析+link_pre*url\":\"&&\"",
				"分类url": "http://www.dadagui.me/vodshow/{cateId}-{area}-{by}--{lang}----{catePg}---{year}.html"
    }