{
  "spider": "https://files.zohopublic.com.cn/public/workdrive-public/download/uyv0t678c488189af47bb91dc108484d17431",
  "wallpaper": "https://invalid.gq/IS8nrIwAOp7v1A",
  "sites": [
    
    {
      "key": "影图",
      "name": "影图采集(切）",
      "type": 1,
      "api": "https://cj.vodimg.top/api.php/provide/vod/",
      "searchable": 1,
      "quickSearch": 1
    },
    {
      "key": "天堂资源",
      "name": "天堂采集(切）",
      "type": 1,
      "api": "http://vipmv.cc/api.php/provide/vod/",
      "playUrl": "https://yun.ckmov.com/?url=",
      "searchable": 1,
      "quickSearch": 1,
      "categories": [
        "电影",
        "连续剧",
        "综艺",
        "动漫",
        "国产剧",
        "港台剧",
        "日韩剧",
        "欧美剧",
        "动作片",
        "喜剧片",
        "爱情片",
        "科幻片",
        "恐怖片",
        "剧情片",
        "战争片",
        "哔哩哔哩"
      ]
    },
    {
      "key": "秒看",
      "name": "秒看采集(切）",
      "type": 1,
      "api": "https://mkzy.vip/api.php/provide/vod",
      "playUrl": "https://player.3412.net.cn/?url=",
      "searchable": 1,
      "changeable": 1,
      "categories": [
        "电影",
        "电视剧",
        "综艺",
        "动漫"
      ]
    },
    {
      "key": "闪电资源",
      "name": "闪电采集(切）",
      "type": 1,
      "api": "http://sdzyapi.com/api.php/provide/vod/",
      "searchable": 1,
      "quickSearch": 1
    },
    {
      "key": "csp_xml_享看",
      "name": "享看采集(切）",
      "type": 1,
      "searchable": 1,
      "quickSearch": 1,
      "filterable": 1,
      "api": "https://xkanzy10.com/api.php/provide/vod"
    },    
    {
      "key": "快车资源",
      "name": "快车采集(切）",
      "type": 1,
      "api": "https://caiji.kczyapi.com/api.php/provide/vod/",
      "searchable": 1,
      "quickSearch": 1,
      "categories": [
        "国产剧",
        "战争片",
        "动作片",
        "香港剧"
      ]
    },
    {
      "key": "高清资源网",
      "name": "️高清采集(切）",
      "type": 1,
      "api": "https://api.1080zyku.com/inc/apijson.php",
      "playUrl": "https://vip.zykbf.com/?url=",
      "searchable": 1,
      "quickSearch": 1,
      "filterable": 1,
      "categories": [
        "动作片",
        "喜剧片",
        "爱情片",
        "科幻片",
        "恐怖片",
        "剧情片",
        "战争片",
        "记录片",
        "国产剧",
        "欧美剧",
        "日本剧",
        "泰国剧",
        "韩国剧",
        "台湾剧",
        "香港剧",
        "大陆综艺",
        "港台综艺",
        "日韩综艺",
        "欧美综艺",
        "国产动漫",
        "日韩动漫",
        "欧美动漫",
        "倫理片",
        "福利"
      ]
    },
    {
      "key": "飞速",
      "name": "️飞速采集(切）",
      "type": 1,
      "api": "https://www.feisuzyapi.com/api.php/provide/vod/",
      "playUrl": "https://yun.ckmov.com/?url=",
      "playUrl": "",
      "searchable": 1,
      "quickSearch": 1,
      "filterable": 1,
      "categories": [
        "动作片",
        "喜剧片",
        "爱情片",
        "科幻片",
        "恐怖片",
        "剧情片",
        "战争片",
        "记录片",
        "国产剧",
        "综艺"
      ]
    },
    {
      "key": "天空",
      "name": "️天空采集(切）",
      "type": 1,
      "api": "https://api.tiankongapi.com/api.php/provide/vod/",
      "playUrl": "https://yun.ckmov.com/?url=",
      "playUrl": "",
      "searchable": 1,
      "quickSearch": 1,
      "filterable": 1,
      "categories": [
        "动作片",
        "喜剧片",
        "爱情片",
        "科幻片",
        "恐怖片",
        "剧情片",
        "战争片",
        "记录片",
        "直播",
        "短片",
        "国产剧",
        "综艺",
        "影片库",
        "动漫"
      ]
    },
    {
      "key": "干饭",
      "name": "️干饭采集(切）",
      "type": 1,
      "api": "http://124.220.183.81:83/api.php/provide/vod/",
      "playUrl": "https://jx.bozrc.com:4433/player/?url=",
      "searchable": 1,
      "quickSearch": 1,
      "filterable": 1,
      "categories": [
        "电影",
        "剧集",
        "综艺",
        "动漫"
      ]
    },
    {
      "key": "FF9资源",
      "name": "FF9采集(切）",
      "type": 1,
      "api": "https://www.ff9.top/api.php/provide/vod/",
      "searchable": 1,
      "quickSearch": 1,
      "categories": [
        "国产剧",
        "战争片",
        "综艺",
        "动漫"
      ]
    },
    {
      "key": "新浪资源",
      "name": "新浪采集(切）",
      "type": 1,
      "api": "http://api.xinlangapi.com/xinlangapi.php/provide/vod/",
      "searchable": 1,
      "quickSearch": 1,
      "playUrl": "",
      "categories": [
        "大陆剧",
        "动作片",
        "动漫",
        "综艺"
      ]
    },
    {
      "key": "百度资源",
      "name": "百度采集(切）",
      "type": 1,
      "api": "https://api.apibdzy.com/api.php/provide/vod/",
      "searchable": 1,
      "quickSearch": 1,
      "categories": [
        "大陆剧",
        "战争片",
        "动作片",
        "喜剧片"
      ]
    },    
    {
      "key": "卧龙",
      "name": "️卧龙采集(切）",
      "type": 1,
      "api": "https://collect.wolongzyw.com/api.php/provide/vod/",
      "playUrl": "https://yun.ckmov.com/?url=",
      "searchable": 1,
      "quickSearch": 1,
      "filterable": 1,
      "categories": [
        "动作片",
        "喜剧片",
        "爱情片",
        "科幻片",
        "恐怖片",
        "剧情片",
        "战争片",
        "记录片",
        "电影解说",
        "足球",
        "篮球",
        "国产剧",
        "综艺",
        "影片库",
        "动漫"
      ]
    },
    {
      "key": "非凡",
      "name": "️非凡采集(切）",
      "type": 1,
      "api": "http://cj.ffzyapi.com/api.php/provide/vod/",
      "playUrl": "https://yun.ckmov.com/?url=",
      "searchable": 1,
      "quickSearch": 1,
      "filterable": 1,
      "categories": [
        "动作片",
        "喜剧片",
        "爱情片",
        "科幻片",
        "恐怖片",
        "剧情片",
        "战争片",
        "记录片",
        "直播",
        "短片",
        "国产剧",
        "综艺",
        "影片库",
        "动漫"
      ]
    },
    {
      "key": "量子",
      "name": "️量子采集(切）",
      "type": 1,
      "api": "https://cj.lziapi.com/api.php/provide/vod/",
      "playUrl": "https://yun.ckmov.com/?url=",
      "searchable": 1,
      "quickSearch": 1,
      "filterable": 1,
      "categories": [
        "动作片",
        "喜剧片",
        "爱情片",
        "科幻片",
        "恐怖片",
        "剧情片",
        "战争片",
        "记录片",
        "直播",
        "短片",
        "国产剧",
        "综艺",
        "影片库",
        "动漫"
      ]
    }
  ],
  "parses": [
    {
      "name": "解析聚合",
      "type": 3,
      "url": "Demo"
    },
    {
      "name": "Web聚合",
      "type": 3,
      "url": "Web"
    },
    {
      "name": "♻️虾米",
      "url": "http://pandown.pro/app/kkdy.php?url=",
      "showType": 1
    },
    {
      "name": "猫影视json",
      "type": 1,
      "url": "这里填写你购买的解析接口即可",
      "ext": {
        "flag": [
          "qq",
          "腾讯",
          "企鹅",
          "IQiYi",
          "qiyi",
          "爱奇艺",
          "奇艺",
          "youku",
          "YouKu",
          "优酷",
          "sohu",
          "SoHu",
          "搜狐",
          "letv",
          "LeShi",
          "乐视",
          "imgo",
          "mgtv",
          "MangGuo",
          "芒果",
          "SLYS4k",
          "BYGA",
          "luanzi",
          "AliS",
          "dxzy",
          "bilibili",
          "QEYSS",
          "xigua",
          "西瓜视频",
          "腾讯视频",
          "奇艺视频",
          "优酷视频",
          "芒果视频",
          "乐视视频"
        ]
      }
    },
    {
      "name": "ik",
      "type": 1,
      "url": "https://api.json.icu/api/?key=4034856a871a52121159b1e2b6a01c60&url="
    },
    {
      "name": "专线",
      "type": 1,
      "url": "https://api.json.icu/api/?key=5c22918440e3fa30cfd2da50264ff210&url=",
      "ext": {
        "header": {
          "User-Agent": "Mozilla/5.0(Linux; Android 11; Pixel 5) AppleWebKit/537.36 (KHTML, like Gecko) Chrome/90.0.4430.91 Mobile Safari/537.36"
        }
      }
    },
    {
      "name": "看看",
      "type": 0,
      "url": "https://jx.m3u8.pw/?url="
    },
    {
      "name": "虾米",
      "type": 0,
      "url": "https://jx.xmflv.com/?url="
    },
    {
      "name": "麒麟",
      "type": 0,
      "url": "https://www.cygqw.com/jiexi/jiekou-2/?url="
    },
    {
      "name": "777",
      "type": 0,
      "url": "https://jx.777jiexi.com/player/?url="
    },
    {
      "name": "布雷/芒",
      "type": 0,
      "url": "https://jx.jsonplayer.com/player/?url=",
      "ext": {
        "flag": [
          "qiyi",
          "iqiyi",
          "爱奇艺",
          "奇艺",
          "pptv",
          "PPTV",
          "letv",
          "乐视",
          "leshi",
          "bilibili",
          "哔哩哔哩",
          "哔哩",
          "mgtv",
          "芒果",
          "sohu",
          "搜狐",
          "xigua",
          "fun",
          "leshi",
          "风行"
        ],
        "header": {
          "User-Agent": "okhttp/4.1.0"
        }
      }
    },
    {
      "name": "芒高/奇异1",
      "type": 0,
      "url": "https://jx.bozrc.com:4433/player/?url=",
      "ext": {
        "flag": [
          "qiyi",
          "iqiyi",
          "爱奇艺",
          "奇艺",
          "pptv",
          "PPTV",
          "letv",
          "乐视",
          "leshi",
          "bilibili",
          "哔哩哔哩",
          "哔哩",
          "mgtv",
          "imgo",
          "芒果",
          "sohu",
          "搜狐",
          "xigua",
          "fun",
          "leshi",
          "风行"
        ],
        "header": {
          "User-Agent": "okhttp/4.1.0"
        }
      }
    },
    {
      "name": "芒高/奇异2",
      "type": 0,
      "url": "https://jx.zhanlangbu.com/?url=",
      "ext": {
        "flag": [
          "qiyi",
          "iqiyi",
          "爱奇艺",
          "奇艺",
          "pptv",
          "PPTV",
          "letv",
          "乐视",
          "leshi",
          "bilibili",
          "哔哩哔哩",
          "哔哩",
          "mgtv",
          "imgo",
          "芒果",
          "sohu",
          "搜狐",
          "xigua",
          "fun",
          "leshi",
          "风行"
        ],
        "header": {
          "User-Agent": "okhttp/4.1.0"
        }
      }
    },
    {
      "name": "星辰云解析",
      "type": 1,
      "url": "http://xn--wnup5g.xn--z7x900a.love:63/Art1/analysis.php?v=",
      "ext": {
        "flag": [
          "360",
          "qq",
          "腾讯",
          "企鹅",
          "IQiYi",
          "qiyi",
          "爱奇艺",
          "奇艺",
          "youku",
          "YouKu",
          "优酷",
          "sohu",
          "SoHu",
          "搜狐",
          "letv",
          "LeShi",
          "乐视",
          "imgo",
          "mgtv",
          "MangGuo",
          "芒果",
          "SLYS4k",
          "BYGA",
          "luanzi",
          "AliS",
          "dxzy",
          "bilibili",
          "QEYSS",
          "xigua",
          "西瓜视频",
          "腾讯视频",
          "奇艺视频",
          "优酷视频",
          "芒果视频",
          "乐视视频"
        ],
        "header": {
          "User-Agent": "okhttp/4.1.0"
        }
      }
    },
    {
      "name": "肥猫官解",
      "type": 1,
      "url": "http://xn--wnup5g.xn--z7x900a.love:63/Art1/analysis.php?v=",
      "ext": {
        "flag": [
          "360",
          "qq",
          "腾讯",
          "企鹅",
          "IQiYi",
          "qiyi",
          "爱奇艺",
          "奇艺",
          "youku",
          "YouKu",
          "优酷",
          "sohu",
          "SoHu",
          "搜狐",
          "letv",
          "LeShi",
          "乐视",
          "imgo",
          "mgtv",
          "MangGuo",
          "芒果",
          "SLYS4k",
          "BYGA",
          "luanzi",
          "AliS",
          "dxzy",
          "bilibili",
          "QEYSS",
          "xigua",
          "西瓜视频",
          "腾讯视频",
          "奇艺视频",
          "优酷视频",
          "芒果视频",
          "乐视视频"
        ],
        "header": {
          "User-Agent": "okhttp/4.1.0"
        }
      }
    },
    {
      "name": "巧技解析",
      "type": 1,
      "url": "http://jx.pandown.pro/home/api?type=ys&uid=2691632&key=bchmpqsDJMSTWX0568&url=",
      "ext": {
        "flag": [
          "360",
          "qq",
          "腾讯",
          "qiyi",
          "爱奇艺",
          "奇艺",
          "youku",
          "优酷",
          "sohu",
          "搜狐",
          "letv",
          "乐视",
          "mgtv",
          "芒果",
          "rx",
          "ltnb",
          "bilibili",
          "1905",
          "xigua"
        ],
        "header": {
          "User-Agent": "okhttp/4.1.0"
        }
      }
    },
    {
      "name": "小黄人",
      "type": 1,
      "url": "http://110.42.2.115:880/analysis/json/?uid=2056&my=efjkmvBGHILMSUWXY0&url=",
      "User-Agent": "Dart/2.18 (dart:io)",
      "ext": {
        "flag": [
          "qq",
          "腾讯",
          "qiyi",
          "爱奇艺",
          "奇艺",
          "youku",
          "优酷",
          "sohu",
          "搜狐",
          "letv",
          "乐视",
          "yk",
          "mgtv",
          "芒果",
          "CL4K",
          "renrenmi",
          "ltnb",
          "bilibili",
          "1905",
          "xigua"
        ]
      }
    },
    {
      "name": "猫影视",
      "type": 1,
      "url": "https://www.itvbox.cc/bhc.php?url=",
      "ext": {
        "flag": [
          "qq",
          "腾讯",
          "企鹅",
          "IQiYi",
          "qiyi",
          "爱奇艺",
          "奇艺",
          "youku",
          "YouKu",
          "优酷",
          "sohu",
          "SoHu",
          "搜狐",
          "letv",
          "LeShi",
          "乐视",
          "imgo",
          "mgtv",
          "MangGuo",
          "芒果",
          "SLYS4k",
          "BYGA",
          "luanzi",
          "AliS",
          "dxzy",
          "bilibili",
          "QEYSS",
          "xigua",
          "西瓜视频",
          "腾讯视频",
          "奇艺视频",
          "优酷视频",
          "芒果视频",
          "乐视视频"
        ]
      }
    },
    {
      "name": "纯净/B站",
      "url": "https://im1907.top/?jx=",
      "showType": 3
    },
    {
      "name": "综合1/B站",
      "url": "https://jx.bozrc.com:4433/player/?url=",
      "showType": 3
    },
    {
      "name": "综合2/B站",
      "url": "https://jx.jsonplayer.com/player/?url=",
      "showType": 3
    },
    {
      "name": "爱豆",
      "url": "https://jx.aidouer.net/?url=",
      "showType": 1
    },
    {
      "name": "虾米",
      "url": "https://jx.xmflv.com/?url=",
      "showType": 1
    },
    {
      "name": "OK解析",
      "url": "https://okjx.cc/?url=",
      "showType": 3
    },
    {
      "name": "诺讯",
      "url": "https://www.nxflv.com/?url=",
      "showType": 1
    },
    {
      "name": "夜幕",
      "url": "https://www.yemu.xyz/?url=",
      "showType": 3
    },
    {
      "name": "M3U8.TV",
      "url": "https://jx.m3u8.tv/jiexi/?url=",
      "showType": 3
    },
    {
      "name": "人人迷",
      "url": "https://jx.blbo.cc:4433/?url=",
      "showType": 3
    },
    {
      "name": "七哥",
      "url": "https://jx.nnxv.cn/tv.php?url=",
      "showType": 3
    },
    {
      "name": "冰豆",
      "url": "https://api.qianqi.net/vip/?url=",
      "showType": 3
    },
    {
      "name": "迪奥",
      "url": "https://123.1dior.cn/?url=",
      "showType": 1
    },
    {
      "name": "CK",
      "url": "https://www.ckplayer.vip/jiexi/?url=",
      "showType": 1
    },
    {
      "name": "ckmov",
      "url": "https://www.ckmov.vip/api.php?url=",
      "showType": 1
    },
    {
      "name": "playerjy/B站",
      "url": "https://jx.playerjy.com/?url=",
      "showType": 3
    },
    {
      "name": "ccyjjd",
      "url": "https://ckmov.ccyjjd.com/ckmov/?url=",
      "showType": 1
    },
    {
      "name": "诺诺",
      "url": "https://www.ckmov.com/?url=",
      "showType": 1
    },
    {
      "name": "H8",
      "url": "https://www.h8jx.com/jiexi.php?url=",
      "showType": 1
    },
    {
      "name": "BL",
      "url": "https://vip.bljiex.com/?v=",
      "showType": 1
    },
    {
      "name": "解析la",
      "url": "https://api.jiexi.la/?url=",
      "showType": 1
    },
    {
      "name": "MUTv",
      "url": "https://jiexi.janan.net/jiexi/?url=",
      "showType": 1
    },
    {
      "name": "MAO",
      "url": "https://www.mtosz.com/m3u8.php?url=",
      "showType": 1
    },
    {
      "name": "盘古",
      "url": "https://www.pangujiexi.cc/jiexi.php?url=",
      "showType": 1
    },
    {
      "name": "0523",
      "url": "https://go.yh0523.cn/y.cy?url=",
      "showType": 1
    },
    {
      "name": "17云",
      "url": "https://www.1717yun.com/jx/ty.php?url=",
      "showType": 1
    },
    {
      "name": "4K",
      "url": "https://jx.4kdv.com/?url=",
      "showType": 1
    },
    {
      "name": "8090",
      "url": "https://www.8090g.cn/?url=",
      "showType": 1
    },
    {
      "name": "180",
      "url": "https://jx.000180.top/jx/?url=",
      "showType": 1
    },
    {
      "name": "无名",
      "url": "https://www.administratorw.com/video.php?url=",
      "showType": 1
    },
    {
      "name": "HG",
      "url": "https://hong.hgyx.vip/addons/dp/player/index.php?url=",
      "mobile": 0
    },
    {
      "name": "百域",
      "url": "https://jx.618g.com/?url=",
      "mobile": 0
    },
    {
      "name": "CHok",
      "url": "https://www.gai4.com/?url=",
      "mobile": 1
    },
    {
      "name": "老板",
      "url": "https://vip.laobandq.com/jiexi.php?url=",
      "mobile": 0
    },
    {
      "name": "PM",
      "url": "https://www.playm3u8.cn/jiexi.php?url=",
      "mobile": 0
    },
    {
      "name": "RDHK",
      "url": "https://jx.rdhk.net/?v=",
      "mobile": 1
    },
    {
      "name": "思云",
      "url": "https://jx.ap2p.cn/?url=",
      "mobile": 0
    },
    {
      "name": "思古3",
      "url": "https://jsap.attakids.com/?url=",
      "mobile": 1
    },
    {
      "name": "听乐",
      "url": "https://jx.dj6u.com/?url=",
      "mobile": 1
    },
    {
      "name": "维多",
      "url": "https://jx.ivito.cn/?url=",
      "mobile": 0
    },
    {
      "name": "云端",
      "url": "https://sb.5gseo.net/?url=",
      "mobile": 0
    },
    {
      "name": "云析",
      "url": "https://jx.yparse.com/index.php?url=",
      "mobile": 0
    },
    {
      "name": "探探2",
      "type": 1,
      "url": "https://jy.we-vip.com/?url="
    },
    {
      "name": "探探3",
      "type": 1,
      "url": "http://jiexi44.qmbo.cn/jiexi/?url="
    },
    {
      "name": "bf",
      "type": 1,
      "url": "https://bf.cpvps.cn/?url="
    },
    {
      "name": "TVB",
      "type": 1,
      "url": "https://jxm.qcheng.cc/?url=",
      "header": {
        "User-Agent": "Mozilla/5.0"
      }
    },
    {
      "name": "tg255免费",
      "type": 1,
      "url": "https://jx.255jx.tk/api/?key=YYac1YA1lkwwf3an4G&url="
    },
    {
      "name": "万年魂环解析",
      "type": 1,
      "url": "https://jiexi.parses.repl.co/api.php?url="
    },
    {
      "name": "TVB云播",
      "type": 1,
      "url": "https://jxm.qwrev534.top/?url="
    },
    {
      "name": "弹幕1",
      "type": 1,
      "url": "https://danmu666.8old.cn/vip/?url="
    },
    {
      "name": "懒懒",
      "type": 1,
      "url": "http://lanlan.ckflv.cn/?url=",
      "ext": {
        "flag": [
          "360",
          "qiyi",
          "qq",
          "letv",
          "sohu",
          "youku",
          "mgtv",
          "bilibili",
          "wasu",
          "xigua",
          "1905"
        ]
      }
    },
    {
      "name": "rx2",
      "type": 1,
      "url": "http://rxjx.kuanjv.com/allm3u8.php?url="
    },
    {
      "name": "智能",
      "type": 1,
      "url": "https://json.freejx.in/?url=",
      "ext": {
        "header": {
          "User-Agent": "okhttp/4.1.0"
        },
        "flag": [
          "qq",
          "腾讯",
          "qiyi",
          "爱奇艺",
          "奇艺",
          "youku",
          "优酷",
          "mgtv",
          "芒果",
          "letv",
          "乐视",
          "pptv",
          "PPTV",
          "sohu",
          "bilibili",
          "哔哩哔哩",
          "哔哩"
        ]
      }
    },
    {
      "name": "小小",
      "type": 1,
      "url": "https://good.itiantai.cn/?url=",
      "ext": {
        "header": {
          "User-Agent": "Mozilla/5.0 (iPhone; CPU iPhone OS 15_2 like Mac OS X) AppleWebKit/605.1.15 (KHTML, like Gecko) Version/14.0 Mobile/15E148 Safari/604.1"
        }
      }
    },
    {
      "name": "255解析",
      "type": 1,
      "url": "http://47.108.39.237:55/api/?key=JBM14sRtNxvvF0yqiB&url=",
      "ext": {
        "flag": [
          "360",
          "qq",
          "腾讯",
          "qiyi",
          "iqiyi",
          "爱奇艺",
          "奇艺",
          "youku",
          "优酷",
          "mgtv",
          "芒果",
          "letv",
          "乐视",
          "pptv",
          "PPTV",
          "sohu",
          "bilibili",
          "哔哩哔哩",
          "哔哩"
        ]
      }
    },
    {
      "name": "VIP",
      "type": 1,
      "url": "https://vip.redmg.cn/?url="
    },
    {
      "name": "主线",
      "type": 1,
      "url": "https://play.fuqizhishi.com/jx2/API.php?appkey=iiiixiaobai&url=",
      "ext": {
        "flag": [
          "360",
          "qiyi",
          "imgo",
          "爱奇艺",
          "奇艺",
          "qq",
          "腾讯",
          "youku",
          "优酷",
          "pptv",
          "PPTV",
          "letv",
          "乐视",
          "leshi",
          "bilibili",
          "哔哩哔哩",
          "哔哩",
          "mgtv",
          "芒果",
          "sohu",
          "xigua",
          "fun",
          "风行"
        ],
        "header": {
          "User-Agent": "Mozilla/5.0"
        }
      }
    },
    {
      "name": "VIP线",
      "type": 1,
      "url": "http://jx.vipmv.co/json.php?token=123457&url="
    },
    {
      "name": "恩哥",
      "type": 1,
      "url": "http://newjiexi.gotka.top/keyu3.php?url=",
      "ext": {
        "flag": [
          "360",
          "qq",
          "腾讯",
          "qiyi",
          "爱奇艺",
          "奇艺",
          "youku",
          "优酷",
          "mgtv",
          "芒果",
          "letv",
          "乐视",
          "pptv",
          "PPTV",
          "sohu",
          "bilibili",
          "哔哩哔哩",
          "哔哩"
        ],
        "header": {
          "User-Agent": "okhttp/4.1.0"
        }
      }
    },
    {
      "name": "bt5v1",
      "type": 1,
      "url": "https://rx.bt5v.com/json/jsonindex.php/?url="
    },
    {
      "name": "Bt5v2",
      "type": 1,
      "url": "proxy://do=jx&name=bt5v&url=",
      "ext": {
        "flag": [
          "360",
          "qq",
          "腾讯",
          "qiyi",
          "爱奇艺",
          "奇艺",
          "youku",
          "优酷",
          "mgtv",
          "芒果",
          "letv",
          "乐视",
          "pptv",
          "PPTV",
          "sohu",
          "bilibili",
          "哔哩哔哩",
          "哔哩"
        ],
        "header": {
          "User-Agent": ""
        }
      }
    },
    {
      "name": "白嫖",
      "type": 1,
      "url": "https://jx.gduan.com/player/?url="
    },
    {
      "name": "PlayMv",
      "type": 1,
      "url": "proxy://do=jx&name=playmv&url=",
      "ext": {
        "flag": [
          "360",
          "qq",
          "腾讯",
          "qiyi",
          "爱奇艺",
          "奇艺",
          "youku",
          "优酷",
          "mgtv",
          "芒果",
          "letv",
          "leshi",
          "LS",
          "pptv",
          "PPTV",
          "sohu",
          "bilibili",
          "哔哩哔哩",
          "哔哩"
        ],
        "header": {
          "User-Agent": ""
        }
      }
    },
    {
      "name": "全能解析",
      "type": 1,
      "url": "https://293.6ys6.top/alypjx.php?url="
    },
    {
      "name": "浩云",
      "type": 1,
      "url": "http://json.lihaoyun.top/dd1/gpjson.php?url="
    },
    {
      "name": "Fosi万能优秀",
      "type": 0,
      "url": "https://jx.legendwhb.cn/llq/?url=",
      "ext": {
        "flag": [
          "qq",
          "qiyi",
          "mgtv",
          "imgo",
          "youku",
          "letv",
          "sohu",
          "xigua",
          "1905"
        ],
        "header": {
          "User-Agent": "Mozilla/5.0"
        }
      }
    },
    {
      "name": "U M 全能优秀",
      "type": 0,
      "url": "https://b.umkan.cc/?url=",
      "ext": {
        "flag": [
          "qiyi",
          "iqiyi",
          "爱奇艺",
          "奇艺",
          "qq",
          "腾讯",
          "youku",
          "优酷",
          "pptv",
          "PPTV",
          "letv",
          "乐视",
          "leshi",
          "bilibili",
          "哔哩哔哩",
          "哔哩",
          "mgtv",
          "芒果",
          "sohu",
          "搜狐",
          "xigua",
          "fun",
          "leshi",
          "风行"
        ]
      }
    },
    {
      "name": "100全能速度将就",
      "type": 0,
      "url": "https://byg.ziqj5.shop/?url=",
      "ext": {
        "flag": [
          "qiyi",
          "iqiyi",
          "爱奇艺",
          "奇艺",
          "qq",
          "腾讯",
          "youku",
          "优酷",
          "pptv",
          "PPTV",
          "letv",
          "乐视",
          "leshi",
          "bilibili",
          "哔哩哔哩",
          "哔哩",
          "mgtv",
          "芒果",
          "sohu",
          "搜狐",
          "xigua",
          "fun",
          "leshi",
          "风行"
        ]
      }
    },
    {
      "name": "4k全能解芒慢",
      "type": 0,
      "url": "https://jx.4kdv.com/?url=",
      "ext": {
        "flag": [
          "qiyi",
          "iqiyi",
          "爱奇艺",
          "奇艺",
          "qq",
          "腾讯",
          "youku",
          "优酷",
          "pptv",
          "PPTV",
          "letv",
          "乐视",
          "leshi",
          "bilibili",
          "哔哩哔哩",
          "哔哩",
          "mgtv",
          "芒果",
          "sohu",
          "搜狐",
          "xigua",
          "fun",
          "leshi",
          "风行"
        ]
      }
    },
    {
      "name": "不解芒果",
      "type": 0,
      "url": "https://jxdp.codermart.net/?url=",
      "ext": {
        "flag": [
          "qiyi",
          "iqiyi",
          "爱奇艺",
          "奇艺",
          "qq",
          "腾讯",
          "youku",
          "优酷",
          "pptv",
          "PPTV",
          "letv",
          "乐视",
          "leshi",
          "bilibili",
          "哔哩哔哩",
          "哔哩",
          "sohu",
          "搜狐",
          "xigua",
          "fun",
          "leshi",
          "风行"
        ]
      }
    },
    {
      "name": "喵影视 奇异/芒",
      "type": 0,
      "url": "http://www.miaoys.cc/vip/?url=",
      "ext": {
        "flag": [
          "qiyi",
          "iqiyi",
          "爱奇艺",
          "奇艺",
          "pptv",
          "PPTV",
          "letv",
          "乐视",
          "leshi",
          "bilibili",
          "哔哩哔哩",
          "哔哩",
          "mgtv",
          "芒果",
          "sohu",
          "搜狐",
          "xigua",
          "fun",
          "leshi",
          "风行"
        ]
      }
    },
    {
      "name": "虾米 腾讯/奇异",
      "type": 0,
      "url": "https://jx.xmflv.com/?url=",
      "ext": {
        "flag": [
          "qiyi",
          "iqiyi",
          "爱奇艺",
          "奇艺",
          "qq",
          "腾讯",
          "pptv",
          "PPTV",
          "letv",
          "乐视",
          "leshi",
          "bilibili",
          "哔哩哔哩",
          "哔哩",
          "mgtv",
          "芒果",
          "sohu",
          "搜狐",
          "xigua",
          "fun",
          "leshi",
          "风行"
        ]
      }
    },
    {
      "name": "b09 腾讯/优酷",
      "type": 0,
      "url": "https://jx.b09.net/player/?url=",
      "ext": {
        "flag": [
          "qq",
          "腾讯",
          "youku",
          "优酷",
          "pptv",
          "PPTV",
          "letv",
          "乐视",
          "leshi",
          "bilibili",
          "哔哩哔哩",
          "哔哩",
          "mgtv",
          "芒果",
          "sohu",
          "搜狐",
          "xigua",
          "fun",
          "leshi",
          "风行"
        ]
      }
    },
    {
      "name": "布雷/芒",
      "type": 0,
      "url": "https://jx.jsonplayer.com/player/?url=",
      "ext": {
        "flag": [
          "qiyi",
          "iqiyi",
          "爱奇艺",
          "奇艺",
          "pptv",
          "PPTV",
          "letv",
          "乐视",
          "leshi",
          "bilibili",
          "哔哩哔哩",
          "哔哩",
          "mgtv",
          "芒果",
          "sohu",
          "搜狐",
          "xigua",
          "fun",
          "leshi",
          "风行"
        ]
      }
    },
    {
      "name": "芒高/奇异中",
      "type": 0,
      "url": "https://jx.bozrc.com:4433/player/?url=",
      "ext": {
        "flag": [
          "qiyi",
          "iqiyi",
          "爱奇艺",
          "奇艺",
          "pptv",
          "PPTV",
          "letv",
          "乐视",
          "leshi",
          "bilibili",
          "哔哩哔哩",
          "哔哩",
          "mgtv",
          "imgo",
          "芒果",
          "sohu",
          "搜狐",
          "xigua",
          "fun",
          "leshi",
          "风行"
        ]
      }
    },
    {
      "name": "37 芒高/奇异中",
      "type": 0,
      "url": "https://jx.777jiexi.com/player/?url=",
      "ext": {
        "flag": [
          "qiyi",
          "iqiyi",
          "爱奇艺",
          "奇艺",
          "pptv",
          "PPTV",
          "letv",
          "乐视",
          "leshi",
          "bilibili",
          "哔哩哔哩",
          "哔哩",
          "mgtv",
          "芒果",
          "sohu",
          "搜狐",
          "xigua",
          "fun",
          "leshi",
          "风行"
        ]
      }
    },
    {
      "name": "夜幕 芒高/奇异中",
      "type": 0,
      "url": "https://www.yemu.xyz/?url=",
      "ext": {
        "flag": [
          "qiyi",
          "iqiyi",
          "爱奇艺",
          "奇艺",
          "pptv",
          "PPTV",
          "letv",
          "乐视",
          "leshi",
          "bilibili",
          "哔哩哔哩",
          "哔哩",
          "mgtv",
          "芒果",
          "sohu",
          "搜狐",
          "xigua",
          "fun",
          "leshi",
          "风行"
        ]
      }
    },
    {
      "name": "2090芒果",
      "type": 0,
      "url": "https:m2090.com/?url=",
      "ext": {
        "flag": [
          "imgo",
          "mgtv",
          "芒果"
        ]
      }
    },
    {
      "name": "热铁盒芒果",
      "type": 0,
      "url": "https://txcgb.rth1.one/777/?url=",
      "ext": {
        "flag": [
          "imgo",
          "mgtv",
          "芒果"
        ]
      }
    },
    {
      "name": "速云芒果",
      "type": 0,
      "url": "http://w.h100.top/jxhx/jx/?url=",
      "ext": {
        "flag": [
          "imgo",
          "mgtv",
          "芒果"
        ]
      }
    },
    {
      "name": "云-解啥都慢",
      "type": 0,
      "url": "https:jx.yparse.com/index.php?url="
    },
    {
      "name": "art",
      "type": 0,
      "url": "https://player.ccmoe.cc/art.php?danmu=true&p2p=true&url=",
      "header": {
        "User-Agent": "Mozilla/5.0"
      }
    },
    {
      "name": "UM",
      "type": 0,
      "url": "https://b.umkan.cc/?url="
    },
    {
      "name": "芒果",
      "type": 0,
      "url": "https://jx.b09.net/player/?url=",
      "ext": {
        "flag": [
          "imgo",
          "mgtv",
          "芒果"
        ]
      }
    },
    {
      "name": "猪蹄",
      "type": 0,
      "url": "https://yun.iztyy.com//jx/?url="
    },
    {
      "name": "邦宁",
      "type": 0,
      "url": "https://video.isyour.love/player/getplayer?url="
    },
    {
      "name": "Fosi",
      "type": 0,
      "url": "https://jx.legendwhb.cn/llq/?url=",
      "ext": {
        "flag": [
          "360",
          "qq",
          "qiyi",
          "mgtv",
          "youku",
          "letv",
          "sohu",
          "xigua",
          "1905"
        ],
        "header": {
          "User-Agent": "Mozilla/5.0"
        }
      }
    },
    {
      "name": "麦豆",
      "type": 0,
      "url": "https://jxdp.codermart.net/?url="
    },
    {
      "name": "风起兖州",
      "type": 0,
      "url": "http://jx.gbxy.net.cn/?url="
    },
    {
      "name": "弹幕2",
      "type": 0,
      "url": "https://www.codjx.com/?url="
    },
    {
      "name": "3Q",
      "type": 0,
      "url": "https://jx.qqqjx.com/?url=",
      "ext": {
        "flag": [
          "360",
          "qq",
          "腾讯",
          "qiyi",
          "爱奇艺",
          "奇艺",
          "youku",
          "优酷",
          "mgtv",
          "芒果",
          "letv",
          "乐视",
          "pptv",
          "PPTV",
          "sohu",
          "bilibili",
          "哔哩哔哩",
          "哔哩"
        ],
        "header": {
          "User-Agent": "Mozilla/5.0"
        }
      }
    },
    {
      "name": "战狼",
      "type": 0,
      "url": "https://jx.zhanlangbu.com/?url=",
      "ext": {
        "header": {
          "User-Agent": "okhttp/4.1.0"
        },
        "flag": [
          "qq",
          "腾讯",
          "qiyi",
          "爱奇艺",
          "奇艺",
          "youku",
          "优酷",
          "mgtv",
          "芒果",
          "letv",
          "leshi",
          "LS",
          "乐视",
          "pptv",
          "PPTV",
          "sohu",
          "bilibili",
          "哔哩哔哩",
          "哔哩"
        ]
      }
    },
    {
      "name": "布雷",
      "type": 0,
      "url": "http://home.jundie.top:666/unBom.php?m3u8=",
      "header": {
        "User-Agent": "Mozilla/5.0"
      }
    },
    {
      "name": "布雷",
      "type": 0,
      "url": "https://bf.bulei.cc/player/?url=",
      "ext": {
        "flag": [
          "360",
          "qq",
          "腾讯"
        ]
      }
    },
    {
      "name": "365",
      "type": 0,
      "url": "https://chaxun.truechat365.com/?url=",
      "ext": {
        "flag": [
          "360",
          "qq",
          "腾讯",
          "qiyi",
          "iqiyi",
          "爱奇艺",
          "奇艺",
          "youku",
          "优酷",
          "mgtv",
          "芒果",
          "letv",
          "乐视",
          "pptv",
          "PPTV",
          "sohu",
          "bilibili",
          "哔哩哔哩",
          "哔哩"
        ]
      }
    },
    {
      "name": "8old",
      "type": 0,
      "url": "https://www.m3u8.tv.cdn.8old.cn/jx.php?url=",
      "ext": {
        "flag": [
          "360",
          "qq",
          "腾讯",
          "qiyi",
          "iqiyi",
          "爱奇艺",
          "奇艺",
          "youku",
          "优酷",
          "mgtv",
          "芒果",
          "letv",
          "乐视",
          "pptv",
          "PPTV",
          "sohu",
          "bilibili",
          "哔哩哔哩",
          "哔哩"
        ]
      }
    }
  ],
  "flags": [
    "youku",
    "qq",
    "QQ",
    "iqiyi",
    "qiyi",
    "letv",
    "sohu",
    "tudou",
    "pptv",
    "PPTV",
    "mgtv",
    "ltnb",
    "rx",
    "SLYS4k",
    "BYGA",
    "BYGB",
    "luanzi",
    "dxzy",
    "QEYSS",
    "aliyun",
    "AliS",
    "122",
    "chuangying",
    "CL4K",
    "xfyun",
    "wuduzy",
    "wasu",
    "bilibili",
    "renrenmi",
    "xmm",
    "xigua",
    "m1905 ",
    "funshion ",
    "优酷",
    "芒果",
    "腾讯",
    "爱奇艺",
    "奇艺",
    "哔哩哔哩",
    "哔哩",
    "西瓜视频",
    "腾讯视频",
    "奇艺视频",
    "优酷视频",
    "芒果视频",
    "乐视视频"
  ],
  "ijk": [
    {
      "group": "软解码",
      "options": [
        {
          "category": 4,
          "name": "opensles",
          "value": "0"
        },
        {
          "category": 4,
          "name": "overlay-format",
          "value": "842225234"
        },
        {
          "category": 4,
          "name": "framedrop",
          "value": "1"
        },
        {
          "category": 4,
          "name": "soundtouch",
          "value": "1"
        },
        {
          "category": 4,
          "name": "start-on-prepared",
          "value": "1"
        },
        {
          "category": 1,
          "name": "http-detect-range-support",
          "value": "0"
        },
        {
          "category": 1,
          "name": "fflags",
          "value": "fastseek"
        },
        {
          "category": 2,
          "name": "skip_loop_filter",
          "value": "48"
        },
        {
          "category": 4,
          "name": "reconnect",
          "value": "1"
        },
        {
          "category": 4,
          "name": "enable-accurate-seek",
          "value": "0"
        },
        {
          "category": 4,
          "name": "mediacodec",
          "value": "0"
        },
        {
          "category": 4,
          "name": "mediacodec-auto-rotate",
          "value": "0"
        },
        {
          "category": 4,
          "name": "mediacodec-handle-resolution-change",
          "value": "0"
        },
        {
          "category": 4,
          "name": "mediacodec-hevc",
          "value": "0"
        },
        {
          "category": 1,
          "name": "dns_cache_timeout",
          "value": "600000000"
        }
      ]
    },
    {
      "group": "硬解码",
      "options": [
        {
          "category": 4,
          "name": "opensles",
          "value": "0"
        },
        {
          "category": 4,
          "name": "overlay-format",
          "value": "842225234"
        },
        {
          "category": 4,
          "name": "framedrop",
          "value": "1"
        },
        {
          "category": 4,
          "name": "soundtouch",
          "value": "1"
        },
        {
          "category": 4,
          "name": "start-on-prepared",
          "value": "1"
        },
        {
          "category": 1,
          "name": "http-detect-range-support",
          "value": "0"
        },
        {
          "category": 1,
          "name": "fflags",
          "value": "fastseek"
        },
        {
          "category": 2,
          "name": "skip_loop_filter",
          "value": "48"
        },
        {
          "category": 4,
          "name": "reconnect",
          "value": "1"
        },
        {
          "category": 4,
          "name": "enable-accurate-seek",
          "value": "0"
        },
        {
          "category": 4,
          "name": "mediacodec",
          "value": "1"
        },
        {
          "category": 4,
          "name": "mediacodec-auto-rotate",
          "value": "1"
        },
        {
          "category": 4,
          "name": "mediacodec-handle-resolution-change",
          "value": "1"
        },
        {
          "category": 4,
          "name": "mediacodec-hevc",
          "value": "1"
        },
        {
          "category": 1,
          "name": "dns_cache_timeout",
          "value": "600000000"
        }
      ]
    }
  ],
  "ads": [
    "https://lf1-cdn-tos.bytegoofy.com/obj/tos-cn-i-dy/455ccf9e8ae744378118e4bd289288dd",
    "mimg.0c1q0l.cn",
    "www.googletagmanager.com",
    "www.google-analytics.com",
    "mc.usihnbcq.cn",
    "mg.g1mm3d.cn",
    "mscs.svaeuzh.cn",
    "cnzz.hhttm.top",
    "tp.vinuxhome.com",
    "cnzz.mmstat.com",
    "www.baihuillq.com",
    "s23.cnzz.com",
    "z3.cnzz.com",
    "c.cnzz.com",
    "stj.v1vo.top",
    "z12.cnzz.com",
    "img.mosflower.cn",
    "tips.gamevvip.com",
    "ehwe.yhdtns.com",
    "xdn.cqqc3.com",
    "www.jixunkyy.cn",
    "sp.chemacid.cn",
    "hm.baidu.com",
    "s9.cnzz.com",
    "z6.cnzz.com",
    "um.cavuc.com",
    "mav.mavuz.com",
    "wofwk.aoidf3.com",
    "z5.cnzz.com",
    "xc.hubeijieshikj.cn",
    "tj.tianwenhu.com",
    "xg.gars57.cn",
    "k.jinxiuzhilv.com",
    "cdn.bootcss.com",
    "ppl.xunzhuo123.com",
    "xomk.jiangjunmh.top",
    "img.xunzhuo123.com",
    "z1.cnzz.com",
    "s13.cnzz.com",
    "xg.huataisangao.cn",
    "z7.cnzz.com",
    "xg.huataisangao.cn",
    "z2.cnzz.com",
    "s96.cnzz.com",
    "q11.cnzz.com",
    "thy.dacedsfa.cn",
    "xg.whsbpw.cn",
    "s19.cnzz.com",
    "z8.cnzz.com",
    "s4.cnzz.com",
    "f5w.as12df.top",
    "ae01.alicdn.com",
    "www.92424.cn",
    "k.wudejia.com",
    "vivovip.mmszxc.top",
    "qiu.xixiqiu.com",
    "cdnjs.hnfenxun.com",
    "cms.qdwght.com"
  ]
}