{
    "wallpaper": "https://picsum.photos/1280/720/?blur=2",
    "spider": "./custom_spider.jar",
    "lives": [
        {
          "name": "直播",
          "type": 0,
          "playerType": 1,
          "url": "https://agit.ai/Yoursmile7/TVBox/raw/branch/master/live.txt",
          "epg": "https://epg.112114.xyz/?ch={name}&date={date}",     
          "logo": "https://epg.112114.xyz/logo/{name}.png"
        },
        {
            "group": "redirect",
            "channels": [
                {
                    "name": "live",
                    "epg": "https://epg.112114.xyz/?ch={name}&date={date}",
                    "urls": ["proxy://do=live&type=txt&ext=http://home.jundie.top:81/ray/tvlive.txt"]
                }
            ]
        }
    ],
    "sites": [
        {"key":"csp_LocalFile","name":"💻本地视频","type":3,"api":"csp_LocalFile",
		"searchable":0,"quickSearch":0,"filterable":0,"type_flag":0},        
        {"key":"360_spider","name":"🐞360影视","type":3,"api":"csp_SP360","filterable":1,"quickSearch":1,"searchable":1},
        {"key":"csp_Kuaikan","name":"💡快看影视","type":3,"api":"csp_Kuaikan","searchable":1,"quickSearch":1,"filterable":1},
        {"key":"csp_Czsapp","name":"🐞厂长资源","type":3,"api":"csp_Czsapp","playerType":2,"searchable":1,"quickSearch":1,"filterable":1,"ext":"https://czzy.fun"},
        {"key":"csp_Bdys","name":"🐞哔嘀影视","type":3,"api":"csp_Bdys","searchable":1,"quickSearch":1,"filterable":1},
        {"key":"csp_Ddys","name":"🐞低端影视","type":3,"api":"csp_Ddys","searchable":1,"quickSearch":1,"filterable":1},
        {"key":"csp_Kunyu77","name":"🐞77影视","type":3,"api":"csp_Kunyu77","searchable":1,"quickSearch":1,"filterable":1},
        {"key":"csp_appys_g","name":"DM影视","type":3,"api":"csp_AppYsV2","searchable":0,"quickSearch":0,"filterable":1,"ext":"http://vod.dmdh.top:5680/api.php/app/"},        
        {"key": "csp_XYQHiker_量子影视","name":"量子影视(HM2)","type":3,"api":"csp_XYQHiker","searchable":1,"quickSearch":1,"filterable":1,"ext":"./XYQHiker/量子影视.json"},
        {"key": "csp_XYQHiker_非凡影视","name":"非凡影视(HM2)","type":3,"api":"csp_XYQHiker","searchable":1,"quickSearch":1,"filterable":1,"ext":"./XYQHiker/非凡影视.json"},
        {"key": "csp_XYQHiker_红领巾影院","name":"红领巾影院(HM2)","type":3,"api":"csp_XYQHiker","searchable":1,"quickSearch":1,"filterable":1,"ext":"./XYQHiker/红领巾影院.json"},
        {"key": "csp_XYQHiker_小猫咪","name":"小猫咪(XYQH)","type":3,"api":"csp_XYQHiker","searchable":1,"quickSearch":1,"filterable":1,"ext":"./XYQHiker/小猫咪.json"},
        {"key": "csp_XYQHiker_55影视","name":"55影视(XYQH)","type":3,"api":"csp_XYQHiker","searchable":1,"quickSearch":1,"filterable":1,"ext":"./XYQHiker/55影视.json"},
        
        {"key": "csp_XYQHiker_一龙高清影视","name":"一龙高清影视(XYQH)","type":3,"api":"csp_XYQHiker","searchable":1,"quickSearch":1,"filterable":1,"ext":"./XYQHiker/一龙高清影视.json"},
        {"key": "csp_XYQHiker_极客影院","name":"极客影院(XYQH)","type":3,"api":"csp_XYQHiker","searchable":1,"quickSearch":1,"filterable":1,"ext":"./XYQHiker/极客影院.json"},
        {"key": "csp_XYQHiker_臭蛋蛋影视","name":"臭蛋蛋影视(HM2)","type":3,"api":"csp_XYQHiker","searchable":1,"quickSearch":1,"filterable":1,"ext":"./XYQHiker/臭蛋蛋影视.json"},
        {"key": "csp_XYQHiker_UM影院","name":"UM影院(HM2)","type":3,"api":"csp_XYQHiker","searchable":1,"quickSearch":1,"filterable":1,"ext":"./XYQHiker/UM影院.json"},
        {"key": "csp_XYQHiker_农民影视","name":"🧑🏻‍农民影视(HM2)","type":3,"api":"csp_XYQHiker","searchable":1,"quickSearch":1,"filterable":1,"ext":"./XYQHiker/农民影视.json"},
        {"key": "csp_XYQHiker_奇趣影视","name":"奇趣影视(HM2)","type":3,"api":"csp_XYQHiker","searchable":1,"quickSearch":1,"filterable":1,"ext":"./XYQHiker/奇趣影视.json"},
        {"key": "csp_XYQHiker_乐鱼影视","name":"乐鱼影视(XYQH)","type":3,"api":"csp_XYQHiker","searchable":1,"quickSearch":1,"filterable":1,"ext":"./XYQHiker/乐鱼影视.json"},
        {"key": "csp_XYQHiker_歪片星球","name":"歪片星球(XYQH)","type":3,"api":"csp_XYQHiker","searchable":1,"quickSearch":1,"filterable":1,"ext":"./XYQHiker/歪片星球.json"},
        {"key": "csp_XYQHiker_双十电影","name":"双十电影(HM2)","type":3,"api":"csp_XYQHiker","searchable":1,"quickSearch":1,"filterable":1,"ext":"./XYQHiker/双十电影.json"},
        {"key": "csp_XYQHiker_348电影网","name":"348电影网(HM2)","type":3,"api":"csp_XYQHiker","searchable":1,"quickSearch":1,"filterable":1,"ext":"./XYQHiker/348电影网.json"},
        {"key": "csp_XYQHiker_98影院","name":"98影院(XYQH)","type":3,"api":"csp_XYQHiker","searchable":1,"quickSearch":1,"filterable":1,"ext":"./XYQHiker/98影院.json"},
        {"key": "csp_XYQHiker_七新影视","name":"七新影视(XYQH)","type":3,"api":"csp_XYQHiker","searchable":1,"quickSearch":1,"filterable":1,"ext":"./XYQHiker/七新影视.json"},
        {"key": "csp_XYQHiker_深蓝影视","name":"深蓝影视(HM2)","type":3,"api":"csp_XYQHiker","searchable":1,"quickSearch":1,"filterable":1,"ext":"./XYQHiker/深蓝影视.json"},
        {"key": "csp_XYQHiker_达达龟","name":"达达龟(XYQH)","type":3,"api":"csp_XYQHiker","searchable":1,"quickSearch":1,"filterable":1,"ext":"./XYQHiker/达达龟.json"},
        {"key": "csp_XYQHiker_兄弟影视","name":"兄弟影视(XYQH)","type":3,"api":"csp_XYQHiker","searchable":1,"quickSearch":1,"filterable":1,"ext":"./XYQHiker/兄弟影视.json"},
        {"key": "csp_XYQHikerAL_4KHDR","name":"🧲📀4KHDR(盘/磁)","type":3,"api":"csp_XYQHikerAL","playerType":1,"searchable":0,"quickSearch":0,"filterable":1,"ext":"./XYQHiker/4KHDR.json"},
        {"key": "csp_XYQHiker_电影港","name":"🧲电影港(XYQH)","type":3,"api":"csp_XYQHiker","searchable":1,"quickSearch":1,"filterable":1,"ext":"./XYQHiker/电影港磁力.json"},
        {"key": "csp_XYQHiker_饭团影视","name": "🍘饭团影视(XYQH)","type": 3,"api": "csp_XYQHiker","searchable": 1,"quickSearch": 1,"filterable": 1,"ext": "./XYQHiker/饭团影视.json"},
        {"key": "csp_XYQHiker_干饭影视","name": "干饭影视(HM2)","type": 3,"api": "csp_XYQHiker","searchable": 1,"quickSearch": 1,"filterable": 1,"ext": "./XYQHiker/干饭影视.json"},
        {"key": "csp_XYQHiker_看看电影","name":"看看电影(HM2)","type":3,"api":"csp_XYQHiker","playerType":2,"searchable":1,"quickSearch":1,"filterable":1,"ext":"./XYQHiker/看看电影.json"},
        {"key": "csp_XYQHiker_看一看影视","name":"看一看影视(XYQH)","type":3,"api":"csp_XYQHiker","searchable":1,"quickSearch":1,"filterable":1,"ext":"./XYQHiker/看一看影视.json"},
        {"key": "csp_XYQHiker_秋霞电影","name":"秋霞电影(HM1)","type":3,"api":"csp_XYQHiker","searchable":1,"quickSearch":1,"filterable":1,"ext":"./XYQHiker/秋霞电影.json"},
        {"key": "csp_XYQHiker_秋霞电影网","name":"🦞秋霞电影网(HM2)","type":3,"api":"csp_XYQHiker","searchable":1,"quickSearch":1,"filterable":1,"ext":"./XYQHiker/秋霞电影网.json"},
        {"key": "csp_XYQHiker_乐猪影视","name": "🐷乐猪影视(XYQH)","type": 3,"api": "csp_XYQHiker","searchable": 1,"quickSearch": 1,"filterable": 1,"ext": "./XYQHiker/乐猪TV.json"},
        {"key": "csp_XYQHiker_在线之家","name":"在线之家(HM1)","type":3,"api":"csp_XYQHiker","searchable":1,"quickSearch":1,"filterable":1,"ext":"./XYQHiker/在线之家.json"},
        {"key": "csp_XYQHiker_HDmoli","name":"HDmoli(XYQH)","type":3,"api":"csp_XYQHiker","searchable":1,"quickSearch":1,"filterable":1,"ext":"./XYQHiker/HDmoli.json"},
        {"key": "csp_XYQHiker_voflixHD","name":"voflixHD(XYQH)","type":3,"api":"csp_XYQHiker","searchable":1,"quickSearch":1,"filterable":1,"ext":"./XYQHiker/voflix HD.json"},
        {"key": "csp_XYQHiker_奈飞中文","name":"奈飞中文(HM2)","type":3,"api":"csp_XYQHiker","searchable":1,"quickSearch":1,"filterable":1,"ext":"./XYQHiker/奈飞中文.json"},
        {"key": "csp_XYQHiker_鸭奈飞影视","name":"🦆鸭奈飞影视(HM2)","type":3,"api":"csp_XYQHiker","searchable":1,"quickSearch":1,"filterable":1,"ext":"./XYQHiker/鸭奈飞影视.json"},
        {"key": "csp_XYQHiker_蓝光影院","name": "蓝光影院(HM2)","type": 3,"api": "csp_XYQHiker","searchable": 1,"quickSearch": 1,"filterable": 1,"ext": "./XYQHiker/蓝光影院.json"},
        {"key": "csp_XYQHiker_影视工场","name":"影视工场(XYQH)","type":3,"api":"csp_XYQHiker","searchable":1,"quickSearch":1,"filterable":1,"ext":"./XYQHiker/影视工场.json"},
        {"key": "csp_XYQHiker_影渣渣影视","name":"影渣渣影视✈️(HM2)","type":3,"api":"csp_XYQHiker","searchable":1,"quickSearch":1,"filterable":1,"ext":"./XYQHiker/影渣渣影视.json"},
        {"key": "csp_XYQHiker_电影牛影院","name":"电影牛影院(XYQH)","type":3,"api":"csp_XYQHiker","searchable":1,"quickSearch":1,"filterable":1,"ext":"./XYQHiker/电影牛影院.json"},
        {"key": "csp_XYQHiker_电影盒子","name":"🎞电影盒子(XYQH)","type":3,"api":"csp_XYQHiker","playerType":2,"searchable":1,"quickSearch":1,"filterable":1,"ext":"./XYQHiker/电影盒子.json"},
        {"key": "csp_XYQHiker_耐看点播","name":"耐看点播(XYQH)","type":3,"api":"csp_XYQHiker","searchable":1,"quickSearch":1,"filterable":1,"ext":"./XYQHiker/耐看点播.json"},
        {"key": "csp_XYQHiker_速搜影院","name":"速搜影院(XYQH)","type":3,"api":"csp_XYQHiker","searchable":1,"quickSearch":1,"filterable":1,"ext":"./XYQHiker/速搜影院.json"},
        {"key": "csp_XYQHiker_天空影视","name":"天空影视(XYQH)","type":3,"api":"csp_XYQHiker","searchable":1,"quickSearch":1,"filterable":1,"ext":"./XYQHiker/天空影视.json"},
        {"key": "csp_XYQHiker_星空影视","name":"星空影视(XYQH)","type":3,"api":"csp_XYQHiker","searchable":1,"quickSearch":1,"filterable":1,"ext":"./XYQHiker/星空影视.json"},
        {"key": "csp_XYQHiker_疯狗影视","name":"🐶疯狗影视(XYQH)","type":3,"api":"csp_XYQHiker","searchable":1,"quickSearch":1,"filterable":1,"ext":"./XYQHiker/疯狗影视.json"},
        {"key": "csp_XYQHiker_我不卡影院","name": "我不卡影院(HM1)","type": 3,"api": "csp_XYQHiker","searchable": 1,"quickSearch": 1,"filterable": 1,"ext": "./XYQHiker/我不卡影院.json"},
        {"key": "csp_XYQHiker_爱看影院","name":"爱看影院(XYQH)","type":3,"api":"csp_XYQHiker","searchable":1,"quickSearch":1,"filterable":1,"ext":"./XYQHiker/爱看影院.json"},
        {"key": "csp_XYQHiker_爱看影视","name":"爱看影视(真不卡)","type":3,"api":"csp_XYQHiker","searchable":1,"quickSearch":1,"filterable":1,"ext":"./XYQHiker/爱看影视.json"},
        {"key": "csp_XYQHiker_GimyTV劇迷","name": "GimyTV劇迷✈️(XYQH)","type": 3,"api": "csp_XYQHiker","searchable": 1,"quickSearch": 1,"filterable": 1,"ext": "./XYQHiker/GimyTV劇迷.json"},        
        {"key": "csp_XYQHiker_子子影视","name":"子子影视(XYQH)","type":3,"api":"csp_XYQHiker","searchable":1,"quickSearch":1,"filterable":1,"ext":"./XYQHiker/子子影视.json"},
        {"key": "csp_XYQHiker_素白白影视","name":"🥬素白白影视(XYQH)","type":3,"api":"csp_XYQHiker","playerType":2,"searchable":1,"quickSearch":1,"filterable":1,"ext":"./XYQHiker/素白白影视.json"},
        {"key": "csp_XYQHiker_厂长影视","name":"厂长影视(XYQH)","type":3,"api":"csp_XYQHiker","playerType":2,"searchable":1,"quickSearch":1,"filterable":1,"ext":"./XYQHiker/厂长影视.json"},
        {"key": "csp_XYQHiker_COKEMV影院","name":"COKEMV影院(XYQH)","type":3,"api":"csp_XYQHiker","playerType":2,"searchable":1,"quickSearch":1,"filterable":1,"ext":"./XYQHiker/COKEMV影院.json"},
        {"key": "csp_XYQHiker_人人影视PRO","name":"人人影视PRO(XYQH)","type":3,"api":"csp_XYQHiker","searchable":1,"quickSearch":1,"filterable":1,"ext":"./XYQHiker/人人影视PRO.json"},
        {"key": "csp_XYQHiker_MayiTube","name":"MayiTube(XYQH)","type":3,"api":"csp_XYQHiker","searchable":1,"quickSearch":1,"filterable":1,"ext":"./XYQHiker/MayiTube.json"},
        

        {"key": "csp_XYQHiker_l0l影院","name":"l0l影院(HM2)","type":3,"api":"csp_XYQHiker","searchable":1,"quickSearch":1,"filterable":1,"ext":"./XYQHiker/l0l影院.json"},
        {"key": "csp_XYQHiker_F7好看剧","name":"F7好看剧(XYQH)","type":3,"api":"csp_XYQHiker","searchable":1,"quickSearch":1,"filterable":1,"ext":"./XYQHiker/F7好看剧.json"},
        {"key": "csp_XYQHiker_锐行加速影院","name":"锐行加速影院(HM2)","type":3,"api":"csp_XYQHiker","searchable":1,"quickSearch":1,"filterable":1,"ext":"./XYQHiker/锐行加速影院.json"},   
      
        {"key": "csp_XYQBiu_骚火电影网","name": "骚火电影网(XYQ)","type": 3,"api": "csp_XYQBiu","searchable": 1,"quickSearch": 1,"filterable": 1,"ext": "./XYQBiu/骚火电影网.json"},
        {"key": "csp_XYQBiu_骚火电影VIP","name": "骚火电影VIP✈️(XYQ)","type": 3,"api": "csp_XYQBiu","searchable": 1,"quickSearch": 1,"filterable": 1,"ext": "./XYQBiu/骚火电影VIP.json"},
        {"key": "csp_XYQBiu_1985电影网","name": "1985电影网(XYQ)","type": 3,"api": "csp_XYQBiu","searchable": 1,"quickSearch": 1,"filterable": 1,"ext": "./XYQBiu/1985电影网.json"},
        {"key": "csp_XYQBiu_大师兄影视","name": "🐒大师兄影视(XYQ)","type": 3,"api": "csp_XYQBiu","searchable": 1,"quickSearch": 1,"filterable": 1,"ext": "./XYQBiu/大师兄影视.json"},
        {"key": "csp_XYQBiu_七小时影院","name": "七小时影院(XYQ)","type": 3,"api": "csp_XYQBiu","searchable": 1,"quickSearch": 1,"filterable": 1,"ext": "./XYQBiu/七小时影院.json"},
        {"key": "csp_XYQBiu_花猫TV","name": "🐱花猫TV(XYQ)","type": 3,"api": "csp_XYQBiu","searchable": 1,"quickSearch": 1,"filterable": 1,"ext": "./XYQBiu/花猫TV.json"},
        {"key": "csp_XYQBiu_TVB云播","name": "TVB云播(XYQ)","type": 3,"api": "csp_XYQBiu","searchable": 1,"quickSearch": 1,"filterable": 1,"ext": "./XYQBiu/TVB云播.json"},
        {"key": "csp_XYQBiu_Libvio","name": "Libvio(XYQ)","type": 3,"api": "csp_XYQBiu","searchable": 1,"quickSearch": 1,"filterable": 1,"ext": "./XYQBiu/libvio.json"}    ],
    "parses": [
        {"name":"Web聚合","type":3,"url":"Web"},
        {"name":"-虾米-","type":0,"url":"https://jx.xmflv.com/?url="},
        {"name":"-盘古-","type":0,"url":"https://www.pangujiexi.cc/jiexi.php?url=","ext":{"flag":["qq","腾讯","qiyi","爱奇艺","奇艺","youku","优酷","mgtv","芒果","letv","乐视","pptv","PPTV","sohu","bilibili","哔哩哔哩","哔哩"]}},
        {"name":"飞云_4K_布蕾解析","type":1,"url":"http://htp.behds.cn/json/2022111126462/fy4k.php?url="},
        {"name":"-BBKDJ-","type":0,"url":"https://jx.yparse.com/index.php?url="},
        {"name":"-777-","type":0,"url":"https://jx.777jiexi.com/player/?url="},
        {"name":"-咸鱼-","type":0,"url":"https://jx.xyflv.com/?url="},
        {"name":"-全看-","type":0,"url":"https://jx.quankan.app/?url="}
        
    ],
    "flags": [
        "youku",
        "qq",
        "iqiyi",
        "qiyi",
        "letv",
        "sohu",
        "tudou",
        "pptv",
        "mgtv",
        "wasu",
        "bilibili",
        "renrenmi"
    ],
    "rules":[
        {
        "host":"www.iesdouyin.com",
        "rule":["playwm/?video_id="]
        },
        {
        "host":"v.douyin.com",
        "rule":["playwm/?video_id="]
        }
    ],
    "ijk": [
        {
            "group": "软解码",
            "options": [
                {
                    "category": 4,
                    "name": "opensles",
                    "value": "0"
                },
                {
                    "category": 4,
                    "name": "overlay-format",
                    "value": "842225234"
                },
                {
                    "category": 4,
                    "name": "framedrop",
                    "value": "1"
                },
                {
                    "category": 4,
                    "name": "soundtouch",
                    "value": "1"
                },
                {
                    "category": 4,
                    "name": "start-on-prepared",
                    "value": "1"
                },
                {
                    "category": 1,
                    "name": "http-detect-range-support",
                    "value": "0"
                },
                {
                    "category": 1,
                    "name": "fflags",
                    "value": "fastseek"
                },
                {
                    "category": 2,
                    "name": "skip_loop_filter",
                    "value": "48"
                },
                {
                    "category": 4,
                    "name": "reconnect",
                    "value": "1"
                },
                {
                    "category": 4,
                    "name": "enable-accurate-seek",
                    "value": "0"
                },
                {
                    "category": 4,
                    "name": "mediacodec",
                    "value": "0"
                },
                {
                    "category": 4,
                    "name": "mediacodec-auto-rotate",
                    "value": "0"
                },
                {
                    "category": 4,
                    "name": "mediacodec-handle-resolution-change",
                    "value": "0"
                },
                {
                    "category": 4,
                    "name": "mediacodec-hevc",
                    "value": "0"
                },
                {
                    "category": 1,
                    "name": "dns_cache_timeout",
                    "value": "600000000"
                }
            ]
        },
        {
            "group": "硬解码",
            "options": [
                {
                    "category": 4,
                    "name": "opensles",
                    "value": "0"
                },
                {
                    "category": 4,
                    "name": "overlay-format",
                    "value": "842225234"
                },
                {
                    "category": 4,
                    "name": "framedrop",
                    "value": "1"
                },
                {
                    "category": 4,
                    "name": "soundtouch",
                    "value": "1"
                },
                {
                    "category": 4,
                    "name": "start-on-prepared",
                    "value": "1"
                },
                {
                    "category": 1,
                    "name": "http-detect-range-support",
                    "value": "0"
                },
                {
                    "category": 1,
                    "name": "fflags",
                    "value": "fastseek"
                },
                {
                    "category": 2,
                    "name": "skip_loop_filter",
                    "value": "48"
                },
                {
                    "category": 4,
                    "name": "reconnect",
                    "value": "1"
                },
                {
                    "category": 4,
                    "name": "enable-accurate-seek",
                    "value": "0"
                },
                {
                    "category": 4,
                    "name": "mediacodec",
                    "value": "1"
                },
                {
                    "category": 4,
                    "name": "mediacodec-auto-rotate",
                    "value": "1"
                },
                {
                    "category": 4,
                    "name": "mediacodec-handle-resolution-change",
                    "value": "1"
                },
                {
                    "category": 4,
                    "name": "mediacodec-hevc",
                    "value": "1"
                },
                {
                    "category": 1,
                    "name": "dns_cache_timeout",
                    "value": "600000000"
                }
            ]
        }
    ],
    "ads": [
        "mimg.0c1q0l.cn",
        "www.googletagmanager.com",
        "www.google-analytics.com",
        "mc.usihnbcq.cn",
        "mg.g1mm3d.cn",
        "mscs.svaeuzh.cn",
        "cnzz.hhttm.top",
        "tp.vinuxhome.com",
        "cnzz.mmstat.com",
        "www.baihuillq.com",
        "s23.cnzz.com",
        "z3.cnzz.com",
        "c.cnzz.com",
        "stj.v1vo.top",
        "z12.cnzz.com",
        "img.mosflower.cn",
        "tips.gamevvip.com",
        "ehwe.yhdtns.com",
        "xdn.cqqc3.com",
        "www.jixunkyy.cn",
        "sp.chemacid.cn",
        "hm.baidu.com",
        "s9.cnzz.com",
        "z6.cnzz.com",
        "um.cavuc.com",
        "mav.mavuz.com",
        "wofwk.aoidf3.com",
        "z5.cnzz.com",
        "xc.hubeijieshikj.cn",
        "tj.tianwenhu.com",
        "xg.gars57.cn",
        "k.jinxiuzhilv.com",
        "cdn.bootcss.com",
        "ppl.xunzhuo123.com",
        "xomk.jiangjunmh.top",
        "img.xunzhuo123.com",
        "z1.cnzz.com",
        "s13.cnzz.com",
        "xg.huataisangao.cn",
        "z7.cnzz.com",
        "xg.huataisangao.cn",
        "z2.cnzz.com",
        "s96.cnzz.com",
        "q11.cnzz.com",
        "thy.dacedsfa.cn",
        "xg.whsbpw.cn",
        "s19.cnzz.com",
        "z8.cnzz.com",
        "s4.cnzz.com",
        "f5w.as12df.top",
        "ae01.alicdn.com",
        "www.92424.cn",
        "k.wudejia.com",
        "vivovip.mmszxc.top",
        "qiu.xixiqiu.com",
        "cdnjs.hnfenxun.com",
        "cms.qdwght.com",
        "api.htpan.net"
    ]
}