{
"主页url": "https://kankanju.cc",
"请求头": "Cookie$filter_robot_dd=301",
"副标题": "pic-text text-right\">&&</b>",
"嗅探词": ".m3u8#.mp4#tos#video_mp4",
"搜索模式": "1",
"搜索url": "https://kankanju.cc/type/id-.html?wd={wd}",
"影片类型": "<div class=\"module-info-tag\">&&立即播放",
"导演": "导演：&&</div>",
"主演": "主演：&&</div>",
"简介": "introduction-content\">&&</span>",
"线路数组": "data-toggle=&&</li>[不包含:BS#ZJ#PQ#KS#FF#LZ#YZ][排序:夜猫自营>夜猫蓝光>线路1>线路2>线路3][替换:KKJ线路>>夜猫自营#FY线路>>夜猫蓝光#TX>>夜猫高清]",
"跳转播放链接": "https://kankanju.cc/jx/play.php?url=+link_pre*url\":\"&&\"",
"线路标题": "\"tab\">&&</a>",
"分类": "电影$dianying#连续剧$dianshiju#综艺$zongyi#动漫$dongman#纪录片$jilupian",
"分类url": "https://kankanju.cc/vodshow/area/{area}/id/{cateId}/page/{catePg}/year/{year}.html;;m"
}