    {
    
    "作者":"荷城茶秀",
    
    "站名":"天天影视",
    
    "主页url":"https://s.ttys360.com/",
    
    "简介":"荷城茶秀提醒您请勿相信影片中的广告，以免上当受骗。+module-info-introduction-content\">&&</p>",
    
    "导演":"导演：&&</div>",
    
    "主演":"主演：&&</div>",
    
    "影片状态":"集数：&&</div>",
    
    "影片类型":"module-info-tag\">&&立即播放",
    
    "数组":"<a&&</div></div></a>",
    
    "标题":"title=\"&&\"",
    
    "副标题":"note\">&&</div>",
    
    "图片":"data-original=\"&&\"",
    
    "链接":"href=\"&&\"",
    
    "搜索模式":"0",
    
    "搜索后缀":"/vod/detail/id/",
    
    "线路数组":"data-dropdown-value=&&</div>[不包含:红牛#无尽#飞速]",
    
    "线路标题":"<span>&&</small>[替换:</span><small>>>🌸共]+集🌸",
    
    "播放数组":"<div class=\"module-play-list-content&&</div>",
    
    "播放标题":"<span>&&</span>",
    
    "播放列表":"<a&&</a>",
    
    "分类url":"https://s.ttys360.com/index.php/vod/show/area/{area}/by/{by}/class/{class}/id/{cateId}/lang/{lang}/page/{catePg}/year/{year}.html;;ak",
    
    "分类":"电影$1#电视剧$2#综艺$3#动漫$4#纪录片$5",
    
    "类型":"1--动作片$6#喜剧片$7#爱情片$8#科幻片$9#恐怖片$10#战争片$11#剧情片$12#动画片$20#歌舞片$21#历史片$22#谍战片$23||2--国产剧$13#香港剧$14#欧美剧$15#日本剧$16#海外剧$24#台湾剧$25#韩国剧$26#泰国剧$27#灾难片$28#奇幻片$29#冒险片$30#犯罪片$31#惊悚片$32#传记片$33#悬疑片$34",
    
    "剧情":"1--喜剧&爱情&恐怖&动作&科幻&剧情&战争&警匪&犯罪&动画&奇幻&武侠&冒险&枪战&恐怖&悬疑&惊悚&经典&青春&文艺&微电影&古装&历史&运动&农村&儿童&网络电影||2--古装&战争&青春偶像&喜剧&家庭&犯罪&动作&奇幻&剧情&历史&经典&乡村&情景&商战&网剧&其他||3--选秀&情感&访谈&播报&旅游&音乐&美食&纪实&曲艺&生活&游戏&互动&财经&求职||4--情感&科幻&热血&推理&搞笑&冒险&萝莉&校园&动作&机战%运动&战争&少年&少女&社会&原创&亲子&益智&励志&其他",
    
    "地区":"1--大陆&香港&台湾&美国&法国&英国&日本&韩国&德国&泰国&印度&意大利&西班牙&加拿大||2--内地&韩国&香港&台湾&日本&美国&泰国&英国&新加坡&其他||3--内地&港台&日韩&欧美||4--国产&日本&欧美&其他",
    
    "年份":"2010-2023",
    
    "排序":"时间$time#人气$hits#评分$score"}
    
    