    {
    
    "作者":"荷城茶秀",
    
    "站名":"小狗影院",
    
    "主页url":"https://pupvod.com/",
    
    "简介":"荷城茶秀提醒您请勿相信影片中的广告，以免上当受骗。+none;\"&&</span>",
    
    "导演":"导演：&&</p>",
    
    "主演":"主演：&&</p>",
    
    "影片状态":"更新：&&</p>",
    
    "影片类型":"分类：&&</a>",
    
    "影片地区":"地区：&&</a>",
    
    "影片年代":"年份：&&</a>",
    
    "数组":"myui-vodlist__thumb&&</a>",
    
    "标题":"title=\"&&\"",
    
    "副标题":"pic-text text-right\">&&</span>",
    
    "图片":"data-original=\"&&\"",
    
    "链接":"href=\"&&\"",
    
    "搜索url":"/pupsearch/ppppppppppppp.html?wd={wd}",
    
    "搜索数组":"myui-vodlist__thumb&&</a>",
    
    "搜索标题":"title=\"&&\"",
    
    "搜索副标题":"text-right\">&&</span>",
    
    "搜索图片":"data-original=\"&&\"",
    
    "搜索链接":"href=\"&&\"",
    
    "线路数组":"data-toggle=&&</li>[不包含:无尽#新浪资源]",
    
    "线路标题":"🌸+>&&</a>+🌸",
    
    "播放数组":"<ul class=\"myui-content&&</ul>",
    
    "播放标题":">&&<",
    
    "播放列表":"<a&&/a>",
    
    "分类url":"https://pupvod.com/pupshow/{cateId}p{area}p{by}p{class}p{lang}pppp{catePg}ppp{year}.html;;ak",
    
    "分类":"动漫$Anime#电影$movie#电视剧$TVshow#综艺$Variety#体育赛事$tiyu",
    
    "筛选":{
    "movie":[
    {"key":"class","name":"剧情","value":[
    {"n":"全部剧情","v":""},
    {"n":"喜剧","v":"喜剧"},
    {"n":"爱情","v":"爱情"},
    {"n":"恐怖","v":"恐怖"},
    {"n":"动作","v":"动作"},
    {"n":"科幻","v":"科幻"},
    {"n":"剧情","v":"剧情"},
    {"n":"战争","v":"战争"},
    {"n":"警匪","v":"警匪"},
    {"n":"犯罪","v":"犯罪"},
    {"n":"动画","v":"动画"},
    {"n":"奇幻","v":"奇幻"},
    {"n":"武侠","v":"武侠"},
    {"n":"冒险","v":"冒险"},
    {"n":"枪战","v":"枪战"},
    {"n":"恐怖","v":"恐怖"},
    {"n":"悬疑","v":"悬疑"},
    {"n":"惊悚","v":"惊悚"},
    {"n":"经典","v":"经典"},
    {"n":"青春","v":"青春"},
    {"n":"文艺","v":"文艺"},
    {"n":"微电影","v":"微电影"},
    {"n":"古装","v":"古装"},
    {"n":"历史","v":"历史"},
    {"n":"运动","v":"运动"},
    {"n":"农村","v":"农村"},
    {"n":"儿童","v":"儿童"},
    {"n":"网络电影","v":"网络电影"},
    {"n":"伦理","v":"伦理"},
    {"n":"纪录片","v":"纪录片"},
    {"n":"体育赛事","v":"体育赛事"},
    {"n":"电影解说","v":"电影解说"}
    ]
    },
    {"key":"area","name":"地区","value":[
    {"n":"全部地区","v":""},
    {"n":"大陆","v":"大陆"},
    {"n":"香港","v":"香港"},
    {"n":"台湾","v":"台湾"},
    {"n":"美国","v":"美国"},
    {"n":"法国","v":"法国"},
    {"n":"英国","v":"英国"},
    {"n":"日本","v":"日本"},
    {"n":"韩国","v":"韩国"},
    {"n":"德国","v":"德国"},
    {"n":"泰国","v":"泰国"},
    {"n":"印度","v":"印度"},
    {"n":"意大利","v":"意大利"},
    {"n":"西班牙","v":"西班牙"},
    {"n":"加拿大","v":"加拿大"},
    {"n":"其他","v":"其他"}
    ]
    },
    {"key":"year","name":"时间","value":[
    {"n":"全部时间","v":""},
    {"n":"2023","v":"2023"},
    {"n":"2022","v":"2022"},
    {"n":"2021","v":"2021"},
    {"n":"2020","v":"2020"},
    {"n":"2019","v":"2019"},
    {"n":"2018","v":"2018"},
    {"n":"2017","v":"2017"},
    {"n":"2016","v":"2016"},
    {"n":"2015","v":"2015"},
    {"n":"2014","v":"2014"},
    {"n":"2013","v":"2013"},
    {"n":"2012","v":"2012"},
    {"n":"2011","v":"2011"},
    {"n":"2010","v":"2010"},
    {"n":"2009","v":"2009"},
    {"n":"2008","v":"2008"},
    {"n":"2007","v":"2007"},
    {"n":"2006","v":"2006"},
    {"n":"2005","v":"2005"},
    {"n":"2004","v":"2004"},
    {"n":"2003","v":"2003"},
    {"n":"2002","v":"2002"},
    {"n":"2001","v":"2001"},
    {"n":"2000","v":"2000"}
    ]
    },
    {"key":"lang","name":"语言","value":[
    {"n":"全部语言","v":""},
    {"n":"国语","v":"国语"},
    {"n":"英语","v":"英语"},
    {"n":"粤语","v":"粤语"},
    {"n":"闽南语","v":"闽南语"},
    {"n":"韩语","v":"韩语"},
    {"n":"日语","v":"日语"},
    {"n":"法语","v":"法语"},
    {"n":"德语","v":"德语"},
    {"n":"其它","v":"其它"}
    ]
    },
    {"key":"by","name":"排序","value":[
    {"n":"全部排序","v":""},
    {"n":"时间排序","v":"time"},
    {"n":"人气排序","v":"hits"},
    {"n":"评分排序","v":"score"}
    ]
    }
    ],
    "TVshow":[
    {"key":"class","name":"剧情","value":[
    {"n":"全部剧情","v":""},
    {"n":"偶像","v":"偶像"},
    {"n":"爱情","v":"爱情"},
    {"n":"言情","v":"言情"},
    {"n":"古装","v":"古装"},
    {"n":"历史","v":"历史"},
    {"n":"玄幻","v":"玄幻"},
    {"n":"谍战","v":"谍战"},
    {"n":"历险","v":"历险"},
    {"n":"都市","v":"都市"},
    {"n":"科幻","v":"科幻"},
    {"n":"军旅","v":"军旅"},
    {"n":"喜剧","v":"喜剧"},
    {"n":"武侠","v":"武侠"},
    {"n":"江湖","v":"江湖"},
    {"n":"罪案","v":"罪案"},
    {"n":"青春","v":"青春"},
    {"n":"家庭","v":"家庭"},
    {"n":"战争","v":"战争"},
    {"n":"悬疑","v":"悬疑"},
    {"n":"穿越","v":"穿越"},
    {"n":"宫廷","v":"宫廷"},
    {"n":"神话","v":"神话"},
    {"n":"商战","v":"商战"},
    {"n":"警匪","v":"警匪"},
    {"n":"动作","v":"动作"},
    {"n":"惊悚","v":"惊悚"},
    {"n":"剧情","v":"剧情"},
    {"n":"同性","v":"同性"},
    {"n":"奇幻","v":"奇幻"}
    ]
    },
    {"key":"area","name":"地区","value":[
    {"n":"全部地区","v":""},
    {"n":"大陆","v":"大陆"},
    {"n":"香港","v":"香港"},
    {"n":"台湾","v":"台湾"},
    {"n":"美国","v":"美国"},
    {"n":"法国","v":"法国"},
    {"n":"英国","v":"英国"},
    {"n":"日本","v":"日本"},
    {"n":"韩国","v":"韩国"},
    {"n":"泰国","v":"泰国"},
    {"n":"印度","v":"印度"},
    {"n":"新加坡","v":"新加坡"},
    {"n":"马来西亚","v":"马来西亚|"},
    {"n":"意大利","v":"意大利"},
    {"n":"西班牙","v":"西班牙"},
    {"n":"加拿大","v":"加拿大"},
    {"n":"俄罗斯","v":"俄罗斯"},
    {"n":"其他","v":"其他"}
    ]
    },
    {"key":"year","name":"时间","value":[
    {"n":"全部时间","v":""},
    {"n":"2023","v":"2023"},
    {"n":"2022","v":"2022"},
    {"n":"2021","v":"2021"},
    {"n":"2020","v":"2020"},
    {"n":"2019","v":"2019"},
    {"n":"2018","v":"2018"},
    {"n":"2017","v":"2017"},
    {"n":"2016","v":"2016"},
    {"n":"2015","v":"2015"},
    {"n":"2014","v":"2014"},
    {"n":"2013","v":"2013"},
    {"n":"2012","v":"2012"},
    {"n":"2011","v":"2011"},
    {"n":"2010","v":"2010"},
    {"n":"2009","v":"2009"},
    {"n":"2008","v":"2008"},
    {"n":"2007","v":"2007"},
    {"n":"2006","v":"2006"},
    {"n":"2005","v":"2005"},
    {"n":"2004","v":"2004"},
    {"n":"2003","v":"2003"},
    {"n":"2002","v":"2002"},
    {"n":"2001","v":"2001"},
    {"n":"2000","v":"2000"}
    ]
    },
    {"key":"lang","name":"语言","value":[
    {"n":"全部语言","v":""},
    {"n":"国语","v":"国语"},
    {"n":"英语","v":"英语"},
    {"n":"粤语","v":"粤语"},
    {"n":"闽南语","v":"闽南语"},
    {"n":"韩语","v":"韩语"},
    {"n":"日语","v":"日语"},
    {"n":"法语","v":"法语"},
    {"n":"德语","v":"德语"},
    {"n":"其它","v":"其它"}
    ]
    },
    {"key":"by","name":"排序","value":[
    {"n":"全部排序","v":""},
    {"n":"时间排序","v":"time"},
    {"n":"人气排序","v":"hits"},
    {"n":"评分排序","v":"score"}
    ]
    }
    ],
    "Variety":[
    {"key":"class","name":"剧情","value":[
    {"n":"全部剧情","v":""},
    {"n":"选秀","v":"选秀"},
    {"n":"情感","v":"情感"},
    {"n":"访谈","v":"访谈"},
    {"n":"播报","v":"播报"},
    {"n":"旅游","v":"旅游"},
    {"n":"音乐","v":"音乐"},
    {"n":"美食","v":"美食"},
    {"n":"纪实","v":"纪实"},
    {"n":"曲艺","v":"曲艺"},
    {"n":"生活","v":"生活"},
    {"n":"游戏互动","v":"游戏互动"},
    {"n":"财经","v":"财经"},
    {"n":"求职","v":"求职"}
    ]
    },
    {"key":"area","name":"地区","value":[
    {"n":"全部地区","v":""},
    {"n":"大陆","v":"大陆"},
    {"n":"香港","v":"香港"},
    {"n":"台湾","v":"台湾"},
    {"n":"美国","v":"美国"},
    {"n":"法国","v":"法国"},
    {"n":"英国","v":"英国"},
    {"n":"日本","v":"日本"},
    {"n":"韩国","v":"韩国"},
    {"n":"泰国","v":"泰国"},
    {"n":"印度","v":"印度"},
    {"n":"新加坡","v":"新加坡"},
    {"n":"马来西亚","v":"马来西亚|"},
    {"n":"意大利","v":"意大利"},
    {"n":"西班牙","v":"西班牙"},
    {"n":"加拿大","v":"加拿大"},
    {"n":"俄罗斯","v":"俄罗斯"},
    {"n":"其他","v":"其他"}
    ]
    },
    {"key":"year","name":"时间","value":[
    {"n":"全部时间","v":""},
    {"n":"2023","v":"2023"},
    {"n":"2022","v":"2022"},
    {"n":"2021","v":"2021"},
    {"n":"2020","v":"2020"},
    {"n":"2019","v":"2019"},
    {"n":"2018","v":"2018"},
    {"n":"2017","v":"2017"},
    {"n":"2016","v":"2016"},
    {"n":"2015","v":"2015"},
    {"n":"2014","v":"2014"},
    {"n":"2013","v":"2013"},
    {"n":"2012","v":"2012"},
    {"n":"2011","v":"2011"},
    {"n":"2010","v":"2010"},
    {"n":"2009","v":"2009"},
    {"n":"2008","v":"2008"},
    {"n":"2007","v":"2007"},
    {"n":"2006","v":"2006"},
    {"n":"2005","v":"2005"},
    {"n":"2004","v":"2004"},
    {"n":"2003","v":"2003"},
    {"n":"2002","v":"2002"},
    {"n":"2001","v":"2001"},
    {"n":"2000","v":"2000"}
    ]
    },
    {"key":"lang","name":"语言","value":[
    {"n":"全部语言","v":""},
    {"n":"国语","v":"国语"},
    {"n":"英语","v":"英语"},
    {"n":"粤语","v":"粤语"},
    {"n":"闽南语","v":"闽南语"},
    {"n":"韩语","v":"韩语"},
    {"n":"日语","v":"日语"},
    {"n":"其它","v":"其它"}
    ]
    },
    {"key":"by","name":"排序","value":[
    {"n":"全部排序","v":""},
    {"n":"时间排序","v":"time"},
    {"n":"人气排序","v":"hits"},
    {"n":"评分排序","v":"score"}
    ]
    }
    ],
    "Anime":[
    {"key":"cateId","name":"类型","value":[
    {"n":"全部类型","v":""},
    {"n":"国创","v":"cn"},
    {"n":"番剧","v":"Fanju"}
    ]
    },
    {"key":"class","name":"剧情","value":[
    {"n":"全部剧情","v":""},
    {"n":"里番","v":"里番"},
    {"n":"原创","v":"原创"},
    {"n":"漫画改","v":"漫画改"},
    {"n":"小说改","v":"小说改"},
    {"n":"游戏改","v":"游戏改"},
    {"n":"特摄","v":"特摄"},
    {"n":"布袋戏","v":"布袋戏"},
    {"n":"热血","v":"热血"},
    {"n":"穿越","v":"穿越"},
    {"n":"奇幻","v":"奇幻"},
    {"n":"战斗","v":"战斗"},
    {"n":"搞笑","v":"搞笑"},
    {"n":"日常","v":"日常"},
    {"n":"科幻","v":"科幻"},
    {"n":"萌系","v":"萌系"},
    {"n":"治愈","v":"治愈"},
    {"n":"校园","v":"校园"},
    {"n":"少儿","v":"少儿"},
    {"n":"泡面","v":"泡面"},
    {"n":"恋爱","v":"恋爱"},
    {"n":"少女","v":"少女"},
    {"n":"魔法","v":"魔法"},
    {"n":"冒险","v":"冒险"},
    {"n":"历史","v":"历史"},
    {"n":"架空","v":"架空"},
    {"n":"机战","v":"机战"},
    {"n":"神魔","v":"神魔"},
    {"n":"声控","v":"声控"},
    {"n":"运动","v":"运动"},
    {"n":"励志","v":"励志"},
    {"n":"音乐","v":"音乐"},
    {"n":"推理","v":"推理"},
    {"n":"社团","v":"社团"},
    {"n":"智斗","v":"智斗"},
    {"n":"催泪","v":"催泪"},
    {"n":"美食","v":"美食"},
    {"n":"偶像","v":"偶像"},
    {"n":"乙女","v":"乙女"},
    {"n":"职场","v":"职场"}
    ]
    },
    {"key":"area","name":"地区","value":[
    {"n":"全部地区","v":""},
    {"n":"大陆","v":"大陆"},
    {"n":"香港","v":"香港"},
    {"n":"台湾","v":"台湾"},
    {"n":"美国","v":"美国"},
    {"n":"法国","v":"法国"},
    {"n":"英国","v":"英国"},
    {"n":"日本","v":"日本"},
    {"n":"韩国","v":"韩国"},
    {"n":"泰国","v":"泰国"},
    {"n":"印度","v":"印度"},
    {"n":"新加坡","v":"新加坡"},
    {"n":"马来西亚","v":"马来西亚|"},
    {"n":"意大利","v":"意大利"},
    {"n":"西班牙","v":"西班牙"},
    {"n":"加拿大","v":"加拿大"},
    {"n":"俄罗斯","v":"俄罗斯"},
    {"n":"其他","v":"其他"}
    ]
    },
    {"key":"year","name":"时间","value":[
    {"n":"全部时间","v":""},
    {"n":"2023","v":"2023"},
    {"n":"2022","v":"2022"},
    {"n":"2021","v":"2021"},
    {"n":"2020","v":"2020"},
    {"n":"2019","v":"2019"},
    {"n":"2018","v":"2018"},
    {"n":"2017","v":"2017"},
    {"n":"2016","v":"2016"},
    {"n":"2015","v":"2015"},
    {"n":"2014","v":"2014"},
    {"n":"2013","v":"2013"},
    {"n":"2012","v":"2012"},
    {"n":"2011","v":"2011"},
    {"n":"2010","v":"2010"},
    {"n":"2009","v":"2009"},
    {"n":"2008","v":"2008"},
    {"n":"2007","v":"2007"},
    {"n":"2006","v":"2006"},
    {"n":"2005","v":"2005"},
    {"n":"2004","v":"2004"},
    {"n":"2003","v":"2003"},
    {"n":"2002","v":"2002"},
    {"n":"2001","v":"2001"},
    {"n":"2000","v":"2000"}
    ]
    },
    {"key":"lang","name":"语言","value":[
    {"n":"全部语言","v":""},
    {"n":"国语","v":"国语"},
    {"n":"英语","v":"英语"},
    {"n":"粤语","v":"粤语"},
    {"n":"闽南语","v":"闽南语"},
    {"n":"韩语","v":"韩语"},
    {"n":"日语","v":"日语"},
    {"n":"法语","v":"法语"},
    {"n":"德语","v":"德语"},
    {"n":"其它","v":"其它"}
    ]
    },
    {"key":"by","name":"排序","value":[
    {"n":"全部排序","v":""},
    {"n":"时间排序","v":"time"},
    {"n":"人气排序","v":"hits"},
    {"n":"评分排序","v":"score"}
    ]
    }
    ],
    "tiyu":[
    {"key":"class","name":"剧情","value":[
    {"n":"全部剧情","v":""},
    {"n":"足球","v":"足球"},
    {"n":"篮球","v":"篮球"},
    {"n":"世界杯","v":"世界杯"},
    {"n":"斯诺克","v":"斯诺克"}
    ]
    },
    {"key":"area","name":"地区","value":[
    {"n":"全部地区","v":""},
    {"n":"大陆","v":"大陆"},
    {"n":"香港","v":"香港"},
    {"n":"台湾","v":"台湾"},
    {"n":"美国","v":"美国"},
    {"n":"法国","v":"法国"},
    {"n":"英国","v":"英国"},
    {"n":"日本","v":"日本"},
    {"n":"韩国","v":"韩国"},
    {"n":"泰国","v":"泰国"},
    {"n":"印度","v":"印度"},
    {"n":"新加坡","v":"新加坡"},
    {"n":"马来西亚","v":"马来西亚|"},
    {"n":"意大利","v":"意大利"},
    {"n":"西班牙","v":"西班牙"},
    {"n":"加拿大","v":"加拿大"},
    {"n":"俄罗斯","v":"俄罗斯"},
    {"n":"其他","v":"其他"}
    ]
    },
    {"key":"lang","name":"语言","value":[
    {"n":"全部语言","v":""},
    {"n":"国语","v":"国语"},
    {"n":"英语","v":"英语"},
    {"n":"粤语","v":"粤语"},
    {"n":"闽南语","v":"闽南语"},
    {"n":"韩语","v":"韩语"},
    {"n":"日语","v":"日语"},
    {"n":"法语","v":"法语"},
    {"n":"德语","v":"德语"},
    {"n":"其它","v":"其它"}
    ]
    },
    {"key":"by","name":"排序","value":[
    {"n":"全部排序","v":""},
    {"n":"时间排序","v":"time"},
    {"n":"人气排序","v":"hits"},
    {"n":"评分排序","v":"score"}
    ]
    }
    ]
    }
    }