    {
    
    "作者":"荷城茶秀",
    
    "站名":"无名小站",
    
    "主页url":"https://blssv.com/",
    
    "简介":"<p>&&</p>",
    
    "主演":"主演：&&</div>",
    
    "影片状态":"info-block\">&&</div>",
    
    "数组": "<a&&</a>",
      
    "图片": "data-original=\"&&\"",
      
    "标题": "mdui-p-t-1\">&&</span>",
      
    "链接": "href=\"/voddetail&&/\"",
      
    "副标题": "title*>&&</span>",
      
    "链接前缀": "https://blssv.com/vodplay",
      
    "链接后缀": "-1-1/",
      
    "搜索链接前缀": "/vodplay/",
    
    "搜索链接后缀": "-1-1/",
  
    "线路数组": "mdui-panel-item-title&&/div>[排序:高清②>>高清①>>腾讯>>优酷>>奇异][不包含:蓝光①]",
      
    "线路标题": ">&&<",
      
    "播放数组": "mdui-panel-item-body&&<div",
    
    "分类url":"https://blssv.com/vodshow-{cateId}/area/{area}/by/{by}/class/{class}/page/{catePg}/year/{year}/;;amk",
    
    "筛选":{
    "1":[
    {"key":"class","name":"剧情","value":[
    {"n":"全部剧情","v":""},
    {"n":"喜剧","v":"喜剧"},
    {"n":"爱情","v":"爱情"},
    {"n":"恐怖","v":"恐怖"},
    {"n":"动作","v":"动作"},
    {"n":"科幻","v":"科幻"},
    {"n":"剧情","v":"剧情"},
    {"n":"战争","v":"战争"},
    {"n":"犯罪","v":"犯罪"},
    {"n":"奇幻","v":"奇幻"},
    {"n":"冒险","v":"冒险"},
    {"n":"悬疑","v":"悬疑"},
    {"n":"惊悚","v":"惊悚"},
    {"n":"古装","v":"古装"},
    {"n":"警匪","v":"警匪"},
    {"n":"犯罪","v":"犯罪"},
    {"n":"动画","v":"动画"},
    {"n":"武侠","v":"武侠"},
    {"n":"枪战","v":"枪战"},
    {"n":"青春","v":"青春"},
    {"n":"文艺","v":"文艺"},
    {"n":"历史","v":"历史"},
    {"n":"运动","v":"运动"},
    {"n":"儿童","v":"儿童"},
    {"n":"网络电影","v":"网络电影"}
    ]
    },
    {"key":"area","name":"地区","value":[
    {"n":"全部地区","v":""},
    {"n":"中国大陆","v":"中国大陆"},
    {"n":"中国香港","v":"中国香港"},
    {"n":"中国台湾","v":"中国台湾"},
    {"n":"美国","v":"美国"},
    {"n":"韩国","v":"韩国"},
    {"n":"日本","v":"日本"},
    {"n":"法国","v":"法国"},
    {"n":"英国","v":"英国"},
    {"n":"德国","v":"德国"},
    {"n":"泰国","v":"泰国"},
    {"n":"印度","v":"印度"},
    {"n":"其他","v":"其他"}
    ]
    },
    {"key":"year","name":"时间","value":[
    {"n":"全部时间","v":""},
    {"n":"2023","v":"2023"},
    {"n":"2022","v":"2022"},
    {"n":"2021","v":"2021"},
    {"n":"2020","v":"2020"},
    {"n":"2019","v":"2019"},
    {"n":"2018","v":"2018"},
    {"n":"2017","v":"2017"},
    {"n":"2016","v":"2016"},
    {"n":"2015","v":"2015"},
    {"n":"2014","v":"2014"},
    {"n":"2013","v":"2013"},
    {"n":"2012","v":"2012"},
    {"n":"2011","v":"2011"},
    {"n":"2010","v":"2010"},
    {"n":"2009","v":"2009"},
    {"n":"2008","v":"2008"},
    {"n":"2007","v":"2007"},
    {"n":"2006","v":"2006"},
    {"n":"2005","v":"2005"},
    {"n":"2004","v":"2004"},
    {"n":"2003","v":"2003"},
    {"n":"2002","v":"2002"},
    {"n":"2001","v":"2001"},
    {"n":"2000","v":"2000"}
    ]
    },
    {"key":"by","name":"排序","value":[
    {"n":"全部排序","v":""},
    {"n":"时间排序","v":"time"},
    {"n":"人气排序","v":"hits"},
    {"n":"评分排序","v":"score"}
    ]
    }
    ],
    "2":[
    {"key":"class","name":"剧情","value":[
    {"n":"全部剧情","v":""},
    {"n":"喜剧","v":"喜剧"},
    {"n":"爱情","v":"爱情"},
    {"n":"古装","v":"古装"},
    {"n":"恐怖","v":"恐怖"},
    {"n":"动作","v":"动作"},
    {"n":"科幻","v":"科幻"},
    {"n":"剧情","v":"剧情"},
    {"n":"战争","v":"战争"},
    {"n":"犯罪","v":"犯罪"},
    {"n":"奇幻","v":"奇幻"},
    {"n":"冒险","v":"冒险"},
    {"n":"悬疑","v":"悬疑"},
    {"n":"惊悚","v":"惊悚"},
    {"n":"偶像","v":"偶像"},
    {"n":"言情","v":"言情"},
    {"n":"家庭","v":"家庭"},
    {"n":"历史","v":"历史"},
    {"n":"经典","v":"经典"},
    {"n":"乡村","v":"乡村"},
    {"n":"情景","v":"情景"},
    {"n":"商战","v":"商战"},
    {"n":"网剧","v":"网剧"},
    {"n":"其他","v":"其他"}
    ]
    },
    {"key":"area","name":"地区","value":[
    {"n":"全部地区","v":""},
    {"n":"中国大陆","v":"中国大陆"},
    {"n":"中国香港","v":"中国香港"},
    {"n":"中国台湾","v":"中国台湾"},
    {"n":"美国","v":"美国"},
    {"n":"韩国","v":"韩国"},
    {"n":"日本","v":"日本"},
    {"n":"法国","v":"法国"},
    {"n":"英国","v":"英国"},
    {"n":"德国","v":"德国"},
    {"n":"泰国","v":"泰国"},
    {"n":"印度","v":"印度"},
    {"n":"其他","v":"其他"}
    ]
    },
    {"key":"year","name":"时间","value":[
    {"n":"全部时间","v":""},
    {"n":"2023","v":"2023"},
    {"n":"2022","v":"2022"},
    {"n":"2021","v":"2021"},
    {"n":"2020","v":"2020"},
    {"n":"2019","v":"2019"},
    {"n":"2018","v":"2018"},
    {"n":"2017","v":"2017"},
    {"n":"2016","v":"2016"},
    {"n":"2015","v":"2015"},
    {"n":"2014","v":"2014"},
    {"n":"2013","v":"2013"},
    {"n":"2012","v":"2012"},
    {"n":"2011","v":"2011"},
    {"n":"2010","v":"2010"},
    {"n":"2009","v":"2009"},
    {"n":"2008","v":"2008"},
    {"n":"2007","v":"2007"},
    {"n":"2006","v":"2006"},
    {"n":"2005","v":"2005"},
    {"n":"2004","v":"2004"},
    {"n":"2003","v":"2003"},
    {"n":"2002","v":"2002"},
    {"n":"2001","v":"2001"},
    {"n":"2000","v":"2000"}
    ]
    },
    {"key":"by","name":"排序","value":[
    {"n":"全部排序","v":""},
    {"n":"时间排序","v":"time"},
    {"n":"人气排序","v":"hits"},
    {"n":"评分排序","v":"score"}
    ]
    }
    ],
    "3":[
    {"key":"class","name":"剧情","value":[
    {"n":"全部剧情","v":""},
    {"n":"选秀","v":"选秀"},
    {"n":"脱口秀","v":"脱口秀"},
    {"n":"情感","v":"情感"},
    {"n":"访谈","v":"访谈"},
    {"n":"播报","v":"播报"},
    {"n":"旅游","v":"旅游"},
    {"n":"音乐","v":"音乐"},
    {"n":"美食","v":"美食"},
    {"n":"纪实","v":"纪实"},
    {"n":"曲艺","v":"曲艺"},
    {"n":"生活","v":"生活"},
    {"n":"游戏互动","v":"游戏互动"},
    {"n":"财经","v":"财经"},
    {"n":"求职","v":"求职"}
    ]
    },
    {"key":"area","name":"地区","value":[
    {"n":"全部地区","v":""},
    {"n":"中国大陆","v":"中国大陆"},
    {"n":"中国香港","v":"中国香港"},
    {"n":"中国台湾","v":"中国台湾"},
    {"n":"美国","v":"美国"},
    {"n":"韩国","v":"韩国"},
    {"n":"日本","v":"日本"},
    {"n":"法国","v":"法国"},
    {"n":"英国","v":"英国"},
    {"n":"德国","v":"德国"},
    {"n":"泰国","v":"泰国"},
    {"n":"印度","v":"印度"},
    {"n":"其他","v":"其他"}
    ]
    },
    {"key":"year","name":"时间","value":[
    {"n":"全部时间","v":""},
    {"n":"2023","v":"2023"},
    {"n":"2022","v":"2022"},
    {"n":"2021","v":"2021"},
    {"n":"2020","v":"2020"},
    {"n":"2019","v":"2019"},
    {"n":"2018","v":"2018"},
    {"n":"2017","v":"2017"},
    {"n":"2016","v":"2016"},
    {"n":"2015","v":"2015"},
    {"n":"2014","v":"2014"},
    {"n":"2013","v":"2013"},
    {"n":"2012","v":"2012"},
    {"n":"2011","v":"2011"},
    {"n":"2010","v":"2010"},
    {"n":"2009","v":"2009"},
    {"n":"2008","v":"2008"},
    {"n":"2007","v":"2007"},
    {"n":"2006","v":"2006"},
    {"n":"2005","v":"2005"},
    {"n":"2004","v":"2004"},
    {"n":"2003","v":"2003"},
    {"n":"2002","v":"2002"},
    {"n":"2001","v":"2001"},
    {"n":"2000","v":"2000"}
    ]
    },
    {"key":"by","name":"排序","value":[
    {"n":"全部排序","v":""},
    {"n":"时间排序","v":"time"},
    {"n":"人气排序","v":"hits"},
    {"n":"评分排序","v":"score"}
    ]
    }
    ],
    "4":[
    {"key":"class","name":"剧情","value":[
    {"n":"全部剧情","v":""},
    {"n":"热血","v":"热血"},
    {"n":"搞笑","v":"搞笑"},
    {"n":"冒险","v":"冒险"},
    {"n":"科幻","v":"科幻"},
    {"n":"剧情","v":"剧情"},
    {"n":"战斗","v":"战斗"},
    {"n":"动画","v":"动画"},
    {"n":"玄幻","v":"玄幻"},
    {"n":"恋爱","v":"恋爱"},
    {"n":"校园","v":"校园"},
    {"n":"奇幻","v":"奇幻"},
    {"n":"喜剧","v":"喜剧"},
    {"n":"动作","v":"动作"},
    {"n":"惊悚","v":"惊悚"},
    {"n":"悬疑","v":"悬疑"},
    {"n":"情感","v":"情感"},
    {"n":"推理","v":"推理"},
    {"n":"冒险","v":"冒险"},
    {"n":"萝莉","v":"萝莉"},
    {"n":"机战","v":"机战"},
    {"n":"运动","v":"运动"},
    {"n":"战争","v":"战争"},
    {"n":"少年","v":"少年"},
    {"n":"少女","v":"少女"},
    {"n":"社会","v":"社会"},
    {"n":"亲子","v":"亲子"},
    {"n":"益智","v":"益智"},
    {"n":"励志","v":"励志"},
    {"n":"其他","v":"其他"}
    ]
    },
    {"key":"area","name":"地区","value":[
    {"n":"全部地区","v":""},
    {"n":"中国大陆","v":"中国大陆"},
    {"n":"中国香港","v":"中国香港"},
    {"n":"中国台湾","v":"中国台湾"},
    {"n":"美国","v":"美国"},
    {"n":"韩国","v":"韩国"},
    {"n":"日本","v":"日本"},
    {"n":"法国","v":"法国"},
    {"n":"英国","v":"英国"},
    {"n":"德国","v":"德国"},
    {"n":"泰国","v":"泰国"},
    {"n":"印度","v":"印度"},
    {"n":"其他","v":"其他"}
    ]
    },
    {"key":"year","name":"时间","value":[
    {"n":"全部时间","v":""},
    {"n":"2023","v":"2023"},
    {"n":"2022","v":"2022"},
    {"n":"2021","v":"2021"},
    {"n":"2020","v":"2020"},
    {"n":"2019","v":"2019"},
    {"n":"2018","v":"2018"},
    {"n":"2017","v":"2017"},
    {"n":"2016","v":"2016"},
    {"n":"2015","v":"2015"},
    {"n":"2014","v":"2014"},
    {"n":"2013","v":"2013"},
    {"n":"2012","v":"2012"},
    {"n":"2011","v":"2011"},
    {"n":"2010","v":"2010"},
    {"n":"2009","v":"2009"},
    {"n":"2008","v":"2008"},
    {"n":"2007","v":"2007"},
    {"n":"2006","v":"2006"},
    {"n":"2005","v":"2005"},
    {"n":"2004","v":"2004"},
    {"n":"2003","v":"2003"},
    {"n":"2002","v":"2002"},
    {"n":"2001","v":"2001"},
    {"n":"2000","v":"2000"}
    ]
    },
    {"key":"by","name":"排序","value":[
    {"n":"全部排序","v":""},
    {"n":"时间排序","v":"time"},
    {"n":"人气排序","v":"hits"},
    {"n":"评分排序","v":"score"}
    ]
    }
    ],
    "5":[
    {"key":"area","name":"地区","value":[
    {"n":"全部地区","v":""},
    {"n":"中国大陆","v":"中国大陆"},
    {"n":"中国香港","v":"中国香港"},
    {"n":"中国台湾","v":"中国台湾"},
    {"n":"美国","v":"美国"},
    {"n":"韩国","v":"韩国"},
    {"n":"日本","v":"日本"},
    {"n":"法国","v":"法国"},
    {"n":"英国","v":"英国"},
    {"n":"德国","v":"德国"},
    {"n":"泰国","v":"泰国"},
    {"n":"印度","v":"印度"},
    {"n":"其他","v":"其他"}
    ]
    },
    {"key":"year","name":"时间","value":[
    {"n":"全部时间","v":""},
    {"n":"2023","v":"2023"},
    {"n":"2022","v":"2022"},
    {"n":"2021","v":"2021"},
    {"n":"2020","v":"2020"},
    {"n":"2019","v":"2019"},
    {"n":"2018","v":"2018"},
    {"n":"2017","v":"2017"},
    {"n":"2016","v":"2016"},
    {"n":"2015","v":"2015"},
    {"n":"2014","v":"2014"},
    {"n":"2013","v":"2013"},
    {"n":"2012","v":"2012"},
    {"n":"2011","v":"2011"},
    {"n":"2010","v":"2010"},
    {"n":"2009","v":"2009"},
    {"n":"2008","v":"2008"},
    {"n":"2007","v":"2007"},
    {"n":"2006","v":"2006"},
    {"n":"2005","v":"2005"},
    {"n":"2004","v":"2004"},
    {"n":"2003","v":"2003"},
    {"n":"2002","v":"2002"},
    {"n":"2001","v":"2001"},
    {"n":"2000","v":"2000"}
    ]
    },
    {"key":"by","name":"排序","value":[
    {"n":"全部排序","v":""},
    {"n":"时间排序","v":"time"},
    {"n":"人气排序","v":"hits"},
    {"n":"评分排序","v":"score"}
    ]
    }
    ]
    }
    }