
{

"storeHouse":[
	
{"sourceName":"🐠小鱼┃电视本地仓📺","sourceUrl":"clan://localhost/风言锋语88/22.json"},
			
{"sourceName":"🛍️全球网0.102┃虚拟仓🛍️","sourceUrl":"http://fastnat.club:5567/风言锋语88/fn22.json"},	
	
{"sourceName":"🍄局域网0.102┃客厅仓🍄️","sourceUrl":"http://192.168.0.102:8080/风言锋语88/22.json"},

{"sourceName":"🐠小鱼┃平板专用仓📱","sourceUrl":"clan://localhost/htdocs/风言锋语88/mod.json"},	
				
{"sourceName":"🌐日后┃在线仓❤️","sourceUrl":"http://rihou.vip:55"},
		
{"sourceName":"🌐心动┃在线仓❤️","sourceUrl":"http://rihou.vip:666"},
				
{"sourceName":"🌐多多┃在线仓❤️","sourceUrl":"https://jihulab.com/duomv/apps/-/raw/main/a.txt"},
		
{"sourceName":"🌐业余┃在线仓❤️","sourceUrl":"http://ftp6587948.host121.sanfengyun.cn/yyys.json"},
		
{"sourceName":"🌐奇奇┃在线仓❤️","sourceUrl":"https://cn.kstore.space/download/2904/123.txt"},
		
{"sourceName":"🌐云星┃在线仓❤️","sourceUrl":"http://itvbox.cc/可视TV/云星日记/仓库/api.json"},

{"sourceName":"🌐欧歌┃在线仓❤️","sourceUrl":"http://tv.nxog.top/nxog/ou1.php?url=http://tv.nxog.top&xl=123&b=欧歌"},
	
{"sourceName":"🌐小鱼备用GH┃在线仓🚒","sourceUrl":"https://ghproxy.net/https://raw.githubusercontent.com/yf20230412/master/main/TvBox/JS/22.json"},	

{"sourceName":"🌐小鱼|备用PL┃在线仓🚒","sourceUrl":"https://pan.shangui.cc/f/lqEJuk/22.json"}
	
]
	
}
