
{

"storeHouse":[
		
{"sourceName":"🌺风言锋语┃本地仓🌺","sourceUrl":"clan://localhost/风言锋语88/22.json"},
		
{"sourceName":"🌐小鱼儿PL仓🍎","sourceUrl":"https://pan.shangui.cc/f/lqEJuk/22.json"},
		
{"sourceName":"🌐日后魔改❤️","sourceUrl":"http://rihou.vip:55"},
		
{"sourceName":"🌐心动仓❤️","sourceUrl":"http://rihou.vip:666"},
				
{"sourceName":"🌐多多仓❤️","sourceUrl":"https://jihulab.com/duomv/apps/-/raw/main/a.txt"},
		
{"sourceName":"🌐业余仓❤️","sourceUrl":"https://pan.shangui.cc/f/XAyUd/zx.json"},
		
{"sourceName":"🌐奇奇仓❤️","sourceUrl":"https://cn.kstore.space/download/2904/123.txt"},
		
{"sourceName":"🌐云星仓❤️","sourceUrl":"http://itvbox.cc/可视TV/云星日记/仓库/api.json"},

{"sourceName":"🌐欧歌主仓库❤️","sourceUrl":"http://tv.nxog.top/nxog/ou1.php?url=http://tv.nxog.top&xl=123&b=欧歌"},

{"sourceName":"🌐业余备用GH仓🚒","sourceUrl":"https://ghproxy.net/https://raw.githubusercontent.com/yydfys/yydf/main/duocang.json"},	
	
{"sourceName":"🌐小鱼儿备用GH仓🚒","sourceUrl":"https://ghproxy.net/https://raw.githubusercontent.com/yf20230412/master/main/TvBox/JS/22.json"},	
	
{"sourceName":"🌐风言锋语|备用PL仓🚒","sourceUrl":"https://pan.shangui.cc/f/lqEJuk/22.json"}
	
]
	
}
