{
 "warningText": "接口完全免费，切勿付费购买。",
  "warningText": "关注公众号:风言锋语88，获取第一手更新。",
  "urls": [
    {
      "url": "clan://localhost/风言锋语88/风言锋语/影视.json",
      "name": "🐟小鱼|影视🎏"
    },

    {
      "url": "clan://localhost/风言锋语88/风言锋语/阿里.json",
      "name": "🐟小鱼|阿里🎏"
    },
    {
      "url": "clan://localhost/风言锋语88/风言锋语/少儿.json",
      "name": "🐟小鱼|少儿🎏"
    }, 
   
    {
      "url": "clan://localhost/风言锋语88/荷城茶秀/hechengchaxiu.json",
      "name": "🍵|荷城茶秀🍵"
    },
    {
      "url": "clan://localhost/风言锋语88/运输车/yunshuche.json",
      "name": "🚚|运输车姐🚚"
    },
    
    {
      "url": "clan://localhost/风言锋语88/肥猫/feimao.json",
      "name": " 🐼|肥猫美妞🐼"
    },
    {
      "url": "clan://localhost/风言锋语88/饭太硬/fty.json",
      "name": " 🍚|饭太坚硬🍚"
    },
    {
      "url": "clan://localhost/风言锋语88/菜妮丝/cns.json",
      "name": "🍄|菜妮丝佬🍄"
    },
	{
      "url": "clan://localhost/风言锋语88/香雅情/XYQ.json",
      "name": "🌻|香雅情种🌻"
    },  
    {
      "url": "clan://localhost/风言锋语88/少儿益智/srpd.json",
      "name": "🤹🏼|少儿益智🤹🏼"
    },
	{
      "url": "clan://localhost/风言锋语88/小米/xiaomi.json",
      "name": "🌾|神秘小米🌾"
    }, 

	{
      "url": "clan://localhost/风言锋语88/业余/yydf.json",
      "name": "☘️|业余影视☘️"
    },  
	{
      "url": "clan://localhost/风言锋语88/小雅/xiaoya.json",
      "name": "🌻|小雅采薇🌻"
    },  
 {
      "url": "clan://localhost/风言锋语88/猫爪/猫爪.json",
      "name": " 🐾|猫爪专线🐾"
    },
	  
    {
      "url": "clan://localhost/风言锋语88/高天流云/gaotianliuyun.json",
      "name": "🏔|高天流云🏔"
    },

 {
      "url": "clan://localhost/风言锋语88/采集狂魔/采集狂魔.json",
      "name": "🐝|采集狂魔🐝"
    },
 {
      "url": "clan://localhost/风言锋语88/夜猫子/yemaozi.json",
      "name": "🐈|夜猫有情🐈"
    }, 
  
    {
      "url": "clan://localhost/风言锋语88/风言锋语/成人.json",
      "name": "🐟|小鱼|🔞18禁 "
    },
  		  
{"url" : "https://ghproxy.net/https://raw.githubusercontent.com/yf20230412/master/main/TvBox/JS/99.json" ,"name" : " 💚小鱼影视|在线备用"} ,
	  
{"url" : "https://ghproxy.net/https://raw.githubusercontent.com/yf20230412/master/main/TvBox/JS/33.json" ,"name" : " 💚小鱼少儿|在线备用"} ,	 

{"url" : "http://饭太硬.top/tv" ,"name" : " 💚饭太坚硬|在线备用"}, 	
	  
{"url" : "http://rihou.cc:88/荷城茶秀" ,"name" : " 💚荷城茶秀|在线备用"} 	  
	  
]
}