{
  "urls": [
    {
      "url": "clan://localhost/风言锋语88/风言锋语/影视.json",
      "name": " 🍔风言锋语|影视"
    },

    {
      "url": "clan://localhost/风言锋语88/风言锋语/阿里.json",
      "name": " 🐝风言锋语|阿里4K"
    },
    {
      "url": "clan://localhost/风言锋语88/风言锋语/少儿.json",
      "name": " 🍟风言锋语|少儿"
    }, 
   
    {
      "url": "clan://localhost/风言锋语88/荷城茶秀/荷城茶秀.json",
      "name": "🍵荷城茶秀"
    },
    {
      "url": "clan://localhost/风言锋语88/运输车/yunshuche.json",
      "name": "🚚运输车"
    },
    
    {
      "url": "clan://localhost/风言锋语88/肥猫/feimao.json",
      "name": " 🐼肥猫Panda"
    },
    {
      "url": "clan://localhost/风言锋语88/饭太硬/fty.json",
      "name": " 🍚饭太硬"
    },
    {
      "url": "clan://localhost/风言锋语88/菜妮丝/cns.json",
      "name": "🍄菜妮丝"
    },
	{
      "url": "clan://localhost/风言锋语88/香雅情/XYQ.json",
      "name": "🌻香雅情"
    },  
    {
      "url": "clan://localhost/风言锋语88/少儿益智/srpd.json",
      "name": "🤹🏼少儿益智"
    },
	{
      "url": "clan://localhost/风言锋语88/小米/xiaomi.json",
      "name": "🌾小米"
    }, 

	{
      "url": "clan://localhost/风言锋语88/业余/yydf.json",
      "name": "🍵业余"
    },  
	{
      "url": "clan://localhost/风言锋语88/小雅/xiaoya.json",
      "name": "🌻小雅"
    },  
    {
      "url": "clan://localhost/风言锋语88/高天流云/gaotianliuyun.json",
      "name": "🏔高天流云"
    },
    {
      "url": "clan://localhost/风言锋语88/风言锋语/成人.json",
      "name": "🔞风言锋语|18+"
    },
    {
      "url": "clan://localhost/风言锋语88/夜猫子/yemaozi.json",
      "name": "😻夜猫子（跑马灯）"
    }
  ]
}