{
  "spider": "./fty.jar;md5;ed5d521ad71063b99b06e9ad4c7f9bca",
  "wallpaper": "http://饭太硬.top/深色壁纸/api.php",
  "sites": [
    {
      "key": "豆豆",
      "name": "豆瓣",
      "type": 3,
      "api": "csp_DouDou",
      "searchable": 0,
      "quickSearch": 0,
      "filterable": 0
    },
    {
      "key": "csp_WoGG",
      "name": "👽玩偶哥哥┃4K",
      "type": 3,
      "api": "csp_WoGG",
      "searchable": 1,
      "quickSearch": 1,
      "changeable": 0,
      "ext": "http://127.0.0.1:9978/file/tvfan/token.txt+4k|auto|fhd"
    },
    {
      "key": "Bili",
      "name": "🅱哔哔┃合集",
      "type": 3,
      "api": "csp_Bili",
      "style": {
        "type": "rect",
        "ratio": 1.597
      },
      "searchable": 1,
      "quickSearch": 0,
      "changeable": 0,
      "ext": "./lib/bilibili.json"
    },
    {
      "key": "Biliych",
      "name": "🅱哔哔┃演唱会",
      "type": 3,
      "api": "csp_Bili",
      "style": {
        "type": "rect",
        "ratio": 1.597
      },
      "searchable": 1,
      "quickSearch": 0,
      "changeable": 0,
      "ext": "./lib/biliych.json"
    },
    {
      "key": "YGP",
      "name": "🚀叨观荐影┃速递",
      "type": 3,
      "api": "csp_YGP",
      "searchable": 0,
      "quickSearch": 0,
      "changeable": 0
    },
    {
      "key": "4KHDR",
      "name": "🧲世界磁力┃慎用",
      "type": 3,
      "searchable": 1,
      "quickSearch": 1,
      "changeable": 0,
      "api": "./lib/drpy1.min.js",
      "ext": "./lib/4khdr.js"
    },
    {
      "key": "新6V",
      "name": "🧲新6V磁力┃慎用",
      "type": 3,
      "api": "csp_SixV",
      "searchable": 1,
      "quickSearch": 1,
      "changeable": 0,
      "ext": "http://www.xb6v.com/"
    },
    {
      "key": "迪迪",
      "name": "😎迪迪┃App",
      "api": "csp_AppYsV2",
      "type": 3,
      "searchable": 1,
      "quickSearch": 1,
      "changeable": 1,
      "ext": "http://22222.yiyingys.asia/api.php/app/"
    },
    {
      "key": "Czsapp",
      "name": "📔厂长┃直连",
      "type": 3,
      "api": "csp_Czsapp",
      "playerType": 2,
      "searchable": 1,
      "quickSearch": 1,
      "changeable": 1
    },
    {
      "key": "Auete",
      "name": "🏝奥特┃直连",
      "type": 3,
      "api": "csp_Auete",
      "searchable": 1,
      "quickSearch": 1,
      "changeable": 1
    },
    {
      "key": "蚂蚁",
      "name": "🐜蚂蚁┃直连",
      "type": 3,
      "api": "csp_Mayiys",
      "searchable": 1,
      "quickSearch": 1,
      "filterable": 0,
      "ext": "http://rzys.xyz"
    },
    {
      "key": "zxzj",
      "name": "📗在线┃直连",
      "type": 3,
      "api": "csp_Zxzj",
      "searchable": 1,
      "quickSearch": 1,
      "changeable": 1,
      "ext": "https://www.zxzj.pro/"
    },
    {
      "key": "贱贱",
      "name": "🐭贱贱┃p2p",
      "type": 3,
      "searchable": 1,
      "quickSearch": 1,
      "changeable": 1,
      "playerType": "1",
      "api": "./lib/drpy1.min.js",
      "ext": "./lib/jp.js"
    },
    {
      "key": "探探",
      "name": "🏵影探┃App",
      "type": 3,
      "playerType": "1",
      "api": "csp_YTVIP",
      "searchable": 1,
      "quickSearch": 1,
      "changeable": 1,
      "ext": "vip.lyyytv.cn"
    },
    {
      "key": "哈喽",
      "name": "✌哈喽┃App",
      "type": 3,
      "api": "csp_AppYsV2",
      "searchable": 1,
      "quickSearch": 1,
      "changeable": 1,
      "ext": "http://www.miniku.cc/xgapp.php/v1/"
    },
    {
      "key": "陌陌",
      "name": "🍄陌陌┃App",
      "type": 3,
      "api": "csp_AppYsV2",
      "searchable": 1,
      "quickSearch": 1,
      "changeable": 1,
      "ext": "https://www.kuin.one/api.php/app/"
    },
    {
      "key": "奇奇",
      "name": "🍓奇奇┃App",
      "type": 3,
      "api": "csp_AppYsV2",
      "searchable": 1,
      "quickSearch": 1,
      "changeable": 1,
      "ext": "http://mp4.ghlyys.com/api.php/app/"
    },
    {
      "key": "DiDuan",
      "name": "⏮️低端┃直连",
      "type": 3,
      "api": "csp_Ddrk",
      "searchable": 1,
      "quickSearch": 1,
      "changeable": 1
    },
    {
      "key": "77",
      "name": "👒七七┃App",
      "type": 3,
      "api": "csp_Kunyu77",
      "searchable": 1,
      "quickSearch": 1,
      "changeable": 1
    },
    {
      "key": "Vofl",
      "name": "🎈VOF┃直连",
      "type": 3,
      "api": "csp_Voflix",
      "searchable": 1,
      "quickSearch": 1,
      "changeable": 1
    },
    {
      "key": "Lib",
      "name": "🌟利播┃直连",
      "type": 3,
      "api": "csp_Libvio",
      "searchable": 1,
      "quickSearch": 1,
      "changeable": 1,
      "ext": "https://www.libvio.pro/"
    },
    {
      "key": "Xinsj",
      "name": "👓视觉┃直连",
      "type": 3,
      "api": "csp_Xinsj",
      "searchable": 1,
      "quickSearch": 1,
      "changeable": 1,
      "ext": "https://www.6080yy3.com/"
    },
    {
      "key": "kuaikan",
      "name": "👀快看┃App",
      "type": 3,
      "api": "csp_Kuaikan",
      "searchable": 1,
      "quickSearch": 1,
      "changeable": 1
    },
    {
      "key": "AppMr",
      "name": "👻明明┃App",
      "type": 3,
      "api": "csp_AppMr",
      "searchable": 1,
      "quickSearch": 1,
      "changeable": 1
    },
    {
      "key": "YQKAPP",
      "name": "🎉一起┃App",
      "type": 3,
      "api": "csp_YQKAPP",
      "playerType": 2,
      "searchable": 1,
      "quickSearch": 1,
      "changeable": 1,
      "ext": "https://api-aws.11ty.top"
    },
    {
      "key": "Cokemv",
      "name": "📕可乐┃直连",
      "type": 3,
      "api": "csp_Cokemv",
      "playerType": 2,
      "searchable": 1,
      "quickSearch": 1,
      "changeable": 1
    },
    {
      "key": "csp_Nmys",
      "name": "🌾农民┃直连",
      "type": 3,
      "api": "csp_Nmys",
      "searchable": 1,
      "quickSearch": 1,
      "changeable": 1,
      "ext": "./lib/nmys.json"
    },
    {
      "key": "csp_Ysgc",
      "name": "🏭工场┃直连",
      "type": 3,
      "api": "csp_Ysgc",
      "searchable": 1,
      "quickSearch": 1,
      "changeable": 1,
      "ext": "https://www.ysgc1.cc/"
    },
    {
      "key": "csp_SP33",
      "name": "📺三三┃解析",
      "type": 3,
      "api": "csp_SP33",
      "searchable": 1,
      "quickSearch": 1,
      "filterable": 1,
      "changeable": 0
    },
    {
      "key": "Qtv",
      "name": "🐧腾腾┃解析",
      "type": 3,
      "api": "csp_Qtv",
      "searchable": 1,
      "quickSearch": 1,
      "filterable": 1,
      "changeable": 0
    },
    {
      "key": "Itv",
      "name": "🥝爱爱┃解析",
      "type": 3,
      "api": "csp_Itv",
      "quickSearch": 1,
      "searchable": 1,
      "filterable": 1,
      "changeable": 0
    },
    {
      "key": "Mtv",
      "name": "🍋芒芒┃解析",
      "type": 3,
      "api": "csp_Mtv",
      "searchable": 1,
      "quickSearch": 1,
      "filterable": 1,
      "changeable": 0
    },
    {
      "key": "csp_Dm84",
      "name": "🚌动漫┃巴士",
      "type": 3,
      "api": "csp_Dm84",
      "searchable": 1,
      "quickSearch": 1,
      "changeable": 1
    },
    {
      "key": "csp_Ying",
      "name": "💮樱花┃动漫",
      "type": 3,
      "api": "csp_Ying",
      "searchable": 1,
      "quickSearch": 1,
      "changeable": 1
    },
    {
      "key": "csp_Ysj",
      "name": "🎀异界┃动漫",
      "type": 3,
      "api": "csp_Ysj",
      "searchable": 1,
      "quickSearch": 1,
      "changeable": 1
    },
    {
      "key": "csp_Anime1",
      "name": "🐾日本┃动漫",
      "type": 3,
      "api": "csp_Anime1",
      "searchable": 1,
      "quickSearch": 1,
      "changeable": 1
    },
    {
      "key": "csp_Yj1211",
      "name": "📽️网红┃直播",
      "type": 3,
      "api": "csp_Yj1211",
      "searchable": 1,
      "quickSearch": 1,
      "changeable": 1
    },
    {
      "key": "88js",
      "name": "⚽ 88┃看球",
      "type": 3,
      "api": "./lib/drpy1.min.js",
      "ext": "./lib/88看球.js",
      "style": {
        "type": "rect",
        "ratio": 1
      },
      "searchable": 0,
      "quickSearch": 0,
      "changeable": 0
    },
    {
      "key": "csp_qiumi",
      "name": "⚽ Jrs┃球迷",
      "type": 3,
      "api": "./lib/drpy1.min.js",
      "ext": "./lib/JRKAN直播.js",
      "style": {
        "type": "rect",
        "ratio": 1
      },
      "searchable": 0,
      "quickSearch": 0,
      "changeable": 0
    },
    {
      "key": "csp_310直播",
      "name": "⚽310┃看球",
      "type": 3,
      "api": "./lib/drpy1.min.js",
      "ext": "./lib/310直播.js",
      "style": {
        "type": "rect",
        "ratio": 1
      },
      "searchable": 0,
      "quickSearch": 0,
      "changeable": 0
    },
    {
      "key": "csp_XPath_企鹅体育",
      "name": "🐧企鹅┃体育",
      "type": 3,
      "api": "csp_XPath",
      "style": {
        "type": "rect",
        "ratio": 1.597
      },
      "searchable": 0,
      "quickSearch": 0,
      "changeable": 0,
      "ext": "./lib/企鹅直播.json"
    },
    {
      "key": "MV_vod",
      "name": "🎶明星┃MV",
      "type": 1,
      "api": "https://mv.wogg.link/mv/vod",
      "style": {
        "type": "oval"
      },
      "searchable": 1,
      "quickSearch": 0,
      "changeable": 0
    },
    {
      "key": "酷奇js",
      "name": "🎤酷奇┃MV",
      "type": 3,
      "api": "./lib/drpy1.min.js",
      "ext": "./lib/酷奇MV.js",
      "style": {
        "type": "rect",
        "ratio": 1.597
      },
      "searchable": 0,
      "quickSearch": 0,
      "changeable": 0
    },
    {
      "key": "虎牙直播js",
      "name": "🐯虎牙┃直播",
      "type": 3,
      "api": "./lib/drpy1.min.js",
      "ext": "./lib/虎牙直播.js",
      "style": {
        "type": "rect",
        "ratio": 1.755
      },
      "searchable": 0,
      "quickSearch": 0,
      "changeable": 0
    },
    {
      "key": "csp_XYQBiu_斗鱼",
      "name": "🐟斗鱼┃直播",
      "type": 3,
      "api": "./lib/drpy1.min.js",
      "ext": "./lib/斗鱼直播.js",
      "style": {
        "type": "rect",
        "ratio": 1.755
      },
      "searchable": 0,
      "quickSearch": 0,
      "changeable": 0
    },
    {
      "key": "csp_聚短视频",
      "name": "📽️聚短┃视频",
      "type": 3,
      "api": "./lib/drpy1.min.js",
      "ext": "./lib/短视频.js",
      "searchable": 0,
      "quickSearch": 0,
      "changeable": 0
    },
    {
      "key": "有声小说js",
      "name": "🎧有声┃小说",
      "type": 3,
      "api": "./lib/drpy1.min.js",
      "ext": "./lib/有声小说吧.js",
      "style": {
        "type": "rect",
        "ratio": 1
      },
      "searchable": 0,
      "quickSearch": 0,
      "changeable": 0
    },
    {
      "key": "YiSo",
      "name": "😹易搜┃搜索",
      "type": 3,
      "api": "csp_YiSo",
      "searchable": 1,
      "quickSearch": 1,
      "changeable": 0,
      "ext": "http://127.0.0.1:9978/file/tvfan/token.txt+4k|auto|fhd"
    },
    {
      "key": "Zhaozy",
      "name": "🐺找资源┃搜索",
      "type": 3,
      "api": "csp_Zhaozy",
      "searchable": 1,
      "quickSearch": 1,
      "changeable": 0,
      "ext": "http://127.0.0.1:9978/file/tvfan/token.txt+4k|auto|fhd$$$fanfan$$$qqq111"
    },
    {
      "key": "PanSou",
      "name": "🦊盘搜┃搜索",
      "type": 3,
      "api": "csp_PanSou",
      "searchable": 1,
      "quickSearch": 1,
      "changeable": 0,
      "ext": "http://127.0.0.1:9978/file/tvfan/token.txt+4k|auto|fhd"
    },
    {
      "key": "UpYun",
      "name": "😻Up搜┃搜索",
      "type": 3,
      "api": "csp_UpYun",
      "searchable": 1,
      "quickSearch": 1,
      "changeable": 0,
      "ext": "http://127.0.0.1:9978/file/tvfan/token.txt+4k|auto|fhd"
    },
    {
      "key": "PanSearch",
      "name": "🙀盘Se┃搜索",
      "type": 3,
      "api": "csp_PanSearch",
      "searchable": 1,
      "quickSearch": 1,
      "changeable": 0,
      "ext": "http://127.0.0.1:9978/file/tvfan/token.txt+4k|auto|fhd"
    },
    {
      "key": "七夜",
      "name": "😾七夜┃搜索",
      "type": 3,
      "api": "csp_Dovx",
      "searchable": 1,
      "quickSearch": 1,
      "changeable": 0,
      "ext": "http://127.0.0.1:9978/file/tvfan/token.txt+4k|auto|fhd"
    },
    {
      "key": "push_agent",
      "name": "🛴手机┃推送",
      "type": 3,
      "api": "csp_Push",
      "searchable": 0,
      "quickSearch": 0,
      "ext": "http://127.0.0.1:9978/file/tvfan/token.txt+4k|auto|fhd"
    },
    {
      "key": "csp_Nbys",
      "name": "🛫泥巴┃飞",
      "type": 3,
      "api": "csp_NiNi",
      "searchable": 1,
      "quickSearch": 1,
      "changeable": 1
    },
    {
      "key": "csp_trj",
      "name": "🛫唐人街┃飞",
      "type": 3,
      "api": "csp_Tangrenjie",
      "searchable": 1,
      "quickSearch": 1,
      "changeable": 1
    },
    {
      "key": "dr_兔小贝",
      "name": "📚儿童┃启蒙",
      "type": 3,
      "api": "./lib/drpy1.min.js",
      "ext": "./lib/兔小贝.js",
      "style": {
        "type": "rect",
        "ratio": 1.597
      },
      "searchable": 0,
      "quickSearch": 0,
      "changeable": 0
    },
    {
      "key": "少儿教育",
      "name": "📚少儿┃教育",
      "type": 3,
      "api": "csp_Bili",
      "style": {
        "type": "rect",
        "ratio": 1.597
      },
      "searchable": 0,
      "quickSearch": 0,
      "changeable": 0,
      "ext": "./lib/少儿教育.json"
    },
    {
      "key": "小学课堂",
      "name": "📚小学┃课堂",
      "type": 3,
      "api": "csp_Bili",
      "style": {
        "type": "rect",
        "ratio": 1.597
      },
      "searchable": 0,
      "quickSearch": 0,
      "changeable": 0,
      "ext": "./lib/小学课堂.json"
    },
    {
      "key": "初中课堂",
      "name": "📚初中┃课堂",
      "type": 3,
      "api": "csp_Bili",
      "style": {
        "type": "rect",
        "ratio": 1.597
      },
      "searchable": 0,
      "quickSearch": 0,
      "changeable": 0,
      "ext": "./lib/初中课堂.json"
    },
    {
      "key": "高中教育",
      "name": "📚高中┃课堂",
      "type": 3,
      "api": "csp_Bili",
      "style": {
        "type": "rect",
        "ratio": 1.597
      },
      "searchable": 0,
      "quickSearch": 0,
      "changeable": 0,
      "ext": "./lib/高中课堂.json"
    }
  ],
  "parses": [
    {
      "name": "聚合1",
      "type": 3,
      "url": "Demo"
    },
    {
      "name": "聚合0",
      "type": 3,
      "url": "Web"
    },
    {
      "name": "神秘的哥哥们",
      "type": 1,
      "url": "http://jx.wogg.link:63/jiexi/饭特析.php?url="
    },
    {
      "name": "解析",
      "type": 1,
      "url": "https://jx.zhanlangbu.com/?url=",
      "ext": {
        "flag": [
          "qq",
          "腾讯",
          "qiyi",
          "爱奇艺",
          "奇艺",
          "youku",
          "优酷",
          "sohu",
          "搜狐",
          "letv",
          "乐视",
          "mgtv",
          "芒果",
          "imgo",
          "rx",
          "ltnb",
          "bilibili",
          "1905",
          "xigua"
        ]
      }
    },
    {
      "name": "全部",
      "type": 1,
      "url": "http://110.42.2.247:880/analysis/json/?uid=2449&my=acfgikquvzFGJRW459&url="
    },
    {
      "name": "来自",
      "type": 0,
      "url": "https://json.key521.cn/api/?key=df27d9ca9ec97e22c47f8565a50aa6f5&url="
    },
    {
      "name": "网络",
      "type": 1,
      "url": "http://xiaoxin.1080p.fun/home/api?type=ys&uid=91198&key=bhntuwyAJLMTUY1478&url="
    },
    {
      "name": "大家",
      "type": 0,
      "url": "https://jx.xmflv.com/?url=",
      "ext": {
        "flag": [
          "qq",
          "腾讯",
          "qiyi",
          "爱奇艺",
          "奇艺",
          "youku",
          "优酷",
          "mgtv",
          "芒果",
          "imgo",
          "letv",
          "乐视",
          "pptv",
          "PPTV",
          "sohu",
          "bilibili",
          "哔哩哔哩",
          "哔哩"
        ],
        "header": {
          "User-Agent": "okhttp/4.1.0"
        }
      }
    },
    {
      "name": "随便用",
      "type": 1,
      "url": "https://jx.ccabc.cc/xc/?key=5567332json&url="
    },
    {
      "name": "坏了我",
      "type": 0,
      "url": "http://27.124.4.42:4567/jhjson/ceshi.php?url=",
      "ext": {
        "flag": [
          "qq",
          "腾讯",
          "qiyi",
          "爱奇艺",
          "奇艺",
          "youku",
          "优酷",
          "mgtv",
          "imgo",
          "芒果",
          "letv",
          "乐视",
          "pptv",
          "PPTV",
          "sohu",
          "bilibili",
          "哔哩哔哩",
          "哔哩"
        ],
        "header": {
          "User-Agent": "okhttp/4.1.0"
        }
      }
    },
    {
      "name": "再找来",
      "type": 1,
      "url": "http://xiaoxin.1080p.fun/home/api?type=ys&uid=91198&key=bhntuwyAJLMTUY1478&url="
    }
  ],
  "rules": [
    {
      "name": "lz",
      "hosts": [
        "vip.lz",
        "hd.lz",
        "v.cdnlz"
      ],
      "regex": [
        "#EXT-X-DISCONTINUITY\\r*\\n*#EXTINF:6.433333,[\\s\\S]*?#EXT-X-DISCONTINUITY",
        "#EXTINF.*?\\s+.*?1o.*?\\.ts\\s+"
      ]
    },
    {
      "name": "ff",
      "hosts": [
        "vip.ffzy",
        "hd.ffzy"
      ],
      "regex": [
        "#EXT-X-DISCONTINUITY\\r*\\n*#EXTINF:6.666667,[\\s\\S]*?#EXT-X-DISCONTINUITY",
        "#EXTINF.*?\\s+.*?1o.*?\\.ts\\s+"
      ]
    },
    {
      "name": "bf",
      "hosts": [
        "bfzy",
        "s5.bfzycdn"
      ],
      "regex": [
        "#EXT-X-DISCONTINUITY\\r*\\n*#EXTINF:3,[\\s\\S]*?#EXT-X-DISCONTINUITY"
      ]
    },
    {
      "name": "hs",
      "hosts": [
        "huoshan.com"
      ],
      "regex": [
        "item_id="
      ]
    },
    {
      "name": "dy",
      "hosts": [
        "douyin.com"
      ],
      "regex": [
        "is_play_url="
      ]
    },
    {
      "name": "cl",
      "hosts": [
        "magnet"
      ],
      "regex": [
        "最 新",
        "直 播",
        "更 新"
      ]
    }
  ],
  "lives": [
    {
      "name": "live",
      "type": 0,
      "url": "./lib/tvlive.txt",
      "playerType": 1,
      "ua": "okhttp/3.15",
      "epg": "http://epg.112114.xyz/?ch={name}&date={date}",
      "logo": "https://epg.112114.xyz/logo/{name}.png"
    }
  ],
  "flags": [
    "youku",
    "优酷",
    "优 酷",
    "优酷视频",
    "qq",
    "腾讯",
    "腾 讯",
    "腾讯视频",
    "iqiyi",
    "qiyi",
    "奇艺",
    "爱奇艺",
    "爱 奇 艺",
    "m1905",
    "xigua",
    "letv",
    "leshi",
    "乐视",
    "乐 视",
    "sohu",
    "搜狐",
    "搜 狐",
    "搜狐视频",
    "tudou",
    "pptv",
    "mgtv",
    "芒果",
    "imgo",
    "芒果TV",
    "芒 果 T V",
    "bilibili",
    "哔 哩",
    "哔 哩 哔 哩"
  ],
  "ads": [
    "wan.51img1.com",
    "iqiyi.hbuioo.com",
    "vip.ffzyad.com",
    "https://lf1-cdn-tos.bytegoofy.com/obj/tos-cn-i-dy/455ccf9e8ae744378118e4bd289288dd"
  ]
}