    {
    
    "作者":"荷城茶秀",
    
    "站名":"酷茶影视",
    
    "主页url":"https://www.kcys.top/",
    
    "简介":"【荷城茶秀】提醒您请勿相信影片中的广告，以免上当受骗！欢迎加入QQ交流群：891992786，公众号：日后魔改，获取更多影视资源。+<p&&</p>",
    
    "影片状态":"备注：&&</div>",
    
    "影片类型":"module-info-tag\">&&立即播放",
    
    "线路数组":"data-dropdown-value=&&</div>[不包含:新狼][排序:线路]",
    
    "线路标题":"荷城茶秀接口-+<span>&&</small>[替换:企鹅>>腾讯#支线>>线路#奇翼>>奇艺#忧酷>>优酷#</span><small>>>🌸共]+集🌸",
    
    "分类url":"https://www.kcys.top/index.php/vod/show/area/{area}/by/{by}/class/{class}/id/{cateId}/lang/{lang}/page/{catePg}/year/{year}.html;;ak",
    
    "分类":"电影$20#电视剧$21#动漫$22#综艺$23#体育$49"}