{
  "spider": "./xym.jar",
  "warningText": "🐱夜猫子提醒您:本接口长期更新 完全免费 请放心使用🐱",
  "wallpaper": "https://yun.chuqiuyu.tk",
  "sites": [
    {
      "key": "csp_SP360",
      "name": "🍳┃360官源┃",
      "type": 3,
      "playerType": 2,
      "api": "csp_SP360",
      "searchable": 1,
      "quickSearch": 1,
      "filterable": 1,
      "changeable": 0
    },
    {
      "key": "drpy_js_百忙无果",
      "name": "官源 | 🥭",
      "type": 3,
      "playerType": 2,
      "api": "./lib/drpy2.min.js",
      "ext": "./lib/百忙无果.js"
    },
    {
      "key": "drpy_js_奇珍异兽",
      "name": "官源 |🥝",
      "type": 3,
      "playerType": 2,
      "api": "./lib/drpy2.min.js",
      "ext": "./lib/奇珍异兽.js"
    },
    {
      "key": "drpy_yh",
      "name": "官源 | ⛽",
      "type": 3,
      "playerType": 2,
      "api": "./lib/drpy2.min.js",
      "ext": "./lib/优酷.js"
    },
    {
      "key": "drpy_js_菜狗",
      "name": "官源 | 🐕",
      "type": 3,
      "playerType": 2,
      "api": "./lib/drpy2.min.js",
      "ext": "./lib/菜狗.js"
    },
    {
      "key": "探探",
      "name": "🏵饭佬影探",
      "type": 3,
      "playerType": "1",
      "api": "csp_YTVIP",
      "searchable": 1,
      "quickSearch": 1,
      "changeable": 1,
      "ext": "http://ytcms.lyyytv.cn/api.php/app/",
      "jar": "./lib/yt.jar"
    },
    {
      "key": "彩虹",
      "name": "🌈彩虹4K",
      "type": 3,
      "api": "csp_AppYsV2",
      "playerType": 2,
      "searchable": 1,
      "quickSearch": 1,
      "changeable": 1,
      "ext": "http://ys.qtw.asia/lvdou_api.php/v1.vod",
      "categories": [
        "连续剧",
        "电影",
        "动漫",
        "综艺"
      ]
    },
    {
      "key": "mb",
      "name": "👑夜猫秒播👑",
      "type": 3,
      "api": "csp_AppYsV2",
      "searchable": 1,
      "quickSearch": 1,
      "changeable": 1,
      "ext": "http://mp4.ghlyys.com/api.php/app/"
    },
    {
      "key": "zyys",
      "name": "👑夜猫自营👑",
      "type": 1,
      "api": "https://ys.md214.cn/api.php/provide/vod/",
      "searchable": 1,
      "quickSearch": 1,
      "filterable": 1,
      "playUrl": "json:http://27.124.4.42:4567/jhjson/ceshi.php?url=",
      "categories": [
        "电影",
        "连续剧",
        "动漫",
        "综艺"
      ]
    },
    {
      "key": "超前",
      "name": "👑超前4K👑",
      "type": 3,
      "searchable": 1,
      "quickSearch": 1,
      "api": "./lib/drpy2.min.js",
      "ext": "./lib/4K超前.js"
    },
    {
      "key": "ymym",
      "name": "👑夜猫优米👑",
      "type": 3,
      "playerType": 2,
      "api": "csp_AppYsV2",
      "searchable": 1,
      "quickSearch": 1,
      "filterable": 1,
      "ext": "http://ym.dytt996.com:12/api.php/app/"
    },
    {
      "key": "yc",
      "name": "👑夜猫影巢4K👑",
      "type": 3,
      "playerType": 1,
      "api": "csp_Hdhive",
      "searchable": 1,
      "quickSearch": 1,
      "filterable": 0,
      "ext": "http://127.0.0.1:9978/file/风言锋语88/风言锋语/token.txt",
      "jar": "./lib/xry.jar"
    },
    {
      "key": "csp_appysv2_迷你库",
      "name": "👑夜猫迷你2k👑",
      "type": 3,
      "playerType": 2,
      "api": "csp_AppYsV2",
      "searchable": 1,
      "quickSearch": 1,
      "filterable": 1,
      "ext": "http://www.miniku.cc/xgapp.php/v2/"
    },
    {
      "key": "影院",
      "name": "👑夜猫蓝光2K👑",
      "type": 3,
      "playerType": 2,
      "api": "csp_AppYsV2",
      "searchable": 1,
      "quickSearch": 1,
      "filterable": 1,
      "ext": "https://www.gsjtlxy.top/xgapp.php/v3/"
    },
    {
      "key": "AppYs_南瓜",
      "name": "👑南瓜蓝光👑",
      "type": 3,
      "playerType": 2,
      "api": "./lib/drpy2.min.js",
      "changeable": 0,
      "searchable": 1,
      "quickSearch": 1,
      "ext": "./lib/南瓜.js"
    },
    {
      "key": "qiyue",
      "name": "👑七月蓝光👑",
      "type": 3,
      "playerType": 2,
      "api": "csp_XBPQ",
      "searchable": 1,
      "quickSearch": 1,
      "filterable": 1,
      "ext": "./lib/七月影视.json"
    },
    {
      "key": "hanju",
      "name": "👑天天韩剧👑",
      "type": 3,
      "playerType": 2,
      "api": "csp_XBPQ",
      "searchable": 1,
      "quickSearch": 1,
      "filterable": 1,
      "ext": "./lib/天天韩剧.json"
    },
    {
      "key": "看剧",
      "name": "👑看剧蓝光👑",
      "type": 3,
      "playerType": 2,
      "api": "csp_AppYsV2",
      "searchable": 1,
      "quickSearch": 1,
      "filterable": 1,
      "ext": "https://kankanju.cc/api.php/app/"
    },
    {
      "key": "狐狸影视",
      "name": "👑狐狸影视2k👑",
      "type": 3,
      "playerType": 1,
      "api": "csp_AppYsV2",
      "searchable": 1,
      "quickSearch": 1,
      "filterable": 1,
      "changeable": 1,
      "ext": "https://www.kuin.one/api.php/app/"
    },
    {
      "key": "xymzftfx",
      "name": "👑非同凡响👑",
      "type": 3,
      "playerType": 1,
      "api": "./lib/drpy2.min.js",
      "ext": "./lib/非同凡响.js"
    },
    {
      "key": "csp_Ikanbot",
      "name": "👑夜猫聚影👑",
      "type": 3,
      "api": "csp_Ikanbot",
      "searchable": 1,
      "quickSearch": 1,
      "filterable": 1
    },
    {
      "key": "dr_jqr",
      "name": "👑夜猫聚影2(待修复)👑",
      "type": 3,
      "playerType": 2,
      "api": "./lib/drpy2.min.js",
      "ext": "./lib/ikanbot1.js"
    },
    {
      "key": "csp_djtv",
      "name": "😻爱看短剧",
      "type": 3,
      "playerType": 2,
      "api": "csp_XBPQ",
      "searchable": 1,
      "quickSearch": 1,
      "filterable": 1,
      "ext": "./lib/短剧.json"
    },
    {
      "key": "dr_czyzy",
      "name": "🚚厂长蓝光2k",
      "type": 3,
      "playerType": 2,
      "api": "./lib/drpy2.min.js",
      "ext": "./lib/厂长资源.js"
    },
    {
      "key": "csp_低端",
      "name": "🚜低端|蓝光",
      "type": 3,
      "playerType": 2,
      "api": "csp_XBPQ",
      "searchable": 1,
      "quickSearch": 1,
      "filterable": 1,
      "ext": "./lib/低端影视.json"
    },
    {
      "key": "csp_菲克",
      "name": "🍾菲克影视",
      "type": 3,
      "playerType": 2,
      "api": "csp_XBPQ",
      "searchable": 1,
      "quickSearch": 0,
      "filterable": 1,
      "ext": "./lib/菲克.json"
    },
    {
      "key": "小鹿",
      "name": "🦒小鹿高清",
      "type": 3,
      "playerType": 2,
      "api": "csp_XBPQ",
      "ext": {
        "分类": "电影$1#电视剧$31#动漫$4#综艺$3",
        "分类url": "http://www.xiaoluys.me/vodshow/{cateId}-{area}-{by}------{catePg}---{year}.html"
      }
    },
    {
      "key": "drpy_js_荐片",
      "name": "👑 | 荐片蓝光",
      "type": 3,
      "api": "./lib/drpy2.min.js",
      "ext": "./lib/荐片.js",
      "playerType": "1"
    },
    {
      "key": "csp_slgq",
      "name": "🏵️石榴蓝光",
      "type": 3,
      "playerType": 2,
      "api": "csp_XBPQ",
      "searchable": 1,
      "quickSearch": 1,
      "filterable": 1,
      "ext": "./lib/石榴高清.json"
    },
    {
      "key": "dr_ymi",
      "name": "⭐┃映迷蓝光┃",
      "type": 3,
      "playerType": 2,
      "api": "./lib/drpy2.min.js",
      "ext": "./lib/映迷影院.js"
    },
    {
      "key": "drpy_qy",
      "name": "🐵奇优影院",
      "type": 3,
      "playerType": 2,
      "api": "./lib/drpy2.min.js",
      "ext": "./lib/奇优影院.js"
    },
    {
      "key": "dr_xc",
      "name": "⭐┃星辰蓝光┃",
      "type": 3,
      "playerType": 2,
      "api": "./lib/drpy2.min.js",
      "ext": "./lib/星辰.js"
    },
    {
      "key": "csp_aidi_api",
      "name": "🐩爱迪高清APP",
      "type": 3,
      "playerType": 2,
      "api": "csp_AppYsV2",
      "searchable": 1,
      "quickSearch": 1,
      "filterable": 1,
      "ext": "https://aidiapp.xyz/xgapp.php/v2/"
    },
    {
      "key": "csp_ggun",
      "name": "🌵光棍高清",
      "type": 3,
      "playerType": 2,
      "api": "csp_XBPQ",
      "searchable": 1,
      "quickSearch": 1,
      "filterable": 1,
      "ext": "./lib/光棍影视.json"
    },
    {
      "key": "csp_miai",
      "name": "🌾米爱蓝光",
      "type": 3,
      "playerType": 2,
      "api": "csp_XBPQ",
      "searchable": 1,
      "quickSearch": 1,
      "filterable": 1,
      "ext": "./lib/米爱影视.json"
    },
    {
      "key": "csp_bt",
      "name": "😢鼻涕影视",
      "type": 3,
      "playerType": 2,
      "api": "csp_XBPQ",
      "searchable": 1,
      "quickSearch": 1,
      "filterable": 1,
      "ext": "./lib/鼻涕影视.json"
    },
    {
      "key": "XBPQsj",
      "name": "🔥┃新视觉┃",
      "type": 3,
      "playerType": 2,
      "api": "csp_XBPQ",
      "filterable": 1,
      "quickSearch": 1,
      "searchable": 1,
      "ext": "./lib/6080.json"
    },
    {
      "key": "csp_XBPQ_nmys",
      "name": "🚲┃农民┃",
      "type": 3,
      "playerType": 2,
      "api": "csp_XBPQ",
      "searchable": 1,
      "quickSearch": 1,
      "filterable": 1,
      "ext": "./lib/农民影视.json"
    },
    {
      "key": "csp_XBPQ_thys",
      "name": "⛴️┃土豪┃影视",
      "type": 3,
      "playerType": 2,
      "api": "csp_XBPQ",
      "searchable": 1,
      "quickSearch": 1,
      "filterable": 1,
      "ext": "./lib/土豪影视.json"
    },
    {
      "key": "csp_Mp4Mov",
      "name": "🧲磁力Mp4电影",
      "type": 3,
      "playerType": 2,
      "api": "csp_Mp4Mov",
      "searchable": 1,
      "quickSearch": 1,
      "filterable": 1
    },
    {
      "key": "csp_SeedHub",
      "name": "🧲SeedHub",
      "type": 3,
      "api": "csp_SeedHub",
      "playerType": 1,
      "searchable": 1,
      "quickSearch": 1,
      "filterable": 1
    },
    {
      "key": "csp_KubaCL",
      "name": "🧲磁力酷吧电影",
      "type": 3,
      "playerType": 1,
      "api": "csp_KubaCL",
      "searchable": 1,
      "quickSearch": 1,
      "filterable": 1
    },
    {
      "key": "csp_XYQHiker_极影网",
      "name": "🧲极影网",
      "type": 3,
      "api": "csp_XYQHiker",
      "searchable": 1,
      "quickSearch": 1,
      "filterable": 1,
      "ext": "./lib/极影网.json"
    },
    {
      "key": "csp_BLSGod",
      "name": "🧲80S影视",
      "type": 3,
      "api": "csp_BLSGod",
      "playerType": 1,
      "searchable": 1,
      "quickSearch": 1,
      "filterable": 1
    },
    {
      "key": "csp_Xunlei8",
      "name": "🧲迅雷吧",
      "type": 3,
      "api": "csp_Xunlei8",
      "playerType": 1,
      "searchable": 1,
      "quickSearch": 1,
      "filterable": 1
    },
    {
      "key": "csp_MeijuTT",
      "name": "🧲磁力美剧天堂",
      "type": 3,
      "playerType": 1,
      "api": "csp_MeijuTT",
      "searchable": 1,
      "quickSearch": 1,
      "filterable": 1
    },
    {
      "key": "csp_MeijuMi",
      "name": "🧲磁力美剧迷",
      "type": 3,
      "playerType": 1,
      "api": "csp_MeijuMi",
      "searchable": 1,
      "quickSearch": 1,
      "filterable": 1
    },
    {
      "key": "mp4",
      "name": "Ⓜ️MP4┃磁力",
      "type": 3,
      "api": "csp_XYQHiker",
      "playerType": 2,
      "ext": "./lib/mp4磁力.json"
    },
    {
      "key": "6V",
      "name": "🏹6v磁力搜",
      "type": 3,
      "api": "csp_XYQHiker",
      "playerType": 2,
      "ext": "./lib/6V电影.json"
    },
    {
      "key": "csp_XYQHikerAL_玩偶哥哥",
      "name": "🤡玩偶哥哥",
      "type": 3,
      "api": "csp_XYQHikerAL",
      "playerType": 1,
      "searchable": 1,
      "quickSearch": 1,
      "filterable": 1,
      "ext": "./lib/玩偶哥哥.json"
    },
    {
      "key": "csp_XYQHikerlg4k",
      "name": "💋玩偶姐姐4k",
      "type": 3,
      "playerType": 3,
      "api": "csp_XYQHiker",
      "searchable": 1,
      "quickSearch": 1,
      "filterable": 1,
      "ext": "./lib/4KHDR.json"
    },
    {
      "key": "csp_XYQHiker4klg",
      "name": "💅🏻玩偶妹妹4k",
      "type": 3,
      "playerType": 3,
      "api": "csp_XYQHiker",
      "searchable": 1,
      "quickSearch": 1,
      "filterable": 1,
      "ext": "./lib/中国蓝光网.json"
    },
    {
      "key": "csp_XYQHiker_‍dyx",
      "name": "🚢电影港磁力4k",
      "type": 3,
      "playerType": 3,
      "api": "csp_XYQHiker",
      "searchable": 1,
      "quickSearch": 1,
      "filterable": 1,
      "ext": "./lib/电影港.json"
    },
    {
      "key": "csp_xpath_yinfans",
      "name": "💥音范丝4K",
      "type": 3,
      "playerType": 3,
      "api": "csp_XPath",
      "searchable": 1,
      "quickSearch": 1,
      "filterable": 1,
      "ext": "./lib/音范丝.json"
    },
    {
      "key": "py_央视片库",
      "name": "🌏cctv片库",
      "type": 3,
      "playerType": 2,
      "api": "py_cctv",
      "ext": "./lib/央视片库.py"
    },
    {
      "key": "app_快看",
      "name": "️💕快看采集",
      "type": 1,
      "playerType": 2,
      "api": "https://kuaikan-api.com/api.php/provide/vod/from/kuaikanyun",
      "categories": [
        "网络电影",
        "动画电影",
        "动作片",
        "冒险片",
        "喜剧片",
        "爱情片",
        "奇幻片",
        "灾难片",
        "科幻片",
        "恐怖片",
        "剧情片",
        "战争片",
        "国产动漫",
        "日本动漫",
        "国产剧",
        "韩国剧",
        "港台剧",
        "欧美剧",
        "国产综艺",
        "港台综艺"
      ]
    },
    {
      "key": "暴风采集",
      "name": "🍃┃暴风┃高清",
      "type": 1,
      "playerType": 2,
      "api": "https://app.bfzyapi.com/api.php/provide/vod/",
      "playUrl": "",
      "categories": [
        "国产剧",
        "国产动漫",
        "动作片",
        "科幻片",
        "剧情片",
        "喜剧片",
        "爱情片",
        "恐怖片",
        "战争片",
        "香港剧",
        "台湾剧",
        "日本剧",
        "欧美剧",
        "泰国剧",
        "日本动漫",
        "综艺频道",
        "大陆综艺",
        "港台综艺",
        "日本综艺",
        "新马泰综艺",
        "纪录片"
      ]
    },
    {
      "key": "dr_qif",
      "name": "🛫起飞影院",
      "type": 3,
      "playerType": 2,
      "api": "./lib/drpy2.min.js",
      "ext": "./lib/起飞影院.js"
    },
    {
      "key": "csp_58",
      "name": "🏵️58动漫",
      "type": 3,
      "playerType": 2,
      "api": "csp_XBPQ",
      "searchable": 1,
      "quickSearch": 1,
      "filterable": 1,
      "ext": "./lib/58动漫.json"
    },
    {
      "key": "csp_xml_量子资源",
      "name": "🐝量子资源",
      "type": 1,
      "playerType": 2,
      "api": "http://cj.lziapi.com/api.php/provide/vod/",
      "searchable": 1,
      "quickSearch": 1,
      "categories": [
        "国产动漫",
        "国产剧",
        "动作片",
        "喜剧片",
        "爱情片",
        "动画片",
        "冒险片",
        "武侠片",
        "科幻片",
        "战争片",
        "日韩剧",
        "港台剧",
        "欧美剧",
        "泰国剧",
        "海外剧",
        "日韩动漫",
        "欧美动漫",
        "国内综艺",
        "海外综艺",
        "恐怖片",
        "灾难片",
        "悬疑片",
        "纪录片",
        "惊悚片",
        "奇幻片",
        "剧情片"
      ]
    },
    {
      "key": "非凡",
      "name": "🦅非凡",
      "type": "1",
      "playerType": 2,
      "api": "http://cj.ffzyapi.com/api.php/provide/vod/?ac=list",
      "searchable": "1",
      "playUrl": "",
      "changeable": "0",
      "categories": [
        "国产动漫",
        "日韩动漫",
        "国产剧",
        "韩国剧",
        "日本剧",
        "电影片",
        "连续剧",
        "综艺片",
        "动漫片",
        "动作片",
        "喜剧片",
        "爱情片",
        "科幻片",
        "恐怖片",
        "剧情片",
        "战争片",
        "香港剧",
        "欧美剧",
        "记录片",
        "台湾剧",
        "海外剧",
        "泰国剧",
        "大陆综艺",
        "港台综艺",
        "日韩综艺",
        "欧美综艺",
        "欧美动漫",
        "港台动漫",
        "海外动漫"
      ]
    },
    {
      "key": "drpy_xb",
      "name": "🛫小宝影视(墙外)",
      "type": 3,
      "playerType": 2,
      "api": "./lib/drpy2.min.js",
      "ext": "./lib/小宝影院.js"
    },
    {
      "key": "csp_XBPQaol",
      "name": "🛫┃爱欧乐┃",
      "type": 3,
      "playerType": 2,
      "api": "csp_XBPQ",
      "searchable": 1,
      "quickSearch": 1,
      "filterable": 1,
      "ext": "./lib/爱欧乐影视.json"
    },
    {
      "key": "drpy_trj",
      "name": "🛫唐人街(墙外)",
      "type": 3,
      "playerType": 2,
      "api": "./lib/drpy2.min.js",
      "ext": "./lib/唐人街影视[飞].js"
    },
    {
      "key": "drpy_hh",
      "name": "🛫吼吼影视(墙外)",
      "type": 3,
      "playerType": 2,
      "api": "./lib/drpy2.min.js",
      "ext": "./lib/HoHo影视.js"
    },
    {
      "key": "drpy_od",
      "name": "🛫欧帝影视(墙外)",
      "type": 3,
      "playerType": 2,
      "api": "./lib/drpy2.min.js",
      "ext": "./lib/欧帝影院.js"
    },
    {
      "key": "dr_美视网",
      "name": "🛫美视网(飞)",
      "type": 3,
      "playerType": 2,
      "api": "./lib/drpy2.min.js",
      "ext": "./lib/美视网.js"
    },
    {
      "key": "csp_KungFu404",
      "name": "🍱云盘登录入口",
      "type": 3,
      "api": "csp_KungFu404",
      "searchable": 1,
      "filterable": 1,
      "changeable": 0,
      "ext": "http://127.0.0.1:9978/file/风言锋语88/风言锋语/token.txt",
      "jar": "./lib/ali2.jar;md5;332d0e5a28640ee88589390ad4a23a39"
    },
    {
      "key": "Gitcafe",
      "name": "🌐小纸条(搜索)",
      "type": 3,
      "api": "csp_Gitcafe",
      "playerType": 1,
      "searchable": 1,
      "quickSearch": 1,
      "filterable": 1,
      "ext": "http://127.0.0.1:9978/file/风言锋语88/风言锋语/token.txt"
    },
    {
      "key": "csp_Zhaozy",
      "name": "🌐找资源(搜索)",
      "type": 3,
      "api": "csp_Zhaozy",
      "playerType": 1,
      "searchable": 1,
      "quickSearch": 1,
      "filterable": 0,
      "ext": "http://127.0.0.1:9978/file/风言锋语88/风言锋语/token.txt"
    },
    {
      "key": "csp_AliPS",
      "name": "🌐喵狸盘搜(搜索)",
      "type": 3,
      "api": "csp_AliPS",
      "playerType": 1,
      "searchable": 1,
      "quickSearch": 1,
      "filterable": 0,
      "ext": "http://127.0.0.1:9978/file/风言锋语88/风言锋语/token.txt"
    },
    {
      "key": "csp_Yisou",
      "name": "🌐易搜(搜索)",
      "type": 3,
      "api": "csp_Yisou",
      "playerType": 1,
      "searchable": 1,
      "quickSearch": 1,
      "filterable": 0,
      "ext": "http://127.0.0.1:9978/file/风言锋语88/风言锋语/token.txt"
    },
    {
      "key": "csp_Upyunso",
      "name": "🌐UP云搜(搜索)",
      "type": 3,
      "api": "csp_Upyunso",
      "playerType": 1,
      "searchable": 1,
      "quickSearch": 1,
      "filterable": 0,
      "ext": "http://127.0.0.1:9978/file/风言锋语88/风言锋语/token.txt"
    },
    {
      "key": "csp_XYQHikerAL_阿里云盘网",
      "name": "🌐阿里云盘",
      "type": 3,
      "playerType": 1,
      "api": "csp_XYQHikerAL",
      "searchable": 1,
      "quickSearch": 1,
      "filterable": 1,
      "ext": "./lib/阿里云盘.json"
    },
    {
      "key": "csp_XYQHiker_DOVX搜索",
      "name": "🌐DOVX云盘",
      "type": 3,
      "playerType": 1,
      "api": "csp_XYQHiker",
      "searchable": 1,
      "quickSearch": 1,
      "filterable": 1,
      "ext": "./lib/DOVX搜索.json"
    },
    {
      "key": "哔哩",
      "name": "🍥哔哩哔哩",
      "type": 3,
      "playerType": 2,
      "api": "./lib/drpy2.min.js",
      "searchable": 2,
      "quickSearch": 0,
      "filterable": 0,
      "ext": "./lib/我的哔哩.js"
    },
    {
      "key": "音乐",
      "name": "🎶哔哩音乐",
      "type": 3,
      "api": "csp_Bili",
      "searchable": 0,
      "quickSearch": 0,
      "filterable": 0,
      "ext": "./lib/哔哩音乐.json",
      "jar": "./lib/Bili.jar"
    },
    {
      "key": "csp_XYQHiker_虎牙直播",
      "name": "🐯虎牙直播(XYQH)",
      "type": 3,
      "playerType": 2,
      "api": "csp_XYQHiker",
      "searchable": 1,
      "quickSearch": 0,
      "filterable": 0,
      "ext": "./lib/虎牙直播.json"
    },
    {
      "key": "drpy_douy",
      "name": "🐅虎牙js",
      "type": 3,
      "playerType": 2,
      "api": "./lib/drpy2.min.js",
      "ext": "./lib/虎牙直播.js"
    },
    {
      "key": "dr_武享吧",
      "name": "💪拳皇争霸",
      "type": 3,
      "playerType": 2,
      "api": "./lib/drpy2.min.js",
      "searchable": 2,
      "quickSearch": 0,
      "filterable": 0,
      "ext": "./lib/武享吧.js"
    },
    {
      "key": "企鹅体育",
      "name": "🐧腾讯┃体育",
      "type": 3,
      "playerType": 2,
      "api": "csp_XPath",
      "searchable": 1,
      "quickSearch": 0,
      "filterable": 0,
      "ext": "./lib/ty.json"
    },
    {
      "key": "MTV转点播",
      "name": "🎶万首| MTV",
      "type": 3,
      "playerType": 2,
      "api": "./lib/lf_live_min.js",
      "ext": "./lib/mv.txt"
    },
    {
      "key": "MV_vod",
      "name": "🤳字母┃点歌台",
      "type": 1,
      "api": "https://tvbox-mv--leosam2048.repl.co/mv/vod"
    },
    {
      "key": "dr_263",
      "name": "🌺高清MV",
      "type": 3,
      "playerType": 2,
      "api": "./lib/drpy2.min.js",
      "ext": "./lib/MV263.js"
    },
    {
      "key": "dr_pgdj",
      "name": "🍎苹果dj",
      "type": 3,
      "playerType": 2,
      "api": "./lib/drpy2.min.js",
      "ext": "./lib/苹果DJ.js"
    },
    {
      "key": "da_ry",
      "name": "🎵音乐┃MV",
      "type": 4,
      "playerType": 2,
      "api": "http://120.53.102.254/dsp/",
      "searchable": 1,
      "quickSearch": 1,
      "filterable": 1
    },
    {
      "key": "js_DJ",
      "name": "🎧DJ┃摇摆吧",
      "type": 3,
      "api": "./lib/drpy.min.js",
      "ext": "./lib/DJ音乐.js",
      "playerType": "2"
    },
    {
      "key": "drpy_qf",
      "name": "🍃清风DJ",
      "type": 3,
      "api": "./lib/drpy2.min.js",
      "ext": "./lib/清风DJ.js"
    },
    {
      "key": "csp_ts",
      "name": "🏵️230听书",
      "type": 3,
      "api": "csp_XBPQ",
      "searchable": 1,
      "quickSearch": 1,
      "filterable": 1,
      "ext": "./lib/230.json"
    },
    {
      "key": "push_agent",
      "name": "📽推送",
      "type": 3,
      "api": "csp_PushAgent",
      "playerType": 1,
      "searchable": 1,
      "quickSearch": 1,
      "filterable": 0,
      "ext": "http://127.0.0.1:9978/file/风言锋语88/风言锋语/token.txt"
    }
  ],
  "parses": [
    {
      "name": "超解析",
      "type": 3,
      "url": "Demo"
    },
    {
      "name": "超嗅探",
      "type": 3,
      "url": "Web"
    },
    {
      "name": "优米",
      "type": 1,
      "url": "https://api.xn--kcr500a391b.cc/api/jiexi/common?Key=k5Ed7d2zMu4FLRhwjw&url=",
      "ext": {
        "flag": [
          "YuMi"
        ],
        "header": {
          "User-Agent": "okhttp/3.12.11"
        }
      }
    },
    {
      "name": "夜猫超解析",
      "type": 1,
      "url": "http://110.42.2.247:880/analysis/json/?uid=2384&my=bcijquvxAFKMUY0579&format=json&url=",
      "ext": {
        "flag": [
          "qq",
          "腾讯",
          "企鹅",
          "IQiYi",
          "qiyi",
          "爱奇艺",
          "奇艺",
          "youku",
          "YouKu",
          "优酷",
          "sohu",
          "SoHu",
          "搜狐",
          "letv",
          "LeShi",
          "乐视",
          "imgo",
          "mgtv",
          "MangGuo",
          "芒果",
          "SLYS4k",
          "BYGA",
          "luanzi",
          "AliS",
          "dxzy",
          "bilibili",
          "QEYSS",
          "xigua",
          "西瓜视频",
          "腾讯视频",
          "奇艺视频",
          "优酷视频",
          "芒果视频",
          "乐视视频"
        ],
        "header": {
          "User-Agent": "Dart/3.0(dart:io)"
        }
      }
    },
    {
      "name": "夜猫超聚合",
      "type": 1,
      "url": "http://110.42.2.247:880/analysis/json/?uid=2255&my=eknpqvADFHOPR02458&format=json&url=",
      "ext": {
        "flag": [
          "qq",
          "腾讯",
          "企鹅",
          "IQiYi",
          "qiyi",
          "爱奇艺",
          "奇艺",
          "youku",
          "YouKu",
          "优酷",
          "sohu",
          "SoHu",
          "搜狐",
          "letv",
          "LeShi",
          "乐视",
          "imgo",
          "mgtv",
          "MangGuo",
          "芒果",
          "SLYS4k",
          "BYGA",
          "luanzi",
          "AliS",
          "dxzy",
          "bilibili",
          "QEYSS",
          "xigua",
          "西瓜视频",
          "腾讯视频",
          "奇艺视频",
          "优酷视频",
          "芒果视频",
          "乐视视频"
        ],
        "header": {
          "User-Agent": "Dart/3.0(dart:io)"
        }
      }
    },
    {
      "name": "夜猫超解析2",
      "type": 1,
      "url": "http://110.42.2.247:880/analysis/json/?uid=2100&my=cjlquzCDEFHIJQR029&mgtv=app&url=",
      "ext": {
        "flag": [
          "qq",
          "腾讯",
          "企鹅",
          "IQiYi",
          "qiyi",
          "爱奇艺",
          "奇艺",
          "youku",
          "YouKu",
          "优酷",
          "sohu",
          "SoHu",
          "搜狐",
          "letv",
          "LeShi",
          "乐视",
          "imgo",
          "mgtv",
          "MangGuo",
          "芒果",
          "SLYS4k",
          "BYGA",
          "luanzi",
          "AliS",
          "dxzy",
          "bilibili",
          "QEYSS",
          "xigua",
          "西瓜视频",
          "腾讯视频",
          "奇艺视频",
          "优酷视频",
          "芒果视频",
          "乐视视频"
        ],
        "header": {
          "User-Agent": "Dart/3.0(dart:io)"
        }
      }
    },
    {
      "name": "高清解析1",
      "type": 1,
      "url": "https://vip.xuux.icu/home/api?type=ys&uid=1325731&key=adfgilmnpwzBDEJPY3&url=",
      "ext": {
        "flag": [
          "qq",
          "腾讯",
          "企鹅",
          "IQiYi",
          "qiyi",
          "爱奇艺",
          "奇艺",
          "youku",
          "YouKu",
          "优酷",
          "sohu",
          "SoHu",
          "搜狐",
          "letv",
          "LeShi",
          "乐视",
          "imgo",
          "mgtv",
          "MangGuo",
          "芒果",
          "SLYS4k",
          "BYGA",
          "luanzi",
          "AliS",
          "dxzy",
          "bilibili",
          "QEYSS",
          "xigua",
          "西瓜视频",
          "腾讯视频",
          "奇艺视频",
          "优酷视频",
          "芒果视频",
          "乐视视频"
        ],
        "header": {
          "User-Agent": "Dart/3.0(dart:io)"
        }
      }
    },
    {
      "name": "高清解析2",
      "type": 1,
      "url": "http://pandown.pro/app/kkdy.php?url=",
      "ext": {
        "flag": [
          "qq",
          "腾讯",
          "企鹅",
          "IQiYi",
          "qiyi",
          "爱奇艺",
          "奇艺",
          "youku",
          "YouKu",
          "优酷",
          "sohu",
          "SoHu",
          "搜狐",
          "letv",
          "LeShi",
          "乐视",
          "imgo",
          "mgtv",
          "MangGuo",
          "芒果",
          "SLYS4k",
          "BYGA",
          "luanzi",
          "AliS",
          "dxzy",
          "bilibili",
          "QEYSS",
          "xigua",
          "西瓜视频",
          "腾讯视频",
          "奇艺视频",
          "优酷视频",
          "芒果视频",
          "乐视视频"
        ],
        "header": {
          "User-Agent": "Dart/3.0(dart:io)"
        }
      }
    },
    {
      "name": "高清嗅探",
      "type": 0,
      "url": "https://jx.777jiexi.com/player/?next=https://www.woaimoon.com/vod/98780-9-3.html&url=",
      "ext": {
        "flag": [
          "qq",
          "腾讯",
          "企鹅",
          "IQiYi",
          "qiyi",
          "爱奇艺",
          "奇艺",
          "youku",
          "YouKu",
          "优酷",
          "sohu",
          "SoHu",
          "搜狐",
          "letv",
          "LeShi",
          "乐视",
          "imgo",
          "mgtv",
          "MangGuo",
          "芒果",
          "SLYS4k",
          "BYGA",
          "luanzi",
          "AliS",
          "dxzy",
          "bilibili",
          "QEYSS",
          "xigua",
          "西瓜视频",
          "腾讯视频",
          "奇艺视频",
          "优酷视频",
          "芒果视频",
          "乐视视频"
        ],
        "header": {
          "User-Agent": "Dart/3.0(dart:io)"
        }
      }
    },
    {
      "name": "初恋",
      "type": 0,
      "url": "http://8.130.74.107:6080/?url=",
      "ext": {
        "flag": [
          "qiyi",
          "爱奇艺",
          "奇艺",
          "qq",
          "腾讯",
          "youku",
          "优酷",
          "pptv",
          "PPTV",
          "bilibili",
          "哔哩哔哩",
          "哔哩",
          "imgo",
          "mgtv",
          "芒果"
        ],
        "header": {
          "User-Agent": "Dart/2.14 (dart:io)"
        }
      }
    },
    {
      "name": "dy6g",
      "type": 0,
      "url": "https://vip.lianfaka.com/vip/?url=",
      "ext": {
        "flag": [
          "qq",
          "腾讯",
          "企鹅",
          "IQiYi",
          "qiyi",
          "爱奇艺",
          "奇艺",
          "youku",
          "YouKu",
          "优酷",
          "sohu",
          "SoHu",
          "搜狐",
          "letv",
          "LeShi",
          "乐视",
          "imgo",
          "mgtv",
          "MangGuo",
          "芒果",
          "SLYS4k",
          "BYGA",
          "luanzi",
          "AliS",
          "dxzy",
          "bilibili",
          "QEYSS",
          "xigua",
          "西瓜视频",
          "腾讯视频",
          "奇艺视频",
          "优酷视频",
          "芒果视频",
          "乐视视频"
        ],
        "header": {
          "User-Agent": "Mozilla/5.0 (iPhone; CPU iPhone OS 13_2_3 like Mac OS X) AppleWebKit/605.1.15 (KHTML, like Gecko) Version/13.0.3 Mobile/15E148 Safari/604.1",
          "Referer": "https://www.dy6g.com/"
        }
      }
    },
    {
      "name": "777解析",
      "type": 0,
      "url": "https://jx.777jiexi.com/player/?url=",
      "ext": {
        "flag": [
          "qq",
          "腾讯",
          "企鹅",
          "IQiYi",
          "qiyi",
          "爱奇艺",
          "奇艺",
          "youku",
          "YouKu",
          "优酷",
          "sohu",
          "SoHu",
          "搜狐",
          "letv",
          "LeShi",
          "乐视",
          "imgo",
          "mgtv",
          "MangGuo",
          "芒果",
          "SLYS4k",
          "BYGA",
          "luanzi",
          "AliS",
          "dxzy",
          "bilibili",
          "QEYSS",
          "xigua",
          "西瓜视频",
          "腾讯视频",
          "奇艺视频",
          "优酷视频",
          "芒果视频",
          "乐视视频"
        ],
        "header": {
          "User-Agent": "Dart/3.0(dart:io)"
        }
      }
    },
    {
      "name": "🐱三个柒",
      "type": 0,
      "url": "https://jx.jsonplayer.com/player/?url=",
      "ext": {
        "flag": [
          "qq",
          "腾讯",
          "企鹅",
          "IQiYi",
          "qiyi",
          "爱奇艺",
          "奇艺",
          "youku",
          "YouKu",
          "优酷",
          "sohu",
          "SoHu",
          "搜狐",
          "letv",
          "LeShi",
          "乐视",
          "imgo",
          "mgtv",
          "MangGuo",
          "芒果",
          "SLYS4k",
          "BYGA",
          "luanzi",
          "AliS",
          "dxzy",
          "bilibili",
          "QEYSS",
          "xigua",
          "西瓜视频",
          "腾讯视频",
          "奇艺视频",
          "优酷视频",
          "芒果视频",
          "乐视视频"
        ],
        "header": {
          "User-Agent": "Dart/3.0(dart:io)"
        }
      }
    },
    {
      "name": "🐱夜幕/",
      "type": 0,
      "url": "https://www.yemu.xyz/?url=",
      "ext": {
        "flag": [
          "qq",
          "腾讯",
          "企鹅",
          "IQiYi",
          "qiyi",
          "爱奇艺",
          "奇艺",
          "youku",
          "YouKu",
          "优酷",
          "sohu",
          "SoHu",
          "搜狐",
          "letv",
          "LeShi",
          "乐视",
          "imgo",
          "mgtv",
          "MangGuo",
          "芒果",
          "SLYS4k",
          "BYGA",
          "luanzi",
          "AliS",
          "dxzy",
          "bilibili",
          "QEYSS",
          "xigua",
          "西瓜视频",
          "腾讯视频",
          "奇艺视频",
          "优酷视频",
          "芒果视频",
          "乐视视频"
        ],
        "header": {
          "User-Agent": "Dart/3.0(dart:io)"
        }
      }
    },
    {
      "name": "★左岸解析★",
      "type": 0,
      "url": "https://jx.bozrc.com:4433/player/?url=",
      "ext": {
        "flag": [
          "qq",
          "腾讯",
          "企鹅",
          "IQiYi",
          "qiyi",
          "爱奇艺",
          "奇艺",
          "youku",
          "YouKu",
          "优酷",
          "sohu",
          "SoHu",
          "搜狐",
          "letv",
          "LeShi",
          "乐视",
          "imgo",
          "mgtv",
          "MangGuo",
          "芒果",
          "SLYS4k",
          "BYGA",
          "luanzi",
          "AliS",
          "dxzy",
          "bilibili",
          "QEYSS",
          "xigua",
          "西瓜视频",
          "腾讯视频",
          "奇艺视频",
          "优酷视频",
          "芒果视频",
          "乐视视频"
        ],
        "header": {
          "User-Agent": "Dart/3.0(dart:io)"
        }
      }
    },
    {
      "name": "🐱0号",
      "type": 0,
      "url": "http://91fanli.top/m3u8/?url=",
      "ext": {
        "flag": [
          "qq",
          "腾讯",
          "企鹅",
          "IQiYi",
          "qiyi",
          "爱奇艺",
          "奇艺",
          "youku",
          "YouKu",
          "优酷",
          "sohu",
          "SoHu",
          "搜狐",
          "letv",
          "LeShi",
          "乐视",
          "imgo",
          "mgtv",
          "MangGuo",
          "芒果",
          "SLYS4k",
          "BYGA",
          "luanzi",
          "AliS",
          "dxzy",
          "bilibili",
          "QEYSS",
          "xigua",
          "西瓜视频",
          "腾讯视频",
          "奇艺视频",
          "优酷视频",
          "芒果视频",
          "乐视视频"
        ],
        "header": {
          "User-Agent": "Dart/3.0(dart:io)"
        }
      }
    },
    {
      "name": "🐱2号",
      "type": 0,
      "url": "https://jx.bozrc.com:4433/player/?url=",
      "ext": {
        "flag": [
          "qq",
          "腾讯",
          "企鹅",
          "IQiYi",
          "qiyi",
          "爱奇艺",
          "奇艺",
          "youku",
          "YouKu",
          "优酷",
          "sohu",
          "SoHu",
          "搜狐",
          "letv",
          "LeShi",
          "乐视",
          "imgo",
          "mgtv",
          "MangGuo",
          "芒果",
          "SLYS4k",
          "BYGA",
          "luanzi",
          "AliS",
          "dxzy",
          "bilibili",
          "QEYSS",
          "xigua",
          "西瓜视频",
          "腾讯视频",
          "奇艺视频",
          "优酷视频",
          "芒果视频",
          "乐视视频"
        ],
        "header": {
          "User-Agent": "Dart/3.0(dart:io)"
        }
      }
    },
    {
      "name": "🐱3号",
      "type": 0,
      "url": "https://jiexi.555jiexi.net:555/player/?url=",
      "ext": {
        "flag": [
          "qq",
          "腾讯",
          "企鹅",
          "IQiYi",
          "qiyi",
          "爱奇艺",
          "奇艺",
          "youku",
          "YouKu",
          "优酷",
          "sohu",
          "SoHu",
          "搜狐",
          "letv",
          "LeShi",
          "乐视",
          "imgo",
          "mgtv",
          "MangGuo",
          "芒果",
          "SLYS4k",
          "BYGA",
          "luanzi",
          "AliS",
          "dxzy",
          "bilibili",
          "QEYSS",
          "xigua",
          "西瓜视频",
          "腾讯视频",
          "奇艺视频",
          "优酷视频",
          "芒果视频",
          "乐视视频"
        ],
        "header": {
          "User-Agent": "Dart/3.0(dart:io)"
        }
      }
    },
    {
      "name": "🐱6号",
      "type": 0,
      "url": "https://www.yemu.xyz/?url=",
      "ext": {
        "flag": [
          "qq",
          "腾讯",
          "企鹅",
          "IQiYi",
          "qiyi",
          "爱奇艺",
          "奇艺",
          "youku",
          "YouKu",
          "优酷",
          "sohu",
          "SoHu",
          "搜狐",
          "letv",
          "LeShi",
          "乐视",
          "imgo",
          "mgtv",
          "MangGuo",
          "芒果",
          "SLYS4k",
          "BYGA",
          "luanzi",
          "AliS",
          "dxzy",
          "bilibili",
          "QEYSS",
          "xigua",
          "西瓜视频",
          "腾讯视频",
          "奇艺视频",
          "优酷视频",
          "芒果视频",
          "乐视视频"
        ],
        "header": {
          "User-Agent": "Dart/3.0(dart:io)"
        }
      }
    },
    {
      "name": "🐱10号",
      "type": 0,
      "url": "https://jx.m3u8.tv/jiexi/?url=",
      "ext": {
        "flag": [
          "qq",
          "腾讯",
          "企鹅",
          "IQiYi",
          "qiyi",
          "爱奇艺",
          "奇艺",
          "youku",
          "YouKu",
          "优酷",
          "sohu",
          "SoHu",
          "搜狐",
          "letv",
          "LeShi",
          "乐视",
          "imgo",
          "mgtv",
          "MangGuo",
          "芒果",
          "SLYS4k",
          "BYGA",
          "luanzi",
          "AliS",
          "dxzy",
          "bilibili",
          "QEYSS",
          "xigua",
          "西瓜视频",
          "腾讯视频",
          "奇艺视频",
          "优酷视频",
          "芒果视频",
          "乐视视频"
        ],
        "header": {
          "User-Agent": "Dart/3.0(dart:io)"
        }
      }
    },
    {
      "name": "🐱11号",
      "type": 0,
      "url": "https://z1.m1907.cn/?jx=",
      "ext": {
        "flag": [
          "qq",
          "腾讯",
          "企鹅",
          "IQiYi",
          "qiyi",
          "爱奇艺",
          "奇艺",
          "youku",
          "YouKu",
          "优酷",
          "sohu",
          "SoHu",
          "搜狐",
          "letv",
          "LeShi",
          "乐视",
          "imgo",
          "mgtv",
          "MangGuo",
          "芒果",
          "SLYS4k",
          "BYGA",
          "luanzi",
          "AliS",
          "dxzy",
          "bilibili",
          "QEYSS",
          "xigua",
          "西瓜视频",
          "腾讯视频",
          "奇艺视频",
          "优酷视频",
          "芒果视频",
          "乐视视频"
        ],
        "header": {
          "User-Agent": "Dart/3.0(dart:io)"
        }
      }
    },
    {
      "name": "🐱15号",
      "type": 0,
      "url": "https://jx.aidouer.net/?url=",
      "ext": {
        "flag": [
          "qq",
          "腾讯",
          "企鹅",
          "IQiYi",
          "qiyi",
          "爱奇艺",
          "奇艺",
          "youku",
          "YouKu",
          "优酷",
          "sohu",
          "SoHu",
          "搜狐",
          "letv",
          "LeShi",
          "乐视",
          "imgo",
          "mgtv",
          "MangGuo",
          "芒果",
          "SLYS4k",
          "BYGA",
          "luanzi",
          "AliS",
          "dxzy",
          "bilibili",
          "QEYSS",
          "xigua",
          "西瓜视频",
          "腾讯视频",
          "奇艺视频",
          "优酷视频",
          "芒果视频",
          "乐视视频"
        ],
        "header": {
          "User-Agent": "Dart/3.0(dart:io)"
        }
      }
    },
    {
      "name": "🐱18号",
      "type": 0,
      "url": "http://api.wpsseo.cn/?v=",
      "ext": {
        "header": {
          "User-Agent": "Mozilla/5.0"
        }
      }
    },
    {
      "name": "🐱19号",
      "type": 0,
      "url": "https://jx.cainisi.cf/?v=",
      "ext": {
        "header": {
          "User-Agent": "okhttp/4.1.0"
        }
      }
    },
    {
      "name": "🐱21号",
      "type": 0,
      "url": "https://jx.ppjbk.cn/?url=",
      "ext": {
        "header": {
          "User-Agent": "Mozilla/5.0"
        }
      }
    },
    {
      "name": "🐱24号",
      "type": 0,
      "url": "https://player.maqq.cn/?url=",
      "ext": {
        "header": {
          "User-Agent": "Mozilla/5.0"
        }
      }
    },
    {
      "name": "🐱29号",
      "type": 0,
      "url": "https://www.ckplayer.vip/jiexi/?url=",
      "ext": {
        "header": {
          "User-Agent": "Mozilla/5.0"
        }
      }
    },
    {
      "name": "🐱30号",
      "type": 0,
      "url": "https://jx.kingtail.xyz/?url=",
      "ext": {
        "header": {
          "User-Agent": "Mozilla/5.0"
        }
      }
    },
    {
      "name": "🐱32号",
      "type": 0,
      "url": "https://jx.xmflv.com/?url=",
      "ext": {
        "header": {
          "User-Agent": "Mozilla/5.0"
        }
      }
    },
    {
      "name": "🐱33号",
      "type": 0,
      "url": "https://parse.123mingren.com/?url=",
      "ext": {
        "header": {
          "User-Agent": "Mozilla/5.0"
        }
      }
    },
    {
      "name": "解析啦",
      "type": 0,
      "url": "https://api.jiexi.la/?url=",
      "ext": {
        "flag": [
          "qq",
          "腾讯",
          "qiyi",
          "爱奇艺",
          "奇艺",
          "youku",
          "优酷",
          "sohu",
          "搜狐",
          "letv",
          "乐视",
          "mgtv",
          "芒果",
          "rx",
          "ltnb",
          "bilibili",
          "1905",
          "xigua"
        ]
      }
    },
    {
      "name": "17云解析",
      "type": 0,
      "url": "https://www.1717yun.com/jx/ty.php?url=",
      "ext": {
        "flag": [
          "qq",
          "腾讯",
          "qiyi",
          "爱奇艺",
          "奇艺",
          "youku",
          "优酷",
          "sohu",
          "搜狐",
          "letv",
          "乐视",
          "mgtv",
          "芒果",
          "rx",
          "ltnb",
          "bilibili",
          "1905",
          "xigua"
        ]
      }
    },
    {
      "name": "酷享解析",
      "type": 0,
      "url": "https://jx.jsonplayer.com/player/?url=",
      "ext": {
        "flag": [
          "qq",
          "腾讯",
          "qiyi",
          "爱奇艺",
          "奇艺",
          "youku",
          "优酷",
          "sohu",
          "搜狐",
          "letv",
          "乐视",
          "mgtv",
          "芒果",
          "CL4K",
          "renrenmi",
          "ltnb",
          "bilibili",
          "1905",
          "xigua"
        ]
      }
    },
    {
      "name": "江湖解析",
      "type": 0,
      "url": "https://www.pangujiexi.com/pangu/?url=",
      "ext": {
        "flag": [
          "qq",
          "qiyi",
          "mgtv",
          "youku",
          "letv",
          "sohu",
          "xigua",
          "1905",
          "优播线路",
          "腾播线路"
        ],
        "header": {
          "User-Agent": "Dart/2.14 (dart:io)"
        }
      }
    },
    {
      "name": "🐱战狼",
      "type": 0,
      "url": "https://jx.zhanlangbu.com/?url",
      "ext": {
        "flag": [
          "qq",
          "腾讯",
          "qiyi",
          "爱奇艺",
          "奇艺",
          "youku",
          "优酷",
          "mgtv",
          "芒果",
          "letv",
          "乐视",
          "pptv",
          "PPTV",
          "sohu",
          "bilibili",
          "哔哩哔哩",
          "哔哩"
        ],
        "header": {
          "User-Agent": ""
        }
      }
    },
    {
      "name": "🐱芒果腾讯专用",
      "type": 0,
      "url": "https://jx.xmflv.com/?url=",
      "ext": {
        "flag": [
          "qq",
          "腾讯",
          "qiyi",
          "爱奇艺",
          "奇艺",
          "youku",
          "优酷",
          "mgtv",
          "芒果",
          "letv",
          "乐视",
          "pptv",
          "PPTV",
          "sohu",
          "bilibili",
          "哔哩哔哩",
          "哔哩"
        ],
        "header": {
          "User-Agent": ""
        }
      }
    },
    {
      "name": "🐱腾讯备用",
      "type": 0,
      "url": "https://go.yh0523.cn/y.cy?url=",
      "ext": {
        "flag": [
          "qq",
          "腾讯",
          "qiyi",
          "爱奇艺",
          "奇艺",
          "youku",
          "优酷",
          "mgtv",
          "芒果",
          "letv",
          "乐视",
          "pptv",
          "PPTV",
          "sohu",
          "bilibili",
          "哔哩哔哩",
          "哔哩"
        ],
        "header": {
          "User-Agent": ""
        }
      }
    },
    {
      "name": "🐱手动点击json播",
      "type": 0,
      "url": "https://jx.jsonplayer.com/player/?=&url=",
      "ext": {
        "flag": [
          "qq",
          "腾讯",
          "qiyi",
          "爱奇艺",
          "奇艺",
          "youku",
          "优酷",
          "mgtv",
          "芒果",
          "letv",
          "乐视",
          "pptv",
          "PPTV",
          "sohu",
          "bilibili",
          "哔哩哔哩",
          "哔哩"
        ],
        "header": {
          "User-Agent": ""
        }
      }
    },
    {
      "name": "🐱手动点击诺讯",
      "type": 0,
      "url": "https://yun.nxflv.com/?url=",
      "ext": {
        "flag": [
          "qq",
          "腾讯",
          "qiyi",
          "爱奇艺",
          "奇艺",
          "youku",
          "优酷",
          "mgtv",
          "芒果",
          "letv",
          "乐视",
          "pptv",
          "PPTV",
          "sohu",
          "bilibili",
          "哔哩哔哩",
          "哔哩"
        ],
        "header": {
          "User-Agent": ""
        }
      }
    }
  ],
  "ijk": [
    {
      "group": "软解码",
      "options": [
        {
          "category": 4,
          "name": "opensles",
          "value": "0"
        },
        {
          "category": 4,
          "name": "overlay-format",
          "value": "842225234"
        },
        {
          "category": 4,
          "name": "framedrop",
          "value": "1"
        },
        {
          "category": 4,
          "name": "soundtouch",
          "value": "1"
        },
        {
          "category": 4,
          "name": "start-on-prepared",
          "value": "1"
        },
        {
          "category": 1,
          "name": "http-detect-range-support",
          "value": "0"
        },
        {
          "category": 2,
          "name": "skip_loop_filter",
          "value": "48"
        },
        {
          "category": 4,
          "name": "reconnect",
          "value": "1"
        },
        {
          "category": 4,
          "name": "enable-accurate-seek",
          "value": "0"
        },
        {
          "category": 4,
          "name": "mediacodec",
          "value": "0"
        },
        {
          "category": 4,
          "name": "mediacodec-auto-rotate",
          "value": "0"
        },
        {
          "category": 4,
          "name": "mediacodec-handle-resolution-change",
          "value": "0"
        },
        {
          "category": 4,
          "name": "mediacodec-hevc",
          "value": "0"
        },
        {
          "category": 1,
          "name": "dns_cache_timeout",
          "value": "600000000"
        }
      ]
    },
    {
      "group": "硬解码",
      "options": [
        {
          "category": 4,
          "name": "opensles",
          "value": "0"
        },
        {
          "category": 4,
          "name": "overlay-format",
          "value": "842225234"
        },
        {
          "category": 4,
          "name": "framedrop",
          "value": "1"
        },
        {
          "category": 4,
          "name": "soundtouch",
          "value": "1"
        },
        {
          "category": 4,
          "name": "start-on-prepared",
          "value": "1"
        },
        {
          "category": 1,
          "name": "http-detect-range-support",
          "value": "0"
        },
        {
          "category": 1,
          "name": "fflags",
          "value": "fastseek"
        },
        {
          "category": 2,
          "name": "skip_loop_filter",
          "value": "48"
        },
        {
          "category": 4,
          "name": "reconnect",
          "value": "1"
        },
        {
          "category": 4,
          "name": "enable-accurate-seek",
          "value": "0"
        },
        {
          "category": 4,
          "name": "mediacodec",
          "value": "1"
        },
        {
          "category": 4,
          "name": "mediacodec-auto-rotate",
          "value": "1"
        },
        {
          "category": 4,
          "name": "mediacodec-handle-resolution-change",
          "value": "1"
        },
        {
          "category": 4,
          "name": "mediacodec-hevc",
          "value": "1"
        },
        {
          "category": 1,
          "name": "dns_cache_timeout",
          "value": "600000000"
        }
      ]
    }
  ],
  "doh": [
    {
      "name": "Google",
      "url": "https://dns.google/dns-query",
      "ips": [
        "8.8.4.4",
        "8.8.8.8"
      ]
    },
    {
      "name": "Cloudflare",
      "url": "https://cloudflare-dns.com/dns-query",
      "ips": [
        "1.1.1.1",
        "1.0.0.1",
        "2606:4700:4700::1111",
        "2606:4700:4700::1001"
      ]
    },
    {
      "name": "AdGuard",
      "url": "https://dns.adguard.com/dns-query",
      "ips": [
        "94.140.14.140",
        "94.140.14.141"
      ]
    },
    {
      "name": "DNSWatch",
      "url": "https://resolver2.dns.watch/dns-query",
      "ips": [
        "84.200.69.80",
        "84.200.70.40"
      ]
    },
    {
      "name": "Quad9",
      "url": "https://dns.quad9.net/dns-quer",
      "ips": [
        "9.9.9.9",
        "149.112.112.112"
      ]
    }
  ],
  "rules": [
    {
      "name": "量子",
      "hosts": [
        "vip.lz",
        "hd.lz"
      ],
      "regex": [
        "#EXT-X-DISCONTINUITY\\r*\\n*#EXTINF:6.433333,[\\s\\S]*?#EXT-X-DISCONTINUITY"
      ]
    },
    {
      "name": "爱酷",
      "hosts": [
        "cdn.json.icu"
      ],
      "regex": [
        "#EXTINF:1.000000,[\\s\\S]*?#EXT-X-ENDLIST"
      ]
    },
    {
      "name": "非凡",
      "hosts": [
        "vip.ffzy",
        "hd.ffzy"
      ],
      "regex": [
        "#EXT-X-DISCONTINUITY\\r*\\n*#EXTINF:6.666667,[\\s\\S]*?#EXT-X-DISCONTINUITY"
      ]
    },
    {
      "host": "piaku.cc",
      "rule": [
        ".mp4",
        ".m3u8",
        "?auth_token",
        "m3u8"
      ]
    },
    {
      "host": "v.3412.net.cn",
      "rule": [
        ".mp4",
        "security-token=",
        "aliyuncs.com",
        "m3u8"
      ]
    },
    {
      "host": "jx.jsonplayer.com",
      "rule": [
        ".mp4",
        ".m3u8",
        "?vkey=",
        "110.42.2.115",
        "m3u8"
      ]
    },
    {
      "host": "movie.bulei.cc",
      "rule": [
        ".mp4",
        ".m3u8",
        "?vkey=",
        "1ftn_handler",
        "http://1.71.18.153",
        "mu.dcd1.cn",
        "aliyundrive.net",
        "m3u8"
      ]
    },
    {
      "host": "rebozj.pro",
      "rule": [
        ".mp4",
        ".m3u8",
        "https://p3-sign.douyinpic.com",
        "m3u8"
      ]
    },
    {
      "host": "brovod.com",
      "rule": [
        ".m3u8"
      ]
    },
    {
      "host": "https://www1.gntv.live",
      "rule": [
        ".m3u8",
        "m3u8?",
        "4k.clyjx.cn:97"
      ]
    },
    {
      "host": "renren.pro",
      "rule": [
        ".m3u8"
      ]
    },
    {
      "host": "https://v.3412.net.cn",
      "rule": [
        ".m3u8",
        ".m3u8?",
        ".mp4"
      ]
    },
    {
      "host": "v.t-ui.cn",
      "rule": [
        ".m3u8",
        "m3u8?",
        "vip.ffzy-play4.com"
      ]
    },
    {
      "host": "cj.ffzyapi.com",
      "rule": [
        ".m3u8",
        "m3u8?"
      ]
    },
    {
      "host": "siguyy.com",
      "rule": [
        "mp4",
        ".m3u8",
        "https://ccp-bj29-video-preview.oss-enet.aliyuncs.com",
        "aliyuncs.com"
      ]
    },
    {
      "name": "米来",
      "hosts": [
        "zy.behds.cn"
      ],
      "regex": [
        "#EXTINF"
      ]
    },
    {
      "name": "ICU",
      "hosts": [
        "cdn.json.icu"
      ],
      "regex": [
        "#EXTINF:1.000000,[\\s\\S]*?#EXT-X-ENDLIST"
      ]
    },
    {
      "name": "火山嗅探",
      "hosts": [
        "huoshan.com"
      ],
      "regex": [
        "item_id="
      ]
    },
    {
      "name": "抖音嗅探",
      "hosts": [
        "douyin.com"
      ],
      "regex": [
        "is_play_url="
      ]
    }
  ],
  "ads": [
    "https://lf1-cdn-tos.bytegoofy.com/obj/tos-cn-i-dy/455ccf9e8ae744378118e4bd289288dd",
    "mimg.0c1q0l.cn",
    "www.googletagmanager.com",
    "www.google-analytics.com",
    "wan.51img1.com",
    "mc.usihnbcq.cn",
    "mg.g1mm3d.cn",
    "mscs.svaeuzh.cn",
    "cnzz.hhttm.top",
    "tp.vinuxhome.com",
    "cnzz.mmstat.com",
    "www.baihuillq.com",
    "s23.cnzz.com",
    "z3.cnzz.com",
    "c.cnzz.com",
    "stj.v1vo.top",
    "z12.cnzz.com",
    "img.mosflower.cn",
    "tips.gamevvip.com",
    "ehwe.yhdtns.com",
    "xdn.cqqc3.com",
    "www.jixunkyy.cn",
    "sp.chemacid.cn",
    "hm.baidu.com",
    "s9.cnzz.com",
    "z6.cnzz.com",
    "um.cavuc.com",
    "mav.mavuz.com",
    "wofwk.aoidf3.com",
    "z5.cnzz.com",
    "xc.hubeijieshikj.cn",
    "tj.tianwenhu.com",
    "xg.gars57.cn",
    "k.jinxiuzhilv.com",
    "cdn.bootcss.com",
    "ppl.xunzhuo123.com",
    "xomk.jiangjunmh.top",
    "img.xunzhuo123.com",
    "z1.cnzz.com",
    "s13.cnzz.com",
    "xg.huataisangao.cn",
    "z7.cnzz.com",
    "xg.huataisangao.cn",
    "z2.cnzz.com",
    "s96.cnzz.com",
    "q11.cnzz.com",
    "thy.dacedsfa.cn",
    "xg.whsbpw.cn",
    "s19.cnzz.com",
    "z8.cnzz.com",
    "s4.cnzz.com",
    "f5w.as12df.top",
    "ae01.alicdn.com",
    "www.92424.cn",
    "k.wudejia.com",
    "vivovip.mmszxc.top",
    "qiu.xixiqiu.com",
    "cdnjs.hnfenxun.com",
    "cms.qdwght.com"
  ]
}