[
{
    "name": "不显示",
    "list": [
      {
        "name": "",
        "url": "",
        "icon": ""
      }
    ]
  },	
  {
    "name": "正式版",
    "list": [
      {
        "name": "电视-java",
        "url": "https://gh-proxy.com/https://raw.githubusercontent.com/FongMi/Release/main/apk/release/leanback-java-armeabi_v7a.apk",
        "icon": "https://i.imgs.ovh/2023/10/17/r8nk2.png",
        "version": "v7a"
      },
      {
        "name": "电视-java",
        "url": "https://gh-proxy.com/https://raw.githubusercontent.com/FongMi/Release/main/apk/release/leanback-java-arm64_v8a.apk",
        "icon": "https://i.imgs.ovh/2023/10/17/r8nk2.png",
        "version": "v8a"
      },
      {
        "name": "电视-py",
        "url": "https://gh-proxy.com/https://raw.githubusercontent.com/FongMi/Release/main/apk/release/leanback-python-armeabi_v7a.apk",
        "icon": "https://i.imgs.ovh/2023/10/17/r8nk2.png",
        "version": "v7a"
      },
      {
        "name": "电视-py",
        "url": "https://gh-proxy.com/https://raw.githubusercontent.com/FongMi/Release/main/apk/release/leanback-python-arm64_v8a.apk",
        "icon": "https://i.imgs.ovh/2023/10/17/r8nk2.png",
        "version": "v8a"
      },
      {
        "name": "Android-4.x",
        "url": "https://gh-proxy.com/https://raw.githubusercontent.com/FongMi/Release/main/apk/kitkat/leanback.apk",
        "icon": "https://i.imgs.ovh/2023/10/17/r8nk2.png"
      },
      {
        "name": "手机-java",
        "url": "https://gh-proxy.com/https://raw.githubusercontent.com/FongMi/Release/main/apk/release/mobile-java-armeabi_v7a.apk",
        "icon": "https://i.imgs.ovh/2023/10/17/r8lVK.png",
        "version": "v7a"
      },
      {
        "name": "手机-java",
        "url": "https://gh-proxy.com/https://raw.githubusercontent.com/FongMi/Release/main/apk/release/mobile-java-arm64_v8a.apk",
        "icon": "https://i.imgs.ovh/2023/10/17/r8lVK.png",
        "version": "v8a"
      },
      {
        "name": "手机-py",
        "url": "https://gh-proxy.com/https://raw.githubusercontent.com/FongMi/Release/main/apk/release/mobile-python-armeabi_v7a.apk",
        "icon": "https://i.imgs.ovh/2023/10/17/r8lVK.png",
        "version": "v7a"
      },
      {
        "name": "手机-py",
        "url": "https://gh-proxy.com/https://raw.githubusercontent.com/FongMi/Release/main/apk/release/mobile-python-arm64_v8a.apk",
        "icon": "https://i.imgs.ovh/2023/10/17/r8lVK.png",
        "version": "v8a"
      }
    ]
  },
  {
    "name": "内测版",
    "list": [
      {
        "name": "电视-java",
        "url": "https://gh-proxy.com/https://raw.githubusercontent.com/FongMi/Release/main/apk/dev/leanback-java-armeabi_v7a.apk",
        "icon": "https://i.imgs.ovh/2023/10/17/r8nk2.png",
        "version": "v7a"
      },
      {
        "name": "电视-java",
        "url": "https://gh-proxy.com/https://raw.githubusercontent.com/FongMi/Release/main/apk/dev/leanback-java-arm64_v8a.apk",
        "icon": "https://i.imgs.ovh/2023/10/17/r8nk2.png",
        "version": "v8a"
      },
      {
        "name": "电视-py",
        "url": "https://gh-proxy.com/https://raw.githubusercontent.com/FongMi/Release/main/apk/dev/leanback-python-armeabi_v7a.apk",
        "icon": "https://i.imgs.ovh/2023/10/17/r8nk2.png",
        "version": "v7a"
      },
      {
        "name": "电视-py",
        "url": "https://gh-proxy.com/https://raw.githubusercontent.com/FongMi/Release/main/apk/dev/leanback-python-arm64_v8a.apk",
        "icon": "https://i.imgs.ovh/2023/10/17/r8nk2.png",
        "version": "v8a"
      },
      {
        "name": "手机-java",
        "url": "https://gh-proxy.com/https://raw.githubusercontent.com/FongMi/Release/main/apk/dev/mobile-java-armeabi_v7a.apk",
        "icon": "https://i.imgs.ovh/2023/10/17/r8lVK.png",
        "version": "v7a"
      },
      {
        "name": "手机-java",
        "url": "https://gh-proxy.com/https://raw.githubusercontent.com/FongMi/Release/main/apk/dev/mobile-java-arm64_v8a.apk",
        "icon": "https://i.imgs.ovh/2023/10/17/r8lVK.png",
        "version": "v8a"
      },
      {
        "name": "手机-py",
        "url": "https://gh-proxy.com/https://raw.githubusercontent.com/FongMi/Release/main/apk/dev/mobile-python-armeabi_v7a.apk",
        "icon": "https://i.imgs.ovh/2023/10/17/r8lVK.png",
        "version": "v7a"
      },
      {
        "name": "手机-py",
        "url": "https://gh-proxy.com/https://raw.githubusercontent.com/FongMi/Release/main/apk/dev/mobile-python-arm64_v8a.apk",
        "icon": "https://i.imgs.ovh/2023/10/17/r8lVK.png",
        "version": "v8a"
      }
    ]
  },
  {
    "name": "v7a",
    "list": [
      {
        "name": "荐片",
        "url": "https://gh-proxy.com/https://raw.githubusercontent.com/FongMi/Release/main/so/libjpa_armeabi_v7a.so",
        "icon": "https://i.imgs.ovh/2023/10/17/r8nk2.png"
      },
      {
        "name": "磁力-1",
        "url": "https://gh-proxy.com/https://raw.githubusercontent.com/FongMi/Release/main/so/libxl_stat_armeabi_v7a.so",
        "icon": "https://i.imgs.ovh/2023/10/17/r8nk2.png"
      },
      {
        "name": "磁力-2",
        "url": "https://gh-proxy.com/https://raw.githubusercontent.com/FongMi/Release/main/so/libxl_thunder_sdk_armeabi_v7a.so",
        "icon": "https://i.imgs.ovh/2023/10/17/r8nk2.png"
      },
      {
        "name": "晴天",
        "url": "https://gh-proxy.com/https://raw.githubusercontent.com/FongMi/Release/main/so/libmitv.so",
        "icon": "https://i.imgs.ovh/2023/10/17/r8nk2.png"
      },
      {
        "name": "P2P",
        "url": "https://gh-proxy.com/https://raw.githubusercontent.com/FongMi/Release/main/so/libp2p.so",
        "icon": "https://i.imgs.ovh/2023/10/17/r8nk2.png"
      },
      {
        "name": "P3P",
        "url": "https://gh-proxy.com/https://raw.githubusercontent.com/FongMi/Release/main/so/libp3p.so",
        "icon": "https://i.imgs.ovh/2023/10/17/r8nk2.png"
      },
      {
        "name": "P4P",
        "url": "https://gh-proxy.com/https://raw.githubusercontent.com/FongMi/Release/main/so/libp4p.so",
        "icon": "https://i.imgs.ovh/2023/10/17/r8nk2.png"
      },
      {
        "name": "P5P",
        "url": "https://gh-proxy.com/https://raw.githubusercontent.com/FongMi/Release/main/so/libp5p.so",
        "icon": "https://i.imgs.ovh/2023/10/17/r8nk2.png"
      },
      {
        "name": "P6P",
        "url": "https://gh-proxy.com/https://raw.githubusercontent.com/FongMi/Release/main/so/libp6p.so",
        "icon": "https://i.imgs.ovh/2023/10/17/r8nk2.png"
      },
      {
        "name": "P7P",
        "url": "https://gh-proxy.com/https://raw.githubusercontent.com/FongMi/Release/main/so/libp7p.so",
        "icon": "https://i.imgs.ovh/2023/10/17/r8nk2.png"
      },
      {
        "name": "P8P",
        "url": "https://gh-proxy.com/https://raw.githubusercontent.com/FongMi/Release/main/so/libp8p.so",
        "icon": "https://i.imgs.ovh/2023/10/17/r8nk2.png"
      },
      {
        "name": "P9P",
        "url": "https://gh-proxy.com/https://raw.githubusercontent.com/FongMi/Release/main/so/libp9p.so",
        "icon": "https://i.imgs.ovh/2023/10/17/r8nk2.png"
      }
    ]
  },
  {
    "name": "v8a",
    "list": [
      {
        "name": "荐片",
        "url": "https://gh-proxy.com/https://raw.githubusercontent.com/FongMi/Release/main/so/libjpa_arm64_v8a.so",
        "icon": "https://i.imgs.ovh/2023/10/17/r8nk2.png"
      },
      {
        "name": "磁力-1",
        "url": "https://gh-proxy.com/https://raw.githubusercontent.com/FongMi/Release/main/so/libxl_stat_arm64_v8a.so",
        "icon": "https://i.imgs.ovh/2023/10/17/r8nk2.png"
      },
      {
        "name": "磁力-2",
        "url": "https://gh-proxy.com/https://raw.githubusercontent.com/FongMi/Release/main/so/libxl_thunder_sdk_arm64_v8a.so",
        "icon": "https://i.imgs.ovh/2023/10/17/r8nk2.png"
      }
    ]
  },
	{
        "name": "本地包",
        "list": [
            {
                "name": "风言锋语88",
                "url": "https://gh-proxy.com/https://raw.githubusercontent.com/yf20230412/master/main/TvBox/本地包/风言锋语88.zip",
                "icon": "https://gh-proxy.com/https://raw.githubusercontent.com/yf20230412/master/main/TvBox/img/226.png"
            },
            {
                "name": "watson",
                "url": "https://gh-proxy.com/https://raw.githubusercontent.com/FongMi/CatVodSpider/main/zip/js-1019.zip",
                "icon": "https://i.imgs.ovh/2023/10/20/2I7XH.jpeg"
            }
    
        ]
    }
]