[
{"name":"韩国女团","url":"https://download.kstore.space/download/4645/Tvbox/6666/606.txt&&&https://download.kstore.space/download/4645/Tvbox/img/11.JPG"},
	
{"name":"🔞慎点111","url":"https://download.kstore.space/download/4645/Tvbox/6666/600.txt&&&https://download.kstore.space/download/4645/Tvbox/img/2.png"},
	
{"name":"🔞慎点222","url":"https://download.kstore.space/download/4645/Tvbox/6666/601.txt&&&https://download.kstore.space/download/4645/Tvbox/img/4.png"},
	
{"name":"🔞慎点333","url":"https://download.kstore.space/download/4645/Tvbox/6666/602.txt&&&https://download.kstore.space/download/4645/Tvbox/img/5.png"},

{"name":"🔞慎点444","url":"https://download.kstore.space/download/4645/Tvbox/6666/603.txt&&&https://download.kstore.space/download/4645/Tvbox/img/93.jpg"},

{"name":"🔞慎点555","url":"https://download.kstore.space/download/4645/Tvbox/6666/604.txt&&&https://download.kstore.space/download/4645/Tvbox/img/81.jpg"},
	
{"name":"🔞慎点666","url":"https://download.kstore.space/download/4645/Tvbox/6666/605.txt&&&https://download.kstore.space/download/4645/Tvbox/img/94.jpg"}
]
