{
  "wallpaper": "http://101.34.67.237/pics",
  "dr_count": 119,
  "mode": 1,
  "spider": "./custom_spider_tang.jar",
  "drives": [
    {
      "name": "小雅的Alist",
      "server": "http://alist.xiaoya.pro",
      "type": "alist"
    },
    {
      "name": "🐱梓澪の妙妙屋",
      "server": "https://xn--i0v44m.xyz",
      "type": "alist"
    },
    {
      "name": "🚆资源小站",
      "server": "https://pan.142856.xyz",
      "type": "alist"
    },
    {
      "name": "🌤晴园的宝藏库",
      "server": "https://alist.52qy.repl.co",
      "type": "alist"
    },
    {
      "name": "🐭米奇妙妙屋",
      "server": "https://anime.mqmmw.ga",
      "type": "alist"
    },
    {
      "name": "🔮嗨翻",
      "server": "https://pan.hikerfans.com",
      "type": "alist",
      "password": "5"
    },
    {
      "name": "💂小兵组网盘影视",
      "server": "https://6vv.app",
      "type": "alist"
    },
    {
      "name": "📀小光盘",
      "server": "https://alist.xiaoguanxiaocheng.life",
      "type": "alist"
    },
    {
      "name": "🐋一只鱼",
      "server": "https://alist.youte.ml",
      "type": "alist"
    },
    {
      "name": "🌊七米蓝",
      "server": "https://al.chirmyram.com",
      "type": "alist"
    },
    {
      "name": "🌴非盘",
      "server": "http://www.feifwp.top",
      "type": "alist"
    },
    {
      "name": "🥼帅盘",
      "server": "https://hi.shuaipeng.wang",
      "type": "alist"
    },
    {
      "name": "🐉神族九帝",
      "server": "https://alist.shenzjd.com",
      "type": "alist"
    },
    {
      "name": "☃姬路白雪",
      "server": "https://pan.jlbx.xyz",
      "type": "alist"
    },
    {
      "name": "🎧听闻网盘",
      "server": "https://wangpan.sangxuesheng.com",
      "type": "alist"
    },
    {
      "name": "💾DISK",
      "server": "http://124.222.140.243:8080",
      "type": "alist"
    },
    {
      "name": "🌨云播放",
      "server": "https://quanzi.laoxianghuijia.cn",
      "type": "alist"
    },
    {
      "name": "✨星梦",
      "server": "https://pan.bashroot.top",
      "type": "alist"
    },
    {
      "name": "🌊小江",
      "server": "https://dyj.me",
      "type": "alist"
    },
    {
      "name": "💫触光",
      "server": "https://pan.ichuguang.com",
      "type": "alist"
    },
    {
      "name": "🕵好汉吧",
      "server": "https://8023.haohanba.cn",
      "type": "alist"
    },
    {
      "name": "🥗AUNEY",
      "server": "http://121.227.25.116:8008",
      "type": "alist"
    },
    {
      "name": "🎡资源小站",
      "server": "https://960303.xyz/",
      "type": "alist"
    },
    {
      "name": "🏝fenwe",
      "server": "http://www.fenwe.tk:5244",
      "type": "alist"
    },
    {
      "name": "🎢轻弹浅唱",
      "server": "https://g.xiang.lol",
      "type": "alist"
    }
  ],
  "homepage": "https://gitcode.net/qq_32394351/dr_py",
  "sites": [
    {
      "key": "Alist",
      "name": "Alist",
      "type": 3,
      "api": "./lib/alist.min.js",
      "searchable": 1,
      "quickSearch": 1,
      "filterable": 0,
      "ext": "./lib/alist.json"
    },
    {
      "key": "csp_新视觉",
      "name": "🍁新视觉",
      "type": 3,
      "api": "csp_Xinsj",
      "searchable": 1,
      "quickSearch": 1,
      "filterable": 1,
      "jar": "./lib/新视觉.jar"
    },
    {
      "key": "dr_菜狗",
      "name": "菜狗(drpy)",
      "type": 3,
      "api": "./lib/drpy.min.js",
      "searchable": 2,
      "quickSearch": 0,
      "filterable": 1,
      "ext": "./lib/菜狗.js"
    },
    {
      "key": "dr_荐片",
      "name": "荐片(drpy)",
      "type": 3,
      "api": "./lib/drpy.min.js",
      "searchable": 2,
      "quickSearch": 0,
      "filterable": 1,
      "ext": "./lib/荐片.js"
    },
    {
      "key": "dr_drpy",
      "name": "drpy(drpy)",
      "type": 3,
      "api": "./lib/drpy.min.js",
      "searchable": 1,
      "quickSearch": 1,
      "filterable": 1,
      "ext": "./lib/drpy.js"
    },
    {
      "key": "dr_ddys",
      "name": "ddys(drpy)",
      "type": 3,
      "api": "./lib/drpy.min.js",
      "searchable": 2,
      "quickSearch": 0,
      "filterable": 0,
      "ext": "./lib/ddys.js"
    },
    {
      "key": "dr_360影视",
      "name": "360影视(drpy)",
      "type": 3,
      "api": "./lib/drpy.min.js",
      "searchable": 2,
      "quickSearch": 0,
      "filterable": 0,
      "ext": "./lib/360影视.js"
    },
    {
      "key": "dr_腾云驾雾",
      "name": "腾云驾雾(drpy)",
      "type": 3,
      "api": "./lib/drpy.min.js",
      "searchable": 2,
      "quickSearch": 0,
      "filterable": 1,
      "ext": "./lib/腾云驾雾.js"
    },
    {
      "key": "dr_百忙无果",
      "name": "百忙无果(drpy)",
      "type": 3,
      "api": "./lib/drpy.min.js",
      "searchable": 2,
      "quickSearch": 0,
      "filterable": 1,
      "ext": "./lib/百忙无果.js"
    },
    {
      "key": "py_bilizb",
      "name": "py_bilizb(Pyramid)",
      "type": 3,
      "api": "py_bilizb",
      "searchable": 1,
      "quickSearch": 1,
      "filterable": 0,
      "ext": "./lib/py_bilizb.py"
    },
    {
      "key": "dr_兰花影院",
      "name": "兰花影院(drpy)",
      "type": 3,
      "api": "./lib/drpy.min.js",
      "searchable": 2,
      "quickSearch": 0,
      "filterable": 0,
      "ext": "./lib/兰花影院.js"
    },
    {
      "key": "dr_量子影视",
      "name": "量子影视(drpy)",
      "type": 3,
      "api": "./lib/drpy.min.js",
      "searchable": 2,
      "quickSearch": 0,
      "filterable": 0,
      "ext": "./lib/量子影视.js"
    },
    {
      "key": "dr_蛋蛋赞",
      "name": "蛋蛋赞(drpy)",
      "type": 3,
      "api": "./lib/drpy.min.js",
      "searchable": 2,
      "quickSearch": 0,
      "filterable": 0,
      "ext": "./lib/蛋蛋赞.js"
    },
    {
      "key": "dr_秋霞",
      "name": "秋霞(drpy)",
      "type": 3,
      "api": "./lib/drpy.min.js",
      "searchable": 2,
      "quickSearch": 0,
      "filterable": 0,
      "ext": "./lib/秋霞.js"
    },
    {
      "key": "dr_小强迷",
      "name": "小强迷(drpy)",
      "type": 3,
      "api": "./lib/drpy.min.js",
      "searchable": 2,
      "quickSearch": 0,
      "filterable": 0,
      "ext": "./lib/小强迷.js"
    },
    {
      "key": "dr_奇珍异兽",
      "name": "奇珍异兽(drpy)",
      "type": 3,
      "api": "./lib/drpy.min.js",
      "searchable": 2,
      "quickSearch": 0,
      "filterable": 1,
      "ext": "./lib/奇珍异兽.js"
    },
    {
      "key": "dr_乐猪TV",
      "name": "乐猪TV(drpy)",
      "type": 3,
      "api": "./lib/drpy.min.js",
      "searchable": 2,
      "quickSearch": 0,
      "filterable": 0,
      "ext": "./lib/乐猪TV.js"
    },
    {
      "key": "py_zxzj",
      "name": "py_zxzj(Pyramid)",
      "type": 3,
      "api": "py_zxzj",
      "searchable": 1,
      "quickSearch": 1,
      "filterable": 0,
      "ext": "./lib/py_zxzj.py"
    },
    {
      "key": "py_zhaozy",
      "name": "py_zhaozy(Pyramid)",
      "type": 3,
      "api": "py_zhaozy",
      "searchable": 1,
      "quickSearch": 1,
      "filterable": 0,
      "ext": "./lib/py_zhaozy.py"
    },
    {
      "key": "py_yunso",
      "name": "py_yunso(Pyramid)",
      "type": 3,
      "api": "py_yunso",
      "searchable": 1,
      "quickSearch": 1,
      "filterable": 0,
      "ext": "./lib/py_yunso.py"
    },
    {
      "key": "py_yiso",
      "name": "py_yiso(Pyramid)",
      "type": 3,
      "api": "py_yiso",
      "searchable": 1,
      "quickSearch": 1,
      "filterable": 0,
      "ext": "./lib/py_yiso.py"
    },
    {
      "key": "py_xmaomi",
      "name": "py_xmaomi(Pyramid)",
      "type": 3,
      "api": "py_xmaomi",
      "searchable": 1,
      "quickSearch": 1,
      "filterable": 0,
      "ext": "./lib/py_xmaomi.py"
    },
    {
      "key": "py_voflix",
      "name": "py_voflix(Pyramid)",
      "type": 3,
      "api": "py_voflix",
      "searchable": 1,
      "quickSearch": 1,
      "filterable": 0,
      "ext": "./lib/py_voflix.py"
    },
    {
      "key": "py_pansou",
      "name": "py_pansou(Pyramid)",
      "type": 3,
      "api": "py_pansou",
      "searchable": 1,
      "quickSearch": 1,
      "filterable": 0,
      "ext": "./lib/py_pansou.py"
    },
    {
      "key": "py_kunyu77",
      "name": "py_kunyu77(Pyramid)",
      "type": 3,
      "api": "py_kunyu77",
      "searchable": 1,
      "quickSearch": 1,
      "filterable": 0,
      "ext": "./lib/py_kunyu77.py"
    },
    {
      "key": "py_kuaikan",
      "name": "py_kuaikan(Pyramid)",
      "type": 3,
      "api": "py_kuaikan",
      "searchable": 1,
      "quickSearch": 1,
      "filterable": 0,
      "ext": "./lib/py_kuaikan.py"
    },
    {
      "key": "py_jrskbs",
      "name": "py_jrskbs(Pyramid)",
      "type": 3,
      "api": "py_jrskbs",
      "searchable": 1,
      "quickSearch": 1,
      "filterable": 0,
      "ext": "./lib/py_jrskbs.py"
    },
    {
      "key": "py_huya",
      "name": "py_huya(Pyramid)",
      "type": 3,
      "api": "py_huya",
      "searchable": 1,
      "quickSearch": 1,
      "filterable": 0,
      "ext": "./lib/py_huya.py"
    },
    {
      "key": "py_gitcafe",
      "name": "py_gitcafe(Pyramid)",
      "type": 3,
      "api": "py_gitcafe",
      "searchable": 1,
      "quickSearch": 1,
      "filterable": 0,
      "ext": "./lib/py_gitcafe.py"
    },
    {
      "key": "py_gimytv",
      "name": "py_gimytv(Pyramid)",
      "type": 3,
      "api": "py_gimytv",
      "searchable": 1,
      "quickSearch": 1,
      "filterable": 0,
      "ext": "./lib/py_gimytv.py"
    },
    {
      "key": "py_genmov",
      "name": "py_genmov(Pyramid)",
      "type": 3,
      "api": "py_genmov",
      "searchable": 1,
      "quickSearch": 1,
      "filterable": 0,
      "ext": "./lib/py_genmov.py"
    },
    {
      "key": "py_douyu",
      "name": "py_douyu(Pyramid)",
      "type": 3,
      "api": "py_douyu",
      "searchable": 1,
      "quickSearch": 1,
      "filterable": 0,
      "ext": "./lib/py_douyu.py"
    },
    {
      "key": "py_czspp",
      "name": "py_czspp(Pyramid)",
      "type": 3,
      "api": "py_czspp",
      "searchable": 1,
      "quickSearch": 1,
      "filterable": 0,
      "ext": "./lib/py_czspp.py"
    },
    {
      "key": "py_cokemv",
      "name": "py_cokemv(Pyramid)",
      "type": 3,
      "api": "py_cokemv",
      "searchable": 1,
      "quickSearch": 1,
      "filterable": 0,
      "ext": "./lib/py_cokemv.py"
    },
    {
      "key": "py_cctv",
      "name": "py_cctv(Pyramid)",
      "type": 3,
      "api": "py_cctv",
      "searchable": 1,
      "quickSearch": 1,
      "filterable": 0,
      "ext": "./lib/py_cctv.py"
    },
    {
      "key": "py_bilivd",
      "name": "py_bilivd(Pyramid)",
      "type": 3,
      "api": "py_bilivd",
      "searchable": 1,
      "quickSearch": 1,
      "filterable": 0,
      "ext": "./lib/py_bilivd.py"
    },
    {
      "key": "py_bilimd",
      "name": "py_bilimd(Pyramid)",
      "type": 3,
      "api": "py_bilimd",
      "searchable": 1,
      "quickSearch": 1,
      "filterable": 0,
      "ext": "./lib/py_bilimd.py"
    },
    {
      "key": "py_bilibili",
      "name": "py_bilibili(Pyramid)",
      "type": 3,
      "api": "py_bilibili",
      "searchable": 1,
      "quickSearch": 1,
      "filterable": 0,
      "ext": "./lib/py_bilibili.py"
    },
    {
      "key": "py_alist",
      "name": "py_alist(Pyramid)",
      "type": 3,
      "api": "py_alist",
      "searchable": 1,
      "quickSearch": 1,
      "filterable": 0,
      "ext": "./lib/py_alist.py"
    },
    {
      "key": "py_ali",
      "name": "py_ali(Pyramid)",
      "type": 3,
      "api": "py_ali",
      "searchable": 1,
      "quickSearch": 1,
      "filterable": 0,
      "ext": "./lib/py_ali.py"
    }
  ],
  "parses": [
    {
      "name": "🌐Ⓤ",
      "type": 0,
      "url": "",
      "header": {
        "User-Agent": "Mozilla/5.0"
      }
    },
    {
      "name": "轮询",
      "type": 2,
      "url": "Sequence",
      "header": {
        "User-Agent": "Mozilla/5.0"
      }
    },
    {
      "name": "并发",
      "type": 2,
      "url": "Parallel",
      "header": {
        "User-Agent": "Mozilla/5.0"
      }
    },
    {
      "name": "万能",
      "url": "https://json.legendwhb.cn/llq/?url=",
      "type": 0,
      "ext": {
        "flag": [
          "qiyi",
          "imgo",
          "爱奇艺",
          "奇艺",
          "qq",
          "腾讯",
          "youku",
          "优酷",
          "pptv",
          "PPTV",
          "letv",
          "乐视",
          "leshi",
          "bilibili",
          "哔哩哔哩",
          "哔哩",
          "mgtv",
          "芒果",
          "sohu",
          "xigua",
          "fun",
          "风行"
        ],
        "header": {
          "User-Agent": "Mozilla/5.0"
        }
      },
      "header": {
        "User-Agent": "Mozilla/5.0"
      }
    },
    {
      "name": "很牛逼",
      "url": "http://rxjx.kuanjv.com/allm3u8.php?url=",
      "type": 1,
      "ext": {
        "flag": [
          "qiyi",
          "imgo",
          "爱奇艺",
          "奇艺",
          "qq",
          "腾讯",
          "youku",
          "优酷",
          "pptv",
          "PPTV",
          "letv",
          "乐视",
          "leshi",
          "bilibili",
          "哔哩哔哩",
          "哔哩",
          "mgtv",
          "芒果",
          "sohu",
          "xigua",
          "fun",
          "风行"
        ],
        "header": {
          "User-Agent": "Mozilla/5.0"
        }
      },
      "header": {
        "User-Agent": "Mozilla/5.0"
      }
    },
    {
      "name": "虾米",
      "url": "https://dm.xmflv.com:4433/?url=",
      "type": 0,
      "ext": {
        "flag": [
          "qiyi",
          "imgo",
          "爱奇艺",
          "奇艺",
          "qq",
          "腾讯",
          "youku",
          "优酷",
          "pptv",
          "PPTV",
          "letv",
          "乐视",
          "leshi",
          "bilibili",
          "哔哩哔哩",
          "哔哩",
          "mgtv",
          "芒果",
          "sohu",
          "xigua",
          "fun",
          "风行"
        ],
        "header": {
          "User-Agent": "Mozilla/5.0"
        }
      },
      "header": {
        "User-Agent": "Mozilla/5.0"
      }
    },
    {
      "name": "左岸",
      "url": "https://jx.bozrc.com:4433/player/analysis.php?v=",
      "type": 0,
      "ext": {
        "flag": [
          "qiyi",
          "imgo",
          "爱奇艺",
          "奇艺",
          "qq",
          "腾讯",
          "youku",
          "优酷",
          "pptv",
          "PPTV",
          "letv",
          "乐视",
          "leshi",
          "bilibili",
          "哔哩哔哩",
          "哔哩",
          "mgtv",
          "芒果",
          "sohu",
          "xigua",
          "fun",
          "风行"
        ],
        "header": {
          "User-Agent": "Mozilla/5.0"
        }
      },
      "header": {
        "User-Agent": "Mozilla/5.0"
      }
    },
    {
      "name": "全网通",
      "url": "http://jx.nikucms.com/pc/index6.php?url=",
      "type": 0,
      "ext": {
        "flag": [
          "qiyi",
          "imgo",
          "爱奇艺",
          "奇艺",
          "qq",
          "腾讯",
          "youku",
          "优酷",
          "pptv",
          "PPTV",
          "letv",
          "乐视",
          "leshi",
          "bilibili",
          "哔哩哔哩",
          "哔哩",
          "mgtv",
          "芒果",
          "sohu",
          "xigua",
          "fun",
          "风行"
        ],
        "header": {
          "User-Agent": "Mozilla/5.0"
        }
      },
      "header": {
        "User-Agent": "Mozilla/5.0"
      }
    },
    {
      "name": "91",
      "url": "http://91fanli.top/m3u8/?url=",
      "type": 0,
      "ext": {
        "flag": [
          "qiyi",
          "imgo",
          "爱奇艺",
          "奇艺",
          "qq",
          "腾讯",
          "youku",
          "优酷",
          "pptv",
          "PPTV",
          "letv",
          "乐视",
          "leshi",
          "bilibili",
          "哔哩哔哩",
          "哔哩",
          "mgtv",
          "芒果",
          "sohu",
          "xigua",
          "fun",
          "风行"
        ],
        "header": {
          "User-Agent": "Mozilla/5.0"
        }
      },
      "header": {
        "User-Agent": "Mozilla/5.0"
      }
    },
    {
      "name": "BT5V",
      "url": "https://rx.bt5v.com/json/jsonindex.php/?url=",
      "type": 1,
      "ext": {
        "flag": [
          "qiyi",
          "imgo",
          "爱奇艺",
          "奇艺",
          "qq",
          "腾讯",
          "youku",
          "优酷",
          "pptv",
          "PPTV",
          "letv",
          "乐视",
          "leshi",
          "bilibili",
          "哔哩哔哩",
          "哔哩",
          "mgtv",
          "芒果",
          "sohu",
          "xigua",
          "fun",
          "风行"
        ],
        "header": {
          "User-Agent": "Mozilla/5.0"
        }
      },
      "header": {
        "User-Agent": "Mozilla/5.0"
      }
    },
    {
      "name": "GGTV搜集",
      "url": "https://play.fuqizhishi.com/juhe/API.php?appkey=caijijuhe220902&url=",
      "type": 1,
      "ext": {
        "flag": [
          "qiyi",
          "imgo",
          "爱奇艺",
          "奇艺",
          "qq",
          "腾讯",
          "youku",
          "优酷",
          "pptv",
          "PPTV",
          "letv",
          "乐视",
          "leshi",
          "bilibili",
          "哔哩哔哩",
          "哔哩",
          "mgtv",
          "芒果",
          "sohu",
          "xigua",
          "fun",
          "风行"
        ],
        "header": {
          "User-Agent": "Mozilla/5.0"
        }
      },
      "header": {
        "User-Agent": "Mozilla/5.0"
      }
    },
    {
      "name": "CY",
      "url": "https://vip.cyu0.cn/home/api?type=ys&uid=1353484&key=efopqwABCLOTVYZ278&url=",
      "type": 1,
      "ext": {
        "flag": [
          "qiyi",
          "imgo",
          "爱奇艺",
          "奇艺",
          "qq",
          "腾讯",
          "youku",
          "优酷",
          "pptv",
          "PPTV",
          "letv",
          "乐视",
          "leshi",
          "bilibili",
          "哔哩哔哩",
          "哔哩",
          "mgtv",
          "芒果",
          "sohu",
          "xigua",
          "fun",
          "风行"
        ],
        "header": {
          "User-Agent": "Mozilla/5.0"
        }
      },
      "header": {
        "User-Agent": "Mozilla/5.0"
      }
    },
    {
      "name": "ok解析",
      "url": "https://okjx.cc/?url=",
      "type": 0,
      "ext": {
        "flag": [
          "qiyi",
          "imgo",
          "爱奇艺",
          "奇艺",
          "qq",
          "腾讯",
          "youku",
          "优酷",
          "pptv",
          "PPTV",
          "letv",
          "乐视",
          "leshi",
          "bilibili",
          "哔哩哔哩",
          "哔哩",
          "mgtv",
          "芒果",
          "sohu",
          "xigua",
          "fun",
          "风行"
        ],
        "header": {
          "User-Agent": "Mozilla/5.0"
        }
      },
      "header": {
        "User-Agent": "Mozilla/5.0"
      }
    },
    {
      "name": "全民1",
      "url": "http://api.wpsseo.cn/?v=",
      "type": 0,
      "ext": {
        "flag": [
          "qiyi",
          "imgo",
          "爱奇艺",
          "奇艺",
          "qq",
          "腾讯",
          "youku",
          "优酷",
          "pptv",
          "PPTV",
          "letv",
          "乐视",
          "leshi",
          "bilibili",
          "哔哩哔哩",
          "哔哩",
          "mgtv",
          "芒果",
          "sohu",
          "xigua",
          "fun",
          "风行"
        ],
        "header": {
          "User-Agent": "Mozilla/5.0"
        }
      },
      "header": {
        "User-Agent": "Mozilla/5.0"
      }
    },
    {
      "name": "解析13",
      "url": "http://api.wpsseo.cn/?v=",
      "type": 0,
      "ext": {
        "flag": [
          "qiyi",
          "imgo",
          "爱奇艺",
          "奇艺",
          "qq",
          "腾讯",
          "youku",
          "优酷",
          "pptv",
          "PPTV",
          "letv",
          "乐视",
          "leshi",
          "bilibili",
          "哔哩哔哩",
          "哔哩",
          "mgtv",
          "芒果",
          "sohu",
          "xigua",
          "fun",
          "风行"
        ],
        "header": {
          "User-Agent": "Mozilla/5.0"
        }
      },
      "header": {
        "User-Agent": "Mozilla/5.0"
      }
    },
    {
      "name": "m3u8tv",
      "url": "https://jx.m3u8.tv/jiexi/?url=",
      "type": 0,
      "ext": {
        "flag": [
          "qiyi",
          "imgo",
          "爱奇艺",
          "奇艺",
          "qq",
          "腾讯",
          "youku",
          "优酷",
          "pptv",
          "PPTV",
          "letv",
          "乐视",
          "leshi",
          "bilibili",
          "哔哩哔哩",
          "哔哩",
          "mgtv",
          "芒果",
          "sohu",
          "xigua",
          "fun",
          "风行"
        ],
        "header": {
          "User-Agent": "Mozilla/5.0"
        }
      },
      "header": {
        "User-Agent": "Mozilla/5.0"
      }
    },
    {
      "name": "m3u8tv高清",
      "url": "https://jx.m3u8.tv/jiexi/?url=",
      "type": 0,
      "ext": {
        "flag": [
          "qiyi",
          "imgo",
          "爱奇艺",
          "奇艺",
          "qq",
          "腾讯",
          "youku",
          "优酷",
          "pptv",
          "PPTV",
          "letv",
          "乐视",
          "leshi",
          "bilibili",
          "哔哩哔哩",
          "哔哩",
          "mgtv",
          "芒果",
          "sohu",
          "xigua",
          "fun",
          "风行"
        ],
        "header": {
          "User-Agent": "Mozilla/5.0"
        }
      },
      "header": {
        "User-Agent": "Mozilla/5.0"
      }
    },
    {
      "name": "Fosi",
      "url": "https://play.fositv.com/?url=",
      "type": 0,
      "ext": {
        "flag": [
          "qiyi",
          "imgo",
          "爱奇艺",
          "奇艺",
          "qq",
          "腾讯",
          "youku",
          "优酷",
          "pptv",
          "PPTV",
          "letv",
          "乐视",
          "leshi",
          "bilibili",
          "哔哩哔哩",
          "哔哩",
          "mgtv",
          "芒果",
          "sohu",
          "xigua",
          "fun",
          "风行"
        ],
        "header": {
          "User-Agent": "Mozilla/5.0"
        }
      },
      "header": {
        "User-Agent": "Mozilla/5.0"
      }
    },
    {
      "name": "无名4",
      "url": "https://play.fositv.com/?url=",
      "type": 0,
      "ext": {
        "flag": [
          "qiyi",
          "imgo",
          "爱奇艺",
          "奇艺",
          "qq",
          "腾讯",
          "youku",
          "优酷",
          "pptv",
          "PPTV",
          "letv",
          "乐视",
          "leshi",
          "bilibili",
          "哔哩哔哩",
          "哔哩",
          "mgtv",
          "芒果",
          "sohu",
          "xigua",
          "fun",
          "风行"
        ],
        "header": {
          "User-Agent": "Mozilla/5.0"
        }
      },
      "header": {
        "User-Agent": "Mozilla/5.0"
      }
    },
    {
      "name": "诺讯",
      "url": "https://www.nxflv.com/?url=",
      "type": 0,
      "ext": {
        "flag": [
          "qiyi",
          "imgo",
          "爱奇艺",
          "奇艺",
          "qq",
          "腾讯",
          "youku",
          "优酷",
          "pptv",
          "PPTV",
          "letv",
          "乐视",
          "leshi",
          "bilibili",
          "哔哩哔哩",
          "哔哩",
          "mgtv",
          "芒果",
          "sohu",
          "xigua",
          "fun",
          "风行"
        ],
        "header": {
          "User-Agent": "Mozilla/5.0"
        }
      },
      "header": {
        "User-Agent": "Mozilla/5.0"
      }
    },
    {
      "name": "诺讯",
      "url": "https://www.nxflv.com/?url=",
      "type": 0,
      "ext": {
        "flag": [
          "qiyi",
          "imgo",
          "爱奇艺",
          "奇艺",
          "qq",
          "腾讯",
          "youku",
          "优酷",
          "pptv",
          "PPTV",
          "letv",
          "乐视",
          "leshi",
          "bilibili",
          "哔哩哔哩",
          "哔哩",
          "mgtv",
          "芒果",
          "sohu",
          "xigua",
          "fun",
          "风行"
        ],
        "header": {
          "User-Agent": "Mozilla/5.0"
        }
      },
      "header": {
        "User-Agent": "Mozilla/5.0"
      }
    },
    {
      "name": "傻逼聊",
      "url": "https://svip.spchat.top/api/?key=O9HGeIVUqU3REsnmQP&url=",
      "type": 1,
      "ext": {
        "flag": [
          "qiyi",
          "imgo",
          "爱奇艺",
          "奇艺",
          "qq",
          "腾讯",
          "youku",
          "优酷",
          "pptv",
          "PPTV",
          "letv",
          "乐视",
          "leshi",
          "bilibili",
          "哔哩哔哩",
          "哔哩",
          "mgtv",
          "芒果",
          "sohu",
          "xigua",
          "fun",
          "风行"
        ],
        "header": {
          "User-Agent": "Mozilla/5.0"
        }
      },
      "header": {
        "User-Agent": "Mozilla/5.0"
      }
    },
    {
      "name": "208",
      "url": "https://v.2080kk.com/home/api?type=ys&uid=1308653&key=behnpstwxBCHJMQ029&url=",
      "type": 1,
      "ext": {
        "flag": [
          "qiyi",
          "imgo",
          "爱奇艺",
          "奇艺",
          "qq",
          "腾讯",
          "youku",
          "优酷",
          "pptv",
          "PPTV",
          "letv",
          "乐视",
          "leshi",
          "bilibili",
          "哔哩哔哩",
          "哔哩",
          "mgtv",
          "芒果",
          "sohu",
          "xigua",
          "fun",
          "风行"
        ],
        "header": {
          "User-Agent": "Mozilla/5.0"
        }
      },
      "header": {
        "User-Agent": "Mozilla/5.0"
      }
    },
    {
      "name": "8090",
      "url": "https://www.8090.la/8090/?url=",
      "type": 0,
      "ext": {
        "flag": [
          "qiyi",
          "imgo",
          "爱奇艺",
          "奇艺",
          "qq",
          "腾讯",
          "youku",
          "优酷",
          "pptv",
          "PPTV",
          "letv",
          "乐视",
          "leshi",
          "bilibili",
          "哔哩哔哩",
          "哔哩",
          "mgtv",
          "芒果",
          "sohu",
          "xigua",
          "fun",
          "风行"
        ],
        "header": {
          "User-Agent": "Mozilla/5.0"
        }
      },
      "header": {
        "User-Agent": "Mozilla/5.0"
      }
    },
    {
      "name": "365",
      "url": "https://chaxun.Truechat365.com/?url=",
      "type": 0,
      "ext": {
        "flag": [
          "qiyi",
          "imgo",
          "爱奇艺",
          "奇艺",
          "qq",
          "腾讯",
          "youku",
          "优酷",
          "pptv",
          "PPTV",
          "letv",
          "乐视",
          "leshi",
          "bilibili",
          "哔哩哔哩",
          "哔哩",
          "mgtv",
          "芒果",
          "sohu",
          "xigua",
          "fun",
          "风行"
        ],
        "header": {
          "User-Agent": "Mozilla/5.0"
        }
      },
      "header": {
        "User-Agent": "Mozilla/5.0"
      }
    },
    {
      "name": "真聊",
      "url": "https://chaxun.Truechat365.com/?url=",
      "type": 0,
      "ext": {
        "flag": [
          "qiyi",
          "imgo",
          "爱奇艺",
          "奇艺",
          "qq",
          "腾讯",
          "youku",
          "优酷",
          "pptv",
          "PPTV",
          "letv",
          "乐视",
          "leshi",
          "bilibili",
          "哔哩哔哩",
          "哔哩",
          "mgtv",
          "芒果",
          "sohu",
          "xigua",
          "fun",
          "风行"
        ],
        "header": {
          "User-Agent": "Mozilla/5.0"
        }
      },
      "header": {
        "User-Agent": "Mozilla/5.0"
      }
    },
    {
      "name": "无名2",
      "url": "https://h5.freejson.xyz/player/?url=",
      "type": 0,
      "ext": {
        "flag": [
          "qiyi",
          "imgo",
          "爱奇艺",
          "奇艺",
          "qq",
          "腾讯",
          "youku",
          "优酷",
          "pptv",
          "PPTV",
          "letv",
          "乐视",
          "leshi",
          "bilibili",
          "哔哩哔哩",
          "哔哩",
          "mgtv",
          "芒果",
          "sohu",
          "xigua",
          "fun",
          "风行"
        ],
        "header": {
          "User-Agent": "Mozilla/5.0"
        }
      },
      "header": {
        "User-Agent": "Mozilla/5.0"
      }
    },
    {
      "name": "无名3",
      "url": "https://freejx.rx88.top:1234/?url=",
      "type": 0,
      "ext": {
        "flag": [
          "qiyi",
          "imgo",
          "爱奇艺",
          "奇艺",
          "qq",
          "腾讯",
          "youku",
          "优酷",
          "pptv",
          "PPTV",
          "letv",
          "乐视",
          "leshi",
          "bilibili",
          "哔哩哔哩",
          "哔哩",
          "mgtv",
          "芒果",
          "sohu",
          "xigua",
          "fun",
          "风行"
        ],
        "header": {
          "User-Agent": "Mozilla/5.0"
        }
      },
      "header": {
        "User-Agent": "Mozilla/5.0"
      }
    },
    {
      "name": "猪蹄",
      "url": "https://jx.iztyy.com/svip/?url=",
      "type": 0,
      "ext": {
        "flag": [
          "qiyi",
          "imgo",
          "爱奇艺",
          "奇艺",
          "qq",
          "腾讯",
          "youku",
          "优酷",
          "pptv",
          "PPTV",
          "letv",
          "乐视",
          "leshi",
          "bilibili",
          "哔哩哔哩",
          "哔哩",
          "mgtv",
          "芒果",
          "sohu",
          "xigua",
          "fun",
          "风行"
        ],
        "header": {
          "User-Agent": "Mozilla/5.0"
        }
      },
      "header": {
        "User-Agent": "Mozilla/5.0"
      }
    },
    {
      "name": "m2090",
      "url": "https://m2090.com/?url=",
      "type": 0,
      "ext": {
        "flag": [
          "qiyi",
          "imgo",
          "爱奇艺",
          "奇艺",
          "qq",
          "腾讯",
          "youku",
          "优酷",
          "pptv",
          "PPTV",
          "letv",
          "乐视",
          "leshi",
          "bilibili",
          "哔哩哔哩",
          "哔哩",
          "mgtv",
          "芒果",
          "sohu",
          "xigua",
          "fun",
          "风行"
        ],
        "header": {
          "User-Agent": "Mozilla/5.0"
        }
      },
      "header": {
        "User-Agent": "Mozilla/5.0"
      }
    },
    {
      "name": "解析14",
      "url": "https://go.yh0523.cn/y.cy?url=",
      "type": 0,
      "ext": {
        "flag": [
          "qiyi",
          "imgo",
          "爱奇艺",
          "奇艺",
          "qq",
          "腾讯",
          "youku",
          "优酷",
          "pptv",
          "PPTV",
          "letv",
          "乐视",
          "leshi",
          "bilibili",
          "哔哩哔哩",
          "哔哩",
          "mgtv",
          "芒果",
          "sohu",
          "xigua",
          "fun",
          "风行"
        ],
        "header": {
          "User-Agent": "Mozilla/5.0"
        }
      },
      "header": {
        "User-Agent": "Mozilla/5.0"
      }
    },
    {
      "name": "B站1",
      "url": "https://jx.bozrc.com:4433/player/?url=",
      "type": 0,
      "ext": {
        "flag": [
          "qiyi",
          "imgo",
          "爱奇艺",
          "奇艺",
          "qq",
          "腾讯",
          "youku",
          "优酷",
          "pptv",
          "PPTV",
          "letv",
          "乐视",
          "leshi",
          "bilibili",
          "哔哩哔哩",
          "哔哩",
          "mgtv",
          "芒果",
          "sohu",
          "xigua",
          "fun",
          "风行"
        ],
        "header": {
          "User-Agent": "Mozilla/5.0"
        }
      },
      "header": {
        "User-Agent": "Mozilla/5.0"
      }
    },
    {
      "name": "爱豆",
      "url": "https://jx.aidouer.net/?url=",
      "type": 0,
      "ext": {
        "flag": [
          "qiyi",
          "imgo",
          "爱奇艺",
          "奇艺",
          "qq",
          "腾讯",
          "youku",
          "优酷",
          "pptv",
          "PPTV",
          "letv",
          "乐视",
          "leshi",
          "bilibili",
          "哔哩哔哩",
          "哔哩",
          "mgtv",
          "芒果",
          "sohu",
          "xigua",
          "fun",
          "风行"
        ],
        "header": {
          "User-Agent": "Mozilla/5.0"
        }
      },
      "header": {
        "User-Agent": "Mozilla/5.0"
      }
    },
    {
      "name": "H8",
      "url": "https://www.h8jx.com/jiexi.php?url=",
      "type": 0,
      "ext": {
        "flag": [
          "qiyi",
          "imgo",
          "爱奇艺",
          "奇艺",
          "qq",
          "腾讯",
          "youku",
          "优酷",
          "pptv",
          "PPTV",
          "letv",
          "乐视",
          "leshi",
          "bilibili",
          "哔哩哔哩",
          "哔哩",
          "mgtv",
          "芒果",
          "sohu",
          "xigua",
          "fun",
          "风行"
        ],
        "header": {
          "User-Agent": "Mozilla/5.0"
        }
      },
      "header": {
        "User-Agent": "Mozilla/5.0"
      }
    },
    {
      "name": "解析",
      "url": "https://ckmov.ccyjjd.com/ckmov/?url=",
      "type": 0,
      "ext": {
        "flag": [
          "qiyi",
          "imgo",
          "爱奇艺",
          "奇艺",
          "qq",
          "腾讯",
          "youku",
          "优酷",
          "pptv",
          "PPTV",
          "letv",
          "乐视",
          "leshi",
          "bilibili",
          "哔哩哔哩",
          "哔哩",
          "mgtv",
          "芒果",
          "sohu",
          "xigua",
          "fun",
          "风行"
        ],
        "header": {
          "User-Agent": "Mozilla/5.0"
        }
      },
      "header": {
        "User-Agent": "Mozilla/5.0"
      }
    },
    {
      "name": "解析",
      "url": "https://ckmov.ccyjjd.com/ckmov/?url=",
      "type": 0,
      "ext": {
        "flag": [
          "qiyi",
          "imgo",
          "爱奇艺",
          "奇艺",
          "qq",
          "腾讯",
          "youku",
          "优酷",
          "pptv",
          "PPTV",
          "letv",
          "乐视",
          "leshi",
          "bilibili",
          "哔哩哔哩",
          "哔哩",
          "mgtv",
          "芒果",
          "sohu",
          "xigua",
          "fun",
          "风行"
        ],
        "header": {
          "User-Agent": "Mozilla/5.0"
        }
      },
      "header": {
        "User-Agent": "Mozilla/5.0"
      }
    },
    {
      "name": "思古3",
      "url": "https://jsap.attakids.com/?url=",
      "type": 0,
      "ext": {
        "flag": [
          "qiyi",
          "imgo",
          "爱奇艺",
          "奇艺",
          "qq",
          "腾讯",
          "youku",
          "优酷",
          "pptv",
          "PPTV",
          "letv",
          "乐视",
          "leshi",
          "bilibili",
          "哔哩哔哩",
          "哔哩",
          "mgtv",
          "芒果",
          "sohu",
          "xigua",
          "fun",
          "风行"
        ],
        "header": {
          "User-Agent": "Mozilla/5.0"
        }
      },
      "header": {
        "User-Agent": "Mozilla/5.0"
      }
    },
    {
      "name": "云端1",
      "url": "https://js.52jx.top:2525/?url=",
      "type": 0,
      "ext": {
        "flag": [
          "qiyi",
          "imgo",
          "爱奇艺",
          "奇艺",
          "qq",
          "腾讯",
          "youku",
          "优酷",
          "pptv",
          "PPTV",
          "letv",
          "乐视",
          "leshi",
          "bilibili",
          "哔哩哔哩",
          "哔哩",
          "mgtv",
          "芒果",
          "sohu",
          "xigua",
          "fun",
          "风行"
        ],
        "header": {
          "User-Agent": "Mozilla/5.0"
        }
      },
      "header": {
        "User-Agent": "Mozilla/5.0"
      }
    },
    {
      "name": "云端2",
      "url": "https://sb.5gseo.net/?url=",
      "type": 0,
      "ext": {
        "flag": [
          "qiyi",
          "imgo",
          "爱奇艺",
          "奇艺",
          "qq",
          "腾讯",
          "youku",
          "优酷",
          "pptv",
          "PPTV",
          "letv",
          "乐视",
          "leshi",
          "bilibili",
          "哔哩哔哩",
          "哔哩",
          "mgtv",
          "芒果",
          "sohu",
          "xigua",
          "fun",
          "风行"
        ],
        "header": {
          "User-Agent": "Mozilla/5.0"
        }
      },
      "header": {
        "User-Agent": "Mozilla/5.0"
      }
    },
    {
      "name": "搬运",
      "url": "https://jx.bynote.top/API.php?url=",
      "type": 1,
      "ext": {
        "flag": [
          "qiyi",
          "imgo",
          "爱奇艺",
          "奇艺",
          "qq",
          "腾讯",
          "youku",
          "优酷",
          "pptv",
          "PPTV",
          "letv",
          "乐视",
          "leshi",
          "bilibili",
          "哔哩哔哩",
          "哔哩",
          "mgtv",
          "芒果",
          "sohu",
          "xigua",
          "fun",
          "风行"
        ],
        "header": {
          "User-Agent": "Mozilla/5.0"
        }
      },
      "header": {
        "User-Agent": "Mozilla/5.0"
      }
    },
    {
      "name": "解析第一",
      "url": "http://27.124.4.42:4567/jhjson/ceshi.php?url=",
      "type": 0,
      "ext": {
        "flag": [
          "qiyi",
          "imgo",
          "爱奇艺",
          "奇艺",
          "qq",
          "腾讯",
          "youku",
          "优酷",
          "pptv",
          "PPTV",
          "letv",
          "乐视",
          "leshi",
          "bilibili",
          "哔哩哔哩",
          "哔哩",
          "mgtv",
          "芒果",
          "sohu",
          "xigua",
          "fun",
          "风行"
        ],
        "header": {
          "User-Agent": "Mozilla/5.0"
        }
      },
      "header": {
        "User-Agent": "Mozilla/5.0"
      }
    },
    {
      "name": "纯净1",
      "url": "https://z1.m1907.cn/?jx=",
      "type": 0,
      "ext": {
        "flag": [
          "qiyi",
          "imgo",
          "爱奇艺",
          "奇艺",
          "qq",
          "腾讯",
          "youku",
          "优酷",
          "pptv",
          "PPTV",
          "letv",
          "乐视",
          "leshi",
          "bilibili",
          "哔哩哔哩",
          "哔哩",
          "mgtv",
          "芒果",
          "sohu",
          "xigua",
          "fun",
          "风行"
        ],
        "header": {
          "User-Agent": "Mozilla/5.0"
        }
      },
      "header": {
        "User-Agent": "Mozilla/5.0"
      }
    },
    {
      "name": "BL",
      "url": "https://vip.bljiex.com/?v=",
      "type": 0,
      "ext": {
        "flag": [
          "qiyi",
          "imgo",
          "爱奇艺",
          "奇艺",
          "qq",
          "腾讯",
          "youku",
          "优酷",
          "pptv",
          "PPTV",
          "letv",
          "乐视",
          "leshi",
          "bilibili",
          "哔哩哔哩",
          "哔哩",
          "mgtv",
          "芒果",
          "sohu",
          "xigua",
          "fun",
          "风行"
        ],
        "header": {
          "User-Agent": "Mozilla/5.0"
        }
      },
      "header": {
        "User-Agent": "Mozilla/5.0"
      }
    },
    {
      "name": "CK",
      "url": "https://www.ckplayer.vip/jiexi/?url=",
      "type": 0,
      "ext": {
        "flag": [
          "qiyi",
          "imgo",
          "爱奇艺",
          "奇艺",
          "qq",
          "腾讯",
          "youku",
          "优酷",
          "pptv",
          "PPTV",
          "letv",
          "乐视",
          "leshi",
          "bilibili",
          "哔哩哔哩",
          "哔哩",
          "mgtv",
          "芒果",
          "sohu",
          "xigua",
          "fun",
          "风行"
        ],
        "header": {
          "User-Agent": "Mozilla/5.0"
        }
      },
      "header": {
        "User-Agent": "Mozilla/5.0"
      }
    },
    {
      "name": "解析la",
      "url": "https://api.jiexi.la/?url=",
      "type": 0,
      "ext": {
        "flag": [
          "qiyi",
          "imgo",
          "爱奇艺",
          "奇艺",
          "qq",
          "腾讯",
          "youku",
          "优酷",
          "pptv",
          "PPTV",
          "letv",
          "乐视",
          "leshi",
          "bilibili",
          "哔哩哔哩",
          "哔哩",
          "mgtv",
          "芒果",
          "sohu",
          "xigua",
          "fun",
          "风行"
        ],
        "header": {
          "User-Agent": "Mozilla/5.0"
        }
      },
      "header": {
        "User-Agent": "Mozilla/5.0"
      }
    },
    {
      "name": "老板",
      "url": "https://vip.laobandq.com/jiexi.php?url=",
      "type": 0,
      "ext": {
        "flag": [
          "qiyi",
          "imgo",
          "爱奇艺",
          "奇艺",
          "qq",
          "腾讯",
          "youku",
          "优酷",
          "pptv",
          "PPTV",
          "letv",
          "乐视",
          "leshi",
          "bilibili",
          "哔哩哔哩",
          "哔哩",
          "mgtv",
          "芒果",
          "sohu",
          "xigua",
          "fun",
          "风行"
        ],
        "header": {
          "User-Agent": "Mozilla/5.0"
        }
      },
      "header": {
        "User-Agent": "Mozilla/5.0"
      }
    },
    {
      "name": "PM",
      "url": "https://www.playm3u8.cn/jiexi.php?url=",
      "type": 0,
      "ext": {
        "flag": [
          "qiyi",
          "imgo",
          "爱奇艺",
          "奇艺",
          "qq",
          "腾讯",
          "youku",
          "优酷",
          "pptv",
          "PPTV",
          "letv",
          "乐视",
          "leshi",
          "bilibili",
          "哔哩哔哩",
          "哔哩",
          "mgtv",
          "芒果",
          "sohu",
          "xigua",
          "fun",
          "风行"
        ],
        "header": {
          "User-Agent": "Mozilla/5.0"
        }
      },
      "header": {
        "User-Agent": "Mozilla/5.0"
      }
    },
    {
      "name": "盘古",
      "url": "https://www.pangujiexi.cc/jiexi.php?url=",
      "type": 0,
      "ext": {
        "flag": [
          "qiyi",
          "imgo",
          "爱奇艺",
          "奇艺",
          "qq",
          "腾讯",
          "youku",
          "优酷",
          "pptv",
          "PPTV",
          "letv",
          "乐视",
          "leshi",
          "bilibili",
          "哔哩哔哩",
          "哔哩",
          "mgtv",
          "芒果",
          "sohu",
          "xigua",
          "fun",
          "风行"
        ],
        "header": {
          "User-Agent": "Mozilla/5.0"
        }
      },
      "header": {
        "User-Agent": "Mozilla/5.0"
      }
    },
    {
      "name": "全民",
      "url": "https://jx.blbo.cc:4433/?url=",
      "type": 0,
      "ext": {
        "flag": [
          "qiyi",
          "imgo",
          "爱奇艺",
          "奇艺",
          "qq",
          "腾讯",
          "youku",
          "优酷",
          "pptv",
          "PPTV",
          "letv",
          "乐视",
          "leshi",
          "bilibili",
          "哔哩哔哩",
          "哔哩",
          "mgtv",
          "芒果",
          "sohu",
          "xigua",
          "fun",
          "风行"
        ],
        "header": {
          "User-Agent": "Mozilla/5.0"
        }
      },
      "header": {
        "User-Agent": "Mozilla/5.0"
      }
    },
    {
      "name": "七哥",
      "url": "https://jx.mmkv.cn/tv.php?url=",
      "type": 0,
      "ext": {
        "flag": [
          "qiyi",
          "imgo",
          "爱奇艺",
          "奇艺",
          "qq",
          "腾讯",
          "youku",
          "优酷",
          "pptv",
          "PPTV",
          "letv",
          "乐视",
          "leshi",
          "bilibili",
          "哔哩哔哩",
          "哔哩",
          "mgtv",
          "芒果",
          "sohu",
          "xigua",
          "fun",
          "风行"
        ],
        "header": {
          "User-Agent": "Mozilla/5.0"
        }
      },
      "header": {
        "User-Agent": "Mozilla/5.0"
      }
    },
    {
      "name": "RDHK",
      "url": "https://jx.rdhk.net/?v=",
      "type": 0,
      "ext": {
        "flag": [
          "qiyi",
          "imgo",
          "爱奇艺",
          "奇艺",
          "qq",
          "腾讯",
          "youku",
          "优酷",
          "pptv",
          "PPTV",
          "letv",
          "乐视",
          "leshi",
          "bilibili",
          "哔哩哔哩",
          "哔哩",
          "mgtv",
          "芒果",
          "sohu",
          "xigua",
          "fun",
          "风行"
        ],
        "header": {
          "User-Agent": "Mozilla/5.0"
        }
      },
      "header": {
        "User-Agent": "Mozilla/5.0"
      }
    },
    {
      "name": "云析",
      "url": "https://jx.yparse.com/index.php?url=",
      "type": 0,
      "ext": {
        "flag": [
          "qiyi",
          "imgo",
          "爱奇艺",
          "奇艺",
          "qq",
          "腾讯",
          "youku",
          "优酷",
          "pptv",
          "PPTV",
          "letv",
          "乐视",
          "leshi",
          "bilibili",
          "哔哩哔哩",
          "哔哩",
          "mgtv",
          "芒果",
          "sohu",
          "xigua",
          "fun",
          "风行"
        ],
        "header": {
          "User-Agent": "Mozilla/5.0"
        }
      },
      "header": {
        "User-Agent": "Mozilla/5.0"
      }
    },
    {
      "name": "180",
      "url": "https://jx.000180.top/jx/?url=",
      "type": 0,
      "ext": {
        "flag": [
          "qiyi",
          "imgo",
          "爱奇艺",
          "奇艺",
          "qq",
          "腾讯",
          "youku",
          "优酷",
          "pptv",
          "PPTV",
          "letv",
          "乐视",
          "leshi",
          "bilibili",
          "哔哩哔哩",
          "哔哩",
          "mgtv",
          "芒果",
          "sohu",
          "xigua",
          "fun",
          "风行"
        ],
        "header": {
          "User-Agent": "Mozilla/5.0"
        }
      },
      "header": {
        "User-Agent": "Mozilla/5.0"
      }
    },
    {
      "name": "七彩",
      "url": "https://www.xymav.com/?url=",
      "type": 0,
      "ext": {
        "flag": [
          "qiyi",
          "imgo",
          "爱奇艺",
          "奇艺",
          "qq",
          "腾讯",
          "youku",
          "优酷",
          "pptv",
          "PPTV",
          "letv",
          "乐视",
          "leshi",
          "bilibili",
          "哔哩哔哩",
          "哔哩",
          "mgtv",
          "芒果",
          "sohu",
          "xigua",
          "fun",
          "风行"
        ],
        "header": {
          "User-Agent": "Mozilla/5.0"
        }
      },
      "header": {
        "User-Agent": "Mozilla/5.0"
      }
    },
    {
      "name": "夜幕",
      "url": "https://www.yemu.xyz/?url=",
      "type": 0,
      "ext": {
        "flag": [
          "qiyi",
          "imgo",
          "爱奇艺",
          "奇艺",
          "qq",
          "腾讯",
          "youku",
          "优酷",
          "pptv",
          "PPTV",
          "letv",
          "乐视",
          "leshi",
          "bilibili",
          "哔哩哔哩",
          "哔哩",
          "mgtv",
          "芒果",
          "sohu",
          "xigua",
          "fun",
          "风行"
        ],
        "header": {
          "User-Agent": "Mozilla/5.0"
        }
      },
      "header": {
        "User-Agent": "Mozilla/5.0"
      }
    },
    {
      "name": "1717云",
      "url": "https://www.1717yun.com/jx/ty.php?url=",
      "type": 0,
      "ext": {
        "flag": [
          "qiyi",
          "imgo",
          "爱奇艺",
          "奇艺",
          "qq",
          "腾讯",
          "youku",
          "优酷",
          "pptv",
          "PPTV",
          "letv",
          "乐视",
          "leshi",
          "bilibili",
          "哔哩哔哩",
          "哔哩",
          "mgtv",
          "芒果",
          "sohu",
          "xigua",
          "fun",
          "风行"
        ],
        "header": {
          "User-Agent": "Mozilla/5.0"
        }
      },
      "header": {
        "User-Agent": "Mozilla/5.0"
      }
    },
    {
      "name": "8090",
      "url": "https://www.8090g.cn/?url=",
      "type": 0,
      "ext": {
        "flag": [
          "qiyi",
          "imgo",
          "爱奇艺",
          "奇艺",
          "qq",
          "腾讯",
          "youku",
          "优酷",
          "pptv",
          "PPTV",
          "letv",
          "乐视",
          "leshi",
          "bilibili",
          "哔哩哔哩",
          "哔哩",
          "mgtv",
          "芒果",
          "sohu",
          "xigua",
          "fun",
          "风行"
        ],
        "header": {
          "User-Agent": "Mozilla/5.0"
        }
      },
      "header": {
        "User-Agent": "Mozilla/5.0"
      }
    }
  ],
  "flags": [
    "imgo",
    "youku",
    "qq",
    "iqiyi",
    "qiyi",
    "fun",
    "letv",
    "leshi",
    "sohu",
    "tudou",
    "xigua",
    "cntv",
    "1905",
    "pptv",
    "mgtv",
    "wasu",
    "bilibili",
    "renrenmi"
  ],
  "hotSearch": [
    {
      "name": "mobilesearch",
      "request": {
        "method": "GET",
        "header": [
          {
            "key": "Referer",
            "value": "http://101.34.67.237"
          }
        ],
        "url": {
          "raw": "http://101.34.67.237/hotsugg?t={time}"
        }
      },
      "response": {
        "result": "$.data",
        "data": [
          {
            "key": "keyword",
            "value": "title"
          }
        ]
      }
    }
  ],
  "lives": [
    {
      "group": "redirect",
      "channels": [
        {
          "name": "直播",
          "urls": [
            "proxy://do=live&type=txt&ext=aHR0cDovLzEwMS4zNC42Ny4yMzcvdHh0L2xpdmVzL3R2bGl2ZS50eHQ="
          ]
        }
      ]
    }
  ],
  "sniffer": {
    "userAgent": "Mozilla/5.0 (Windows NT 10.0; Win64; x64) AppleWebKit/537.36 (KHTML, like Gecko) Chrome/105.0.0.0 Safari/537.36 Edg/105.0.1343.27",
    "isVideoFormat": "http((?!http).){26,}\\.(m3u8|mp4|flv|avi|mkv|wmv|mpg|mpeg|mov|ts|3gp|rm|rmvb|asf|m4a|mp3|wma)",
    "custom": [
      {
        "url": "/Cloud/Down/AliCloud/",
        "mimeType": "text/html",
        "encoding": "utf-8",
        "header": {
          "Referer": "https://zxzj.vip/"
        }
      },
      {
        "url": "ysting.ysxs8.vip",
        "mimeType": "text/html",
        "encoding": "utf-8",
        "header": {
          "Referer": "http://ysting.ysxs8.vip:81"
        }
      }
    ]
  },
  "recommend": [
    {
      "name": "豆瓣推荐",
      "request": {
        "method": "GET",
        "header": [
          {
            "key": "Referer",
            "value": "https://movie.douban.com/"
          }
        ],
        "url": {
          "raw": "https://movie.douban.com/j/new_search_subjects?sort=U&range=0,10&tags=&playable=1&start=0&year_range=2022,2022"
        }
      },
      "response": {
        "result": "$.data",
        "data": [
          {
            "key": "name",
            "value": "title"
          },
          {
            "key": "note",
            "value": "rate"
          },
          {
            "key": "pic",
            "value": "cover"
          }
        ]
      },
      "expires": "86400"
    }
  ],
  "rating": [
    {
      "name": "rating",
      "request": {
        "method": "GET",
        "url": {
          "raw": "https://api.wmdb.tv/api/v1/movie/search?q={name}&limit=1"
        }
      },
      "response": {
        "result": "this",
        "data": [
          {
            "key": "rating",
            "value": "doubanRating"
          }
        ]
      }
    }
  ],
  "ijk": [
    {
      "group": "软解码",
      "options": [
        {
          "category": 4,
          "name": "opensles",
          "value": "0"
        },
        {
          "category": 4,
          "name": "overlay-format",
          "value": "842225234"
        },
        {
          "category": 4,
          "name": "framedrop",
          "value": "1"
        },
        {
          "category": 4,
          "name": "soundtouch",
          "value": "1"
        },
        {
          "category": 4,
          "name": "start-on-prepared",
          "value": "1"
        },
        {
          "category": 1,
          "name": "http-detect-range-support",
          "value": "0"
        },
        {
          "category": 1,
          "name": "fflags",
          "value": "fastseek"
        },
        {
          "category": 2,
          "name": "skip_loop_filter",
          "value": "48"
        },
        {
          "category": 4,
          "name": "reconnect",
          "value": "1"
        },
        {
          "category": 4,
          "name": "max-buffer-size",
          "value": "5242880"
        },
        {
          "category": 4,
          "name": "enable-accurate-seek",
          "value": "0"
        },
        {
          "category": 4,
          "name": "mediacodec",
          "value": "0"
        },
        {
          "category": 4,
          "name": "mediacodec-auto-rotate",
          "value": "0"
        },
        {
          "category": 4,
          "name": "mediacodec-handle-resolution-change",
          "value": "0"
        },
        {
          "category": 4,
          "name": "mediacodec-hevc",
          "value": "0"
        }
      ]
    },
    {
      "group": "硬解码",
      "options": [
        {
          "category": 4,
          "name": "opensles",
          "value": "0"
        },
        {
          "category": 4,
          "name": "overlay-format",
          "value": "842225234"
        },
        {
          "category": 4,
          "name": "framedrop",
          "value": "1"
        },
        {
          "category": 4,
          "name": "soundtouch",
          "value": "1"
        },
        {
          "category": 4,
          "name": "start-on-prepared",
          "value": "1"
        },
        {
          "category": 1,
          "name": "http-detect-range-support",
          "value": "0"
        },
        {
          "category": 1,
          "name": "fflags",
          "value": "fastseek"
        },
        {
          "category": 2,
          "name": "skip_loop_filter",
          "value": "48"
        },
        {
          "category": 4,
          "name": "reconnect",
          "value": "1"
        },
        {
          "category": 4,
          "name": "max-buffer-size",
          "value": "5242880"
        },
        {
          "category": 4,
          "name": "enable-accurate-seek",
          "value": "0"
        },
        {
          "category": 4,
          "name": "mediacodec",
          "value": "1"
        },
        {
          "category": 4,
          "name": "mediacodec-auto-rotate",
          "value": "1"
        },
        {
          "category": 4,
          "name": "mediacodec-handle-resolution-change",
          "value": "1"
        },
        {
          "category": 4,
          "name": "mediacodec-hevc",
          "value": "1"
        }
      ]
    }
  ],
  "ads": [
    "mimg.0c1q0l.cn",
    "www.googletagmanager.com",
    "www.google-analytics.com",
    "mc.usihnbcq.cn",
    "mg.g1mm3d.cn",
    "mscs.svaeuzh.cn",
    "cnzz.hhttm.top",
    "tp.vinuxhome.com",
    "cnzz.mmstat.com",
    "www.baihuillq.com",
    "s23.cnzz.com",
    "z3.cnzz.com",
    "c.cnzz.com",
    "stj.v1vo.top",
    "z12.cnzz.com",
    "img.mosflower.cn",
    "tips.gamevvip.com",
    "ehwe.yhdtns.com",
    "xdn.cqqc3.com",
    "www.jixunkyy.cn",
    "sp.chemacid.cn",
    "hm.baidu.com",
    "s9.cnzz.com",
    "z6.cnzz.com",
    "um.cavuc.com",
    "mav.mavuz.com",
    "wofwk.aoidf3.com",
    "z5.cnzz.com",
    "xc.hubeijieshikj.cn",
    "tj.tianwenhu.com",
    "xg.gars57.cn",
    "k.jinxiuzhilv.com",
    "cdn.bootcss.com",
    "ppl.xunzhuo123.com",
    "xomk.jiangjunmh.top",
    "img.xunzhuo123.com",
    "z1.cnzz.com",
    "s13.cnzz.com",
    "xg.huataisangao.cn",
    "z7.cnzz.com",
    "xg.huataisangao.cn",
    "z2.cnzz.com",
    "s96.cnzz.com",
    "q11.cnzz.com",
    "thy.dacedsfa.cn",
    "xg.whsbpw.cn",
    "s19.cnzz.com",
    "z8.cnzz.com",
    "s4.cnzz.com",
    "f5w.as12df.top",
    "ae01.alicdn.com",
    "www.92424.cn",
    "k.wudejia.com",
    "vivovip.mmszxc.top",
    "qiu.xixiqiu.com",
    "cdnjs.hnfenxun.com",
    "cms.qdwght.com"
  ]
}