{
  "spider": "./HeChengChaXiu.jar",
  "wallpaper": "https://yun.chuqiuyu.tk",
  "lives": [
    {
      "name": "live",
      "type": 0,
      "url": "./lib/live.txt",
      "epg": "http://epg.51zmt.top:8000/api/diyp/?ch={name}&date={date}"
    }
  ],
  "warningText": "荷城茶秀接口完全免费，切勿付费购买！",
  "sites": [
    {
      "key": "js_豆瓣热播",
      "name": "🅱️追剧影院|T热播 QQ交流群:891992786",
      "type": 3,
      "api": "./lib/Api.js",
      "searchable": 0,
      "quickSearch": 0,
      "filterable": 0,
      "ext": "./lib/Doubanrebo.js"
    },
    {
      "key": "AliYunPan",
      "name": "🅱️网盘登录|T签到",
      "type": 3,
      "api": "csp_AliYunPan",
      "searchable": 0,
      "filterable": 0,
      "ext": "b4242bebe6f144d3aa6a2cd842ac65aa"
    },
    {
      "key": "csp_xBPQ_奇优",
      "name": "🅱️奇优影视|T追剧",
      "type": 3,
      "api": "csp_XBPQ",
      "searchable": 1,
      "quickSearch": 1,
      "filterable": 1,
      "ext": "./lib/奇优影视.json"
    },
    {
      "key": "csp_乐猪",
      "name": "🅱️乐猪影视|T追剧",
      "type": 3,
      "api": "csp_XBPQ",
      "searchable": 1,
      "quickSearch": 1,
      "filterable": 1,
      "ext": "./lib/乐猪影视.json"
    },
    {
      "key": "csp_农民",
      "name": "🅱️农民影视|T追剧",
      "type": 3,
      "api": "csp_XBPQ",
      "searchable": 1,
      "quickSearch": 1,
      "filterable": 1,
      "ext": "./lib/农民影视.json"
    },
    {
      "key": "csp_花猫",
      "name": "🅱️花猫影视|T追剧",
      "type": 3,
      "api": "csp_XBPQ",
      "searchable": 1,
      "quickSearch": 1,
      "filterable": 1,
      "ext": "./lib/花猫影视.json"
    },
    {
      "key": "csp_低端",
      "name": "🅱️低端影视|T追剧",
      "type": 3,
      "api": "csp_XBPQ",
      "searchable": 1,
      "quickSearch": 1,
      "filterable": 1,
      "ext": "./lib/低端影视.json"
    },
    {
      "key": "csp_小鹿",
      "name": "🅱️小鹿影视|T追剧",
      "type": 3,
      "api": "csp_XBPQ",
      "searchable": 1,
      "quickSearch": 1,
      "filterable": 1,
      "ext": "./lib/小鹿影视.json"
    },
    {
      "key": "csp_兔瓜",
      "name": "🅱️兔瓜影视|T追剧",
      "type": 3,
      "api": "csp_XBPQ",
      "searchable": 1,
      "quickSearch": 1,
      "filterable": 1,
      "ext": "./lib/兔兔瓜.json"
    },
    {
      "key": "csp_达龟",
      "name": "🅱️达龟影视|T追剧",
      "type": 3,
      "api": "csp_XBPQ",
      "searchable": 1,
      "quickSearch": 1,
      "filterable": 1,
      "ext": "./lib/达达龟影视.json"
    },
    {
      "key": "Wogg",
      "name": "🅱️玩偶哥哥|T追剧",
      "type": 3,
      "api": "csp_XPathAli",
      "searchable": 1,
      "quickSearch": 1,
      "filterable": 0,
      "ext": "./lib/玩偶哥哥.json"
    },
    {
      "key": "Czspp",
      "name": "🅱️厂长影视|T追剧",
      "type": 3,
      "api": "csp_Czsapp",
      "searchable": 1,
      "quickSearch": 1,
      "filterable": 1,
      "ext": "https://cz01.me/"
    },
    {
      "key": "csp_徕米",
      "name": "🅱️徕米影视|T追剧",
      "type": 3,
      "api": "csp_XBPQ",
      "searchable": 1,
      "quickSearch": 1,
      "filterable": 1,
      "ext": "./lib/徕米影视.json"
    },
    {
      "key": "csp_日后",
      "name": "🅱️日后影视|T追剧",
      "type": 3,
      "api": "csp_XBPQ",
      "searchable": 1,
      "quickSearch": 1,
      "filterable": 1,
      "ext": "./lib/348影视.json"
    },
    {
      "key": "csp_TVB",
      "name": "🅱️TVB云播|T追剧",
      "type": 3,
      "api": "csp_XBPQ",
      "searchable": 1,
      "quickSearch": 1,
      "filterable": 1,
      "ext": "./lib/TVB云播.json"
    },
    {
      "key": "csp_Free",
      "name": "🅱️Free影视|T追剧",
      "type": 3,
      "api": "csp_XBPQ",
      "searchable": 1,
      "quickSearch": 1,
      "filterable": 1,
      "ext": "./lib/Free影视.json"
    },
    {
      "key": "csp_101",
      "name": "🅱️摇玲影视|T追剧",
      "type": 3,
      "api": "csp_XBPQ",
      "searchable": 1,
      "quickSearch": 1,
      "filterable": 1,
      "ext": "./lib/101影视.json"
    },
    {
      "key": "csp_圣城",
      "name": "🅱️圣城影视|T追剧",
      "type": 3,
      "api": "csp_XBPQ",
      "searchable": 1,
      "quickSearch": 1,
      "filterable": 1,
      "ext": "./lib/圣城影视.json"
    },
    {
      "key": "csp_007",
      "name": "🅱️凌漆影视|T追剧",
      "type": 3,
      "api": "csp_XBPQ",
      "searchable": 1,
      "quickSearch": 1,
      "filterable": 1,
      "ext": "./lib/007影视.json"
    },
    {
      "key": "csp_速映",
      "name": "🅱️速映影视|T追剧",
      "type": 3,
      "api": "csp_XBPQ",
      "searchable": 1,
      "quickSearch": 1,
      "filterable": 1,
      "ext": "./lib/速映影视.json"
    },
    {
      "key": "csp_土豪",
      "name": "🅱️土豪影视|T追剧",
      "type": 3,
      "api": "csp_XBPQ",
      "searchable": 1,
      "quickSearch": 1,
      "filterable": 1,
      "ext": "./lib/土豪影视.json"
    },
    {
      "key": "csp_奥特",
      "name": "🅱️奥特影视|T追剧",
      "type": 3,
      "api": "csp_XBPQ",
      "searchable": 1,
      "quickSearch": 1,
      "filterable": 1,
      "ext": "./lib/奥特影视.json"
    },
    {
      "key": "csp_345",
      "name": "🅱️看片影视|T追剧",
      "type": 3,
      "api": "csp_XBPQ",
      "searchable": 1,
      "quickSearch": 1,
      "filterable": 1,
      "ext": "./lib/345看片.json"
    },
    {
      "key": "csp_91",
      "name": "🅱️玖摇影视|T追剧",
      "type": 3,
      "api": "csp_XBPQ",
      "searchable": 1,
      "quickSearch": 1,
      "filterable": 1,
      "ext": "./lib/91影视.json"
    },
    {
      "key": "csp_七年",
      "name": "🅱️七年影视|T追剧",
      "type": 3,
      "api": "csp_XBPQ",
      "searchable": 1,
      "quickSearch": 1,
      "filterable": 1,
      "ext": "./lib/七年影视.json"
    },
    {
      "key": "csp_酷茶",
      "name": "🅱️酷茶影视|T追剧",
      "type": 3,
      "api": "csp_XBPQ",
      "searchable": 1,
      "quickSearch": 1,
      "filterable": 1,
      "ext": "./lib/酷茶影视.json"
    },
    {
      "key": "csp_真不卡",
      "name": "🅱️不卡影视|T追剧",
      "type": 3,
      "api": "csp_XBPQ",
      "searchable": 1,
      "quickSearch": 1,
      "filterable": 1,
      "ext": "./lib/真不卡影视.json"
    },
    {
      "key": "csp_xBPQ_66",
      "name": "🅱️鎏琉影视|T追剧",
      "type": 3,
      "api": "csp_XBPQ",
      "searchable": 1,
      "quickSearch": 1,
      "filterable": 1,
      "ext": "./lib/66影视.json"
    },
    {
      "key": "csp_明帝",
      "name": "🅱️明帝影视|T追剧",
      "type": 3,
      "api": "csp_XBPQ",
      "searchable": 1,
      "quickSearch": 1,
      "filterable": 1,
      "ext": "./lib/明帝影视.json"
    },
    {
      "key": "csp_蛋蛋",
      "name": "🅱️蛋蛋影视|T追剧",
      "type": 3,
      "api": "csp_XBPQ",
      "searchable": 1,
      "quickSearch": 1,
      "filterable": 1,
      "ext": "./lib/蛋蛋影视.json"
    },
    {
      "key": "csp_黑狐",
      "name": "🅱️黑狐影视|T追剧",
      "type": 3,
      "api": "csp_XBPQ",
      "searchable": 1,
      "quickSearch": 1,
      "filterable": 1,
      "ext": "./lib/黑狐影视.json"
    },
    {
      "key": "csp_耐看",
      "name": "🅱️耐看影视|T追剧",
      "type": 3,
      "api": "csp_XBPQ",
      "searchable": 1,
      "quickSearch": 1,
      "filterable": 1,
      "ext": "./lib/耐看影视.json"
    },
    {
      "key": "csp_歪片",
      "name": "🅱️歪片星球|T追剧",
      "type": 3,
      "api": "csp_XBPQ",
      "searchable": 1,
      "quickSearch": 1,
      "filterable": 1,
      "ext": "./lib/歪片星球.json"
    },
    {
      "key": "csp_臭蛋",
      "name": "🅱️臭蛋影视|T追剧",
      "type": 3,
      "api": "csp_XBPQ",
      "searchable": 1,
      "quickSearch": 1,
      "filterable": 1,
      "ext": "./lib/臭蛋影视.json"
    },
    {
      "key": "csp_米爱",
      "name": "🅱️米爱影视|T追剧",
      "type": 3,
      "api": "csp_XBPQ",
      "searchable": 1,
      "quickSearch": 1,
      "filterable": 1,
      "ext": "./lib/米爱影视.json"
    },
    {
      "key": "csp_熊猫",
      "name": "🅱️熊猫影视|T追剧",
      "type": 3,
      "api": "csp_XBPQ",
      "searchable": 1,
      "quickSearch": 1,
      "filterable": 1,
      "ext": "./lib/熊猫影视.json"
    },
    {
      "key": "csp_非凡",
      "name": "🅱️非凡资源|T追剧",
      "type": 3,
      "api": "csp_XBPQ",
      "searchable": 1,
      "quickSearch": 1,
      "filterable": 1,
      "ext": "./lib/非凡资源网.json"
    },
    {
      "key": "csp_量子",
      "name": "🅱️量子资源|T追剧",
      "type": 3,
      "api": "csp_XBPQ",
      "searchable": 1,
      "quickSearch": 1,
      "filterable": 1,
      "ext": "./lib/量子资源网.json"
    },
    {
      "key": "360",
      "name": "🅱️360 官源|T追剧",
      "type": 3,
      "api": "csp_360",
      "searchable": 1,
      "filterable": 1,
      "changeable": 1
    },
    {
      "key": "奇艺",
      "name": "🅱️奇艺官源|T追剧",
      "type": 3,
      "api": "csp_IQIYI",
      "searchable": 1,
      "filterable": 1,
      "changeable": 1
    },
    {
      "key": "腾讯",
      "name": "🅱️腾讯官源|T追剧",
      "type": 3,
      "api": "csp_QQ",
      "searchable": 1,
      "filterable": 1,
      "changeable": 1
    },
    {
      "key": "芒果",
      "name": "🅱️芒果官源|T追剧",
      "type": 3,
      "api": "csp_MGTV",
      "searchable": 1,
      "filterable": 1,
      "changeable": 1
    },
    {
      "key": "优酷",
      "name": "🅱️优酷官源|T追剧",
      "type": 3,
      "api": "csp_YOUKU",
      "searchable": 1,
      "filterable": 1,
      "changeable": 1
    },
    {
      "key": "荐片",
      "name": "🅱️荐片秒播|T追剧",
      "type": 3,
      "api": "csp_RinHome",
      "searchable": 1,
      "quickSearch": 1,
      "filterable": 0
    },
    {
      "key": "4KHD",
      "name": "🅱️4khd磁力|T追剧",
      "type": 3,
      "api": "csp_XPathAli",
      "searchable": 1,
      "quickSearch": 1,
      "filterable": 0,
      "ext": "./lib/4khdr磁力.json"
    },
    {
      "key": "音范",
      "name": "🅱️音范磁力|T追剧",
      "type": 3,
      "api": "csp_XPath",
      "searchable": 1,
      "quickSearch": 1,
      "filterable": 0,
      "ext": "./lib/音范磁力.json"
    },
    {
      "key": "蚂蚁",
      "name": "🅱️蚂蚁磁力|T追剧",
      "type": 3,
      "api": "csp_XPathAli",
      "searchable": 1,
      "quickSearch": 1,
      "filterable": 0,
      "ext": "./lib/蚂蚁磁力.json"
    },
    {
      "key": "push_agent",
      "name": "🅱️辅助推送|T功能",
      "type": 3,
      "api": "csp_Push",
      "searchable": 0,
      "quickSearch": 0,
      "filterable": 0
    },
    {
      "key": "Gitcafe",
      "name": "🔍阿里|纸条搜",
      "type": 3,
      "api": "csp_Paper",
      "searchable": 1,
      "quickSearch": 1,
      "filterable": 1,
      "ext": "b4242bebe6f144d3aa6a2cd842ac65aa"
    },
    {
      "key": "PanSou",
      "name": "🔍阿里|盘搜索",
      "type": 3,
      "api": "csp_PanSou",
      "searchable": 1,
      "quickSearch": 1,
      "filterable": 1,
      "ext": "b4242bebe6f144d3aa6a2cd842ac65aa"
    },
    {
      "key": "UpYun",
      "name": "🔍阿里|优盘搜",
      "type": 3,
      "api": "csp_UpYun",
      "searchable": 1,
      "quickSearch": 1,
      "filterable": 1,
      "ext": "b4242bebe6f144d3aa6a2cd842ac65aa"
    },
    {
      "key": "Zhaozy",
      "name": "🔍阿里|找资源",
      "type": 3,
      "api": "csp_Zhaozy",
      "searchable": 1,
      "quickSearch": 1,
      "filterable": 1,
      "ext": "b4242bebe6f144d3aa6a2cd842ac65aa$$$ygfxz$$$66666"
    },
    {
      "key": "cctv",
      "name": "📺央视｜大全",
      "type": 3,
      "api": "csp_CCTV",
      "searchable": 0,
      "filterable": 0,
      "ext": "./lib/央视大全.json"
    },
    {
      "key": "py_cctv_少儿",
      "name": "📺央视｜少儿",
      "type": 3,
      "api": "py_cctv_full",
      "searchable": 0,
      "quickSearch": 0,
      "filterable": 1,
      "ext": "./lib/py_央视少儿.py"
    },
    {
      "key": "央视经典",
      "name": "📺央视｜经典",
      "type": 3,
      "api": "csp_Bili",
      "searchable": 0,
      "quickSearch": 1,
      "filterable": 1,
      "ext": "./lib/哔哩经典.json"
    },
    {
      "key": "py_cctv_企鹅",
      "name": "📺体育｜直播",
      "type": 3,
      "api": "py_cctv_full",
      "searchable": 0,
      "quickSearch": 0,
      "filterable": 1,
      "ext": "./lib/py_企鹅体育.py"
    },
    {
      "key": "mtv_xp_动漫巴士",
      "name": "🐼动漫丨巴士",
      "type": 3,
      "api": "csp_XBPQ",
      "searchable": 1,
      "quickSearch": 1,
      "filterable": 1,
      "ext": "./lib/动漫巴士.json"
    },
    {
      "key": "mtv_xp_维奇动漫",
      "name": "🐼维奇丨动漫",
      "type": 3,
      "api": "csp_XBPQ",
      "searchable": 1,
      "quickSearch": 1,
      "filterable": 1,
      "ext": "./lib/维奇动漫.json"
    },
    {
      "key": "csp_Yj1211",
      "name": "🎧综合｜直播",
      "type": 3,
      "api": "csp_Yj1211",
      "playerType": 1,
      "searchable": 0,
      "quickSearch": 0,
      "filterable": 0
    },
    {
      "key": "哔哩音乐",
      "name": "🎧哔哩｜音乐",
      "type": 3,
      "api": "csp_Bili",
      "searchable": 0,
      "quickSearch": 1,
      "filterable": 1,
      "ext": "./lib/哔哩音乐.json"
    },
    {
      "key": "小灯塔科学",
      "name": "🌏小灯塔科学",
      "type": 3,
      "api": "csp_Bili",
      "searchable": 0,
      "quickSearch": 1,
      "filterable": 1,
      "ext": "./lib/小灯塔科学.json"
    },
    {
      "key": "小灯塔地理",
      "name": "🌏小灯塔地理",
      "type": 3,
      "api": "csp_Bili",
      "searchable": 0,
      "quickSearch": 1,
      "filterable": 1,
      "ext": "./lib/小灯塔地理.json"
    },
    {
      "key": "小灯塔百科",
      "name": "🌏小灯塔百科",
      "type": 3,
      "api": "csp_Bili",
      "searchable": 0,
      "quickSearch": 1,
      "filterable": 1,
      "ext": "./lib/小灯塔百科.json"
    },
    {
      "key": "小灯塔国学",
      "name": "🌏小灯塔国学",
      "type": 3,
      "api": "csp_Bili",
      "searchable": 0,
      "quickSearch": 1,
      "filterable": 1,
      "ext": "./lib/小灯塔国学.json"
    },
    {
      "key": "幼儿教育",
      "name": "🅱幼小｜衔接",
      "type": 3,
      "api": "csp_Bili",
      "searchable": 0,
      "quickSearch": 1,
      "filterable": 1,
      "ext": "./lib/哔哩幼小.json"
    },
    {
      "key": "哔哩小学",
      "name": "🅱小学｜教育",
      "type": 3,
      "api": "csp_Bili",
      "searchable": 0,
      "quickSearch": 1,
      "filterable": 1,
      "ext": "./lib/哔哩小学.json"
    },
    {
      "key": "哔哩初中",
      "name": "🅱初中｜教育",
      "type": 3,
      "api": "csp_Bili",
      "searchable": 0,
      "quickSearch": 1,
      "filterable": 1,
      "ext": "./lib/哔哩初中.json"
    },
    {
      "key": "哔哩高中",
      "name": "🅱高中｜教育",
      "type": 3,
      "api": "csp_Bili",
      "searchable": 0,
      "quickSearch": 1,
      "filterable": 1,
      "ext": "./lib/哔哩高中.json"
    },
    {
      "key": "兴趣健身",
      "name": "🅱兴趣｜健身",
      "type": 3,
      "api": "csp_Bili",
      "searchable": 0,
      "quickSearch": 1,
      "filterable": 1,
      "ext": "./lib/哔哩健身.json"
    },
    {
      "key": "相声小品",
      "name": "🅱相声｜小品",
      "type": 3,
      "api": "csp_Bili",
      "searchable": 0,
      "quickSearch": 1,
      "filterable": 1,
      "ext": "./lib/哔哩相声.json"
    },
    {
      "key": "天下美食",
      "name": "🅱天下｜美食",
      "type": 3,
      "api": "csp_Bili",
      "searchable": 0,
      "quickSearch": 1,
      "filterable": 1,
      "ext": "./lib/哔哩美食.json"
    },
    {
      "key": "戏曲杂苑",
      "name": "🅱戏曲｜杂苑",
      "type": 3,
      "api": "csp_Bili",
      "searchable": 0,
      "quickSearch": 1,
      "filterable": 1,
      "ext": "./lib/哔哩戏曲.json"
    }
  ],
  "parses": [
    {
      "name": "超级并发",
      "type": 3,
      "url": "Demo"
    },
    {
      "name": "超级嗅探",
      "type": 3,
      "url": "Web"
    },
    {
      "name": "观音解析",
      "type": 1,
      "url": "http://27.124.4.42:4567/jhjson/ceshi.php?url=",
      "User-Agent": "okhttp/3.12.0",
      "ext": {
        "flag": [
          "qq",
          "腾讯",
          "qiyi",
          "爱奇艺",
          "奇艺",
          "youku",
          "优酷",
          "sohu",
          "搜狐",
          "letv",
          "乐视",
          "yk",
          "mgtv",
          "芒果",
          "CL4K",
          "renrenmi",
          "ltnb",
          "bilibili",
          "1905",
          "xigua"
        ]
      }
    },
    {
      "name": "寿眉解析",
      "url": "http://180.102.25.145:66/api/jsonindex.php/?key=vd4Kpwz3WxUEg16hmf&url=",
      "type": 1,
      "ext": {
        "flag": [
          "qiyi",
          "imgo",
          "爱奇艺",
          "奇艺",
          "qq",
          "腾讯",
          "youku",
          "优酷",
          "pptv",
          "PPTV",
          "letv",
          "乐视",
          "leshi",
          "bilibili",
          "哔哩哔哩",
          "哔哩",
          "mgtv",
          "芒果",
          "sohu",
          "xigua",
          "fun",
          "风行"
        ],
        "header": {
          "User-Agent": "LuaSocket 3.0-rc1"
        }
      },
      "header": {
        "User-Agent": "LuaSocket 3.0-rc1"
      }
    },
    {
      "name": "冰岛解析",
      "url": "https://jx.255tv.tk/api/?key=S6kQHaE1gVEY5KAv8L&url=",
      "type": 1,
      "ext": {
        "flag": [
          "qiyi",
          "imgo",
          "爱奇艺",
          "奇艺",
          "qq",
          "腾讯",
          "youku",
          "优酷",
          "pptv",
          "PPTV",
          "letv",
          "乐视",
          "leshi",
          "bilibili",
          "哔哩哔哩",
          "哔哩",
          "mgtv",
          "芒果",
          "sohu",
          "xigua",
          "fun",
          "风行"
        ],
        "header": {
          "User-Agent": "LuaSocket 3.0-rc1"
        }
      },
      "header": {
        "User-Agent": "LuaSocket 3.0-rc1"
      }
    },
    {
      "name": "昔归解析",
      "url": "https://api.itcxo.cn/api/jsonindex.php/?key=zfFfINCGuFDFqzc24L&url=",
      "type": 1,
      "ext": {
        "flag": [
          "qiyi",
          "imgo",
          "爱奇艺",
          "奇艺",
          "qq",
          "腾讯",
          "youku",
          "优酷",
          "pptv",
          "PPTV",
          "letv",
          "乐视",
          "leshi",
          "bilibili",
          "哔哩哔哩",
          "哔哩",
          "mgtv",
          "芒果",
          "sohu",
          "xigua",
          "fun",
          "风行"
        ],
        "header": {
          "User-Agent": "LuaSocket 3.0-rc1"
        }
      },
      "header": {
        "User-Agent": "LuaSocket 3.0-rc1"
      }
    },
    {
      "name": "白茶嗅探",
      "url": "https://jx.bozrc.com:4433/player/?url=",
      "showType": 1
    },
    {
      "name": "滇红嗅探",
      "type": 0,
      "url": "https://jx.777jiexi.com/player/?url="
    },
    {
      "name": "毛尖嗅探",
      "type": 0,
      "url": "https://jx.bozrc.com:4433/player/?url=",
      "ext": {
        "header": {
          "User-Agent": "okhttp/4.1.0"
        },
        "flag": [
          "qq",
          "腾讯",
          "qiyi",
          "爱奇艺",
          "奇艺",
          "youku",
          "优酷",
          "mgtv",
          "芒果",
          "letv",
          "leshi",
          "LS",
          "乐视",
          "pptv",
          "PPTV",
          "sohu",
          "bilibili",
          "哔哩哔哩",
          "哔哩"
        ]
      }
    },
    {
      "name": "青柑嗅探",
      "type": 0,
      "url": "http://www.miaoys.cc/vip/?url="
    },
    {
      "name": "岩茶嗅探",
      "type": 0,
      "url": "https://jx.ppjbk.cn/?url=",
      "ext": {
        "header": {
          "User-Agent": "Mozilla/5.0"
        }
      }
    },
    {
      "name": "小种嗅探",
      "type": 0,
      "url": "https://jx.jsonplayer.com/player/?url="
    },
    {
      "name": "普洱嗅探",
      "url": "https://jx.bozrc.com:4433/player/?url=",
      "type": 0,
      "ext": {
        "flag": [
          "qiyi",
          "imgo",
          "爱奇艺",
          "奇艺",
          "qq",
          "腾讯",
          "youku",
          "优酷",
          "pptv",
          "PPTV",
          "letv",
          "乐视",
          "leshi",
          "bilibili",
          "哔哩哔哩",
          "哔哩",
          "mgtv",
          "芒果",
          "sohu",
          "xigua",
          "fun",
          "风行"
        ],
        "header": {
          "User-Agent": "Mozilla/5.0"
        }
      }
    },
    {
      "name": "红茶嗅探",
      "type": 0,
      "url": "https://jx.4kdv.com/?url=",
      "ext": {
        "header": {
          "User-Agent": "okhttp/4.1.0"
        },
        "flag": [
          "qq",
          "腾讯",
          "qiyi",
          "爱奇艺",
          "奇艺",
          "youku",
          "优酷",
          "mgtv",
          "芒果",
          "letv",
          "leshi",
          "LS",
          "乐视",
          "pptv",
          "PPTV",
          "sohu",
          "bilibili",
          "哔哩哔哩",
          "哔哩"
        ]
      }
    }
  ],
  "flags": [
    "youku",
    "qq",
    "QQ",
    "iqiyi",
    "qiyi",
    "letv",
    "sohu",
    "tudou",
    "pptv",
    "PPTV",
    "mgtv",
    "ltnb",
    "rx",
    "CL4K",
    "xfyun",
    "wuduzy",
    "wasu",
    "bilibili",
    "renrenmi",
    "xmm",
    "xigua",
    "m1905 ",
    "funshion ",
    "duoduozy",
    "xinluan",
    "ddzy",
    "tgqp",
    "tkqp",
    "XRJX",
    "优酷",
    "芒果",
    "腾讯",
    "爱奇艺",
    "奇艺",
    "哔哩哔哩",
    "哔哩"
  ],
  "ijk": [
    {
      "group": "软解码",
      "options": [
        {
          "category": 4,
          "name": "opensles",
          "value": "0"
        },
        {
          "category": 1,
          "name": "fflags",
          "value": "fastseek"
        },
        {
          "category": 4,
          "name": "framedrop",
          "value": "1"
        },
        {
          "category": 4,
          "name": "enable-accurate-seek",
          "value": "0"
        },
        {
          "category": 4,
          "name": "start-on-prepared",
          "value": "1"
        },
        {
          "category": 1,
          "name": "http-detect-range-support",
          "value": "0"
        },
        {
          "category": 4,
          "name": "mediacodec-handle-resolution-change",
          "value": "0"
        },
        {
          "category": 2,
          "name": "skip_loop_filter",
          "value": "48"
        },
        {
          "category": 4,
          "name": "reconnect",
          "value": "1"
        },
        {
          "category": 4,
          "name": "overlay-format",
          "value": "842225234"
        },
        {
          "category": 4,
          "name": "mediacodec",
          "value": "0"
        },
        {
          "category": 4,
          "name": "mediacodec-auto-rotate",
          "value": "0"
        },
        {
          "category": 4,
          "name": "soundtouch",
          "value": "1"
        },
        {
          "category": 4,
          "name": "mediacodec-hevc",
          "value": "0"
        },
        {
          "category": 1,
          "name": "dns_cache_timeout",
          "value": "600000000"
        }
      ]
    },
    {
      "group": "硬解码",
      "options": [
        {
          "category": 4,
          "name": "opensles",
          "value": "0"
        },
        {
          "category": 1,
          "name": "fflags",
          "value": "fastseek"
        },
        {
          "category": 4,
          "name": "framedrop",
          "value": "1"
        },
        {
          "category": 4,
          "name": "enable-accurate-seek",
          "value": "0"
        },
        {
          "category": 4,
          "name": "start-on-prepared",
          "value": "1"
        },
        {
          "category": 1,
          "name": "http-detect-range-support",
          "value": "0"
        },
        {
          "category": 4,
          "name": "mediacodec-handle-resolution-change",
          "value": "1"
        },
        {
          "category": 2,
          "name": "skip_loop_filter",
          "value": "48"
        },
        {
          "category": 4,
          "name": "reconnect",
          "value": "1"
        },
        {
          "category": 4,
          "name": "overlay-format",
          "value": "842225234"
        },
        {
          "category": 4,
          "name": "mediacodec",
          "value": "1"
        },
        {
          "category": 4,
          "name": "mediacodec-auto-rotate",
          "value": "1"
        },
        {
          "category": 4,
          "name": "soundtouch",
          "value": "1"
        },
        {
          "category": 4,
          "name": "mediacodec-hevc",
          "value": "1"
        },
        {
          "category": 1,
          "name": "dns_cache_timeout",
          "value": "600000000"
        }
      ]
    }
  ],
  "rules": [
    {
      "name": "米来",
      "hosts": [
        "zy.behds.cn"
      ],
      "regex": [
        "#EXTINF"
      ]
    },
    {
      "name": "爱酷",
      "hosts": [
        "cdn.json.icu"
      ],
      "regex": [
        "#EXTINF:1.000000,[\\s\\S]*?#EXT-X-ENDLIST"
      ]
    },
    {
      "name": "量子广告",
      "hosts": [
        "vip.lz",
        "hd.lz"
      ],
      "regex": [
        "#EXT-X-DISCONTINUITY\\r*\\n*#EXTINF:6.433333,[\\s\\S]*?#EXT-X-DISCONTINUITY",
        "#EXTINF.*?\\s+.*?1o.*?\\.ts\\s+"
      ]
    },
    {
      "name": "非凡广告",
      "hosts": [
        "vip.ffzy",
        "hd.ffzy"
      ],
      "regex": [
        "#EXT-X-DISCONTINUITY\\r*\\n*#EXTINF:6.666667,[\\s\\S]*?#EXT-X-DISCONTINUITY",
        "#EXTINF.*?\\s+.*?1o.*?\\.ts\\s+"
      ]
    },
    {
      "name": "火山嗅探",
      "hosts": [
        "huoshan.com"
      ],
      "regex": [
        "item_id="
      ]
    },
    {
      "name": "抖音嗅探",
      "hosts": [
        "douyin.com"
      ],
      "regex": [
        "is_play_url="
      ]
    }
  ],
  "ads": [
    "mimg.0c1q0l.cn",
    "www.googletagmanager.com",
    "www.google-analytics.com",
    "mc.usihnbcq.cn",
    "mg.g1mm3d.cn",
    "mscs.svaeuzh.cn",
    "cnzz.hhttm.top",
    "tp.vinuxhome.com",
    "cnzz.mmstat.com",
    "www.baihuillq.com",
    "s23.cnzz.com",
    "z3.cnzz.com",
    "c.cnzz.com",
    "stj.v1vo.top",
    "z12.cnzz.com",
    "img.mosflower.cn",
    "tips.gamevvip.com",
    "ehwe.yhdtns.com",
    "xdn.cqqc3.com",
    "www.jixunkyy.cn",
    "sp.chemacid.cn",
    "hm.baidu.com",
    "s9.cnzz.com",
    "z6.cnzz.com",
    "um.cavuc.com",
    "mav.mavuz.com",
    "wofwk.aoidf3.com",
    "z5.cnzz.com",
    "xc.hubeijieshikj.cn",
    "tj.tianwenhu.com",
    "xg.gars57.cn",
    "k.jinxiuzhilv.com",
    "cdn.bootcss.com",
    "ppl.xunzhuo123.com",
    "xomk.jiangjunmh.top",
    "img.xunzhuo123.com",
    "z1.cnzz.com",
    "s13.cnzz.com",
    "xg.huataisangao.cn",
    "z7.cnzz.com",
    "xg.huataisangao.cn",
    "z2.cnzz.com",
    "s96.cnzz.com",
    "q11.cnzz.com",
    "thy.dacedsfa.cn",
    "xg.whsbpw.cn",
    "s19.cnzz.com",
    "z8.cnzz.com",
    "s4.cnzz.com",
    "f5w.as12df.top",
    "ae01.alicdn.com",
    "www.92424.cn",
    "k.wudejia.com",
    "vivovip.mmszxc.top",
    "qiu.xixiqiu.com",
    "cdnjs.hnfenxun.com",
    "cms.qdwght.com"
  ]
}