﻿{
  "urls": [
    {
      "url": "clan://localhost/风言锋语/影视/99.json",
      "name": " 🍔风言锋语|影视"
    },

    {
      "url": "clan://localhost/风言锋语/阿里/55.json",
      "name": " 🐝风言锋语|阿里4K"
    },
    {
      "url": "clan://localhost/风言锋语/少儿/33.json",
      "name": " 🍟风言锋语|少儿"
    }, 
   
    {
      "url": "clan://localhost/风言锋语/荷城茶秀/荷城茶秀.json",
      "name": "🍵荷城茶秀(有跑马灯)"
    },
    {
      "url": "clan://localhost/风言锋语/运输车/ysc.json",
      "name": "🚚运输车(有跑马灯)"
    },
    
    {
      "url": "clan://localhost/风言锋语/肥猫/feim.json",
      "name": " 🐼肥猫Panda"
    },
    {
      "url": "clan://localhost/风言锋语/饭太硬/fty.json",
      "name": " 🍚饭太硬"
    },
    {
      "url": "clan://localhost/风言锋语/菜妮丝/cns.json",
      "name": "🍄菜妮丝"
    },
    {
      "url": "clan://localhost/风言锋语/小米/DEMO.json",
      "name": "🌾小米"
    },
    {
      "url": "clan://localhost/风言锋语/少儿益智/srpd.json",
      "name": "🤹🏼少儿益智"
    },
   
    {
      "url": "clan://localhost/风言锋语/高天流云/gtly.json",
      "name": "🏔高天流云"
    },
    {
      "url": "clan://localhost/风言锋语/香雅情/XYQTVBox.json",
      "name": "🌻香雅情"
    },
    {
      "url": "clan://localhost/风言锋语/18/88.json",
      "name": "🔞18+"
    },
    {
      "url": "clan://localhost/风言锋语/夜猫子/ysc.json",
      "name": "😻夜猫子（跑马灯）"
    }
  ]
}